"occurrenceID","scientificName","scientificNameID","eventDate","country","locality","fieldNumber","decimalLatitude","decimalLongitude","coordinateUncertaintyInMeters","geodeticDatum","occurrenceStatus","basisOfRecord"
"van-etten-2002:occurrence:248401ee6ab4590e1c04997fc86858ff","Arius latiscutatus","urn:lsid:marinespecies.org:taxname:275576","2002-01-27/2002-03-18","Mauritania","Baie d'Aouatif, Francesc flat","F","19.8765081","-16.2864898","50","WGS84","present","HumanObservation"
"van-etten-2002:occurrence:2fc1ed7cb6a42aab9b5c2c258ea8d6ad","Atherina","urn:lsid:marinespecies.org:taxname:125659","2002-01-27/2002-03-18","Mauritania","Baie d'Aouatif, Arie flat","A","19.8839","-16.2790723","50","WGS84","present","HumanObservation"
"van-etten-2002:occurrence:e9019518df130a6f81242258d31c7243","Atherina","urn:lsid:marinespecies.org:taxname:125659","2002-01-27/2002-03-18","Mauritania","Baie d'Aouatif, Francesc flat","F","19.8765081","-16.2864898","50","WGS84","present","HumanObservation"
"van-etten-2002:occurrence:2d4c4b08ecfe31a2611ad9d9cee5cf0a","Bathysolea polli","urn:lsid:marinespecies.org:taxname:274297","2002-01-27/2002-03-18","Mauritania","Baie d'Aouatif, Arie flat","A","19.8839","-16.2790723","50","WGS84","present","HumanObservation"
"van-etten-2002:occurrence:e800bf142cc2e0ce8e87b2a69e69f97b","Bathysolea polli","urn:lsid:marinespecies.org:taxname:274297","2002-01-27/2002-03-18","Mauritania","Baie d'Aouatif, Francesc flat","F","19.8765081","-16.2864898","50","WGS84","present","HumanObservation"
"van-etten-2002:occurrence:ed4e7ac0d444827b54062d5a5b98bc0d","Boops boops","urn:lsid:marinespecies.org:taxname:127047","2002-01-27/2002-03-18","Mauritania","Baie d'Aouatif, Arie flat","A","19.8839","-16.2790723","50","WGS84","present","HumanObservation"
"van-etten-2002:occurrence:71e0ff202b19f9d610d8feb6a40260e2","Dicentrarchus punctatus","urn:lsid:marinespecies.org:taxname:126976","2002-01-27/2002-03-18","Mauritania","Baie d'Aouatif, Arie flat","A","19.8839","-16.2790723","50","WGS84","present","HumanObservation"
"van-etten-2002:occurrence:14a370c3856adda9b524d4b86e89be56","Dicentrarchus punctatus","urn:lsid:marinespecies.org:taxname:126976","2002-01-27/2002-03-18","Mauritania","Baie d'Aouatif, Francesc flat","F","19.8765081","-16.2864898","50","WGS84","present","HumanObservation"
"van-etten-2002:occurrence:3e861e120684398ca084a65ec436d494","Diplodus sargus","urn:lsid:marinespecies.org:taxname:127053","2002-01-27/2002-03-18","Mauritania","Baie d'Aouatif, Arie flat","A","19.8839","-16.2790723","50","WGS84","present","HumanObservation"
"van-etten-2002:occurrence:a85469f4f3c4a7a110770efeb7a81eb3","Diplodus sargus","urn:lsid:marinespecies.org:taxname:127053","2002-01-27/2002-03-18","Mauritania","Baie d'Aouatif, Francesc flat","F","19.8765081","-16.2864898","50","WGS84","present","HumanObservation"
"van-etten-2002:occurrence:c4f6844401410cfdcebf9dd52833209d","Ephippion guttiferum","urn:lsid:marinespecies.org:taxname:403504","2002-01-27/2002-03-18","Mauritania","Baie d'Aouatif, Francesc flat","F","19.8765081","-16.2864898","50","WGS84","present","HumanObservation"
"van-etten-2002:occurrence:c9c5bb4c2bbd871c6e216aa0f17a60f5","Epinephelus aeneus","urn:lsid:marinespecies.org:taxname:127032","2002-01-27/2002-03-18","Mauritania","Baie d'Aouatif, Francesc flat","F","19.8765081","-16.2864898","50","WGS84","present","HumanObservation"
"van-etten-2002:occurrence:3c73f9ca2b7a449f1de793a644a007f5","Ethmalosa fimbriata","urn:lsid:marinespecies.org:taxname:280725","2002-01-27/2002-03-18","Mauritania","Baie d'Aouatif, Arie flat","A","19.8839","-16.2790723","50","WGS84","present","HumanObservation"
"van-etten-2002:occurrence:7c08dec8ee9c61b66396e54ebb738746","Ethmalosa fimbriata","urn:lsid:marinespecies.org:taxname:280725","2002-01-27/2002-03-18","Mauritania","Baie d'Aouatif, Francesc flat","F","19.8765081","-16.2864898","50","WGS84","present","HumanObservation"
"van-etten-2002:occurrence:44f8706956b92d0e2b8cbc389ec601a4","Gobius microps","urn:lsid:marinespecies.org:taxname:151516","2002-01-27/2002-03-18","Mauritania","Baie d'Aouatif, Arie flat","A","19.8839","-16.2790723","50","WGS84","present","HumanObservation"
"van-etten-2002:occurrence:b6a1cba480d6cdda69d7a803bc2c6cb9","Gobius microps","urn:lsid:marinespecies.org:taxname:151516","2002-01-27/2002-03-18","Mauritania","Baie d'Aouatif, Francesc flat","F","19.8765081","-16.2864898","50","WGS84","present","HumanObservation"
"van-etten-2002:occurrence:a39ad6d144315db1c72f1560ba4f85ba","Gobius minutus","urn:lsid:marinespecies.org:taxname:151511","2002-01-27/2002-03-18","Mauritania","Baie d'Aouatif, Arie flat","A","19.8839","-16.2790723","50","WGS84","present","HumanObservation"
"van-etten-2002:occurrence:ccd2c01c453fd76a2e292f33e360c28b","Gobius minutus","urn:lsid:marinespecies.org:taxname:151511","2002-01-27/2002-03-18","Mauritania","Baie d'Aouatif, Francesc flat","F","19.8765081","-16.2864898","50","WGS84","present","HumanObservation"
"van-etten-2002:occurrence:6eae7af96fc2c816cbf25629a6e76711","Hippocampus hippocampus","urn:lsid:marinespecies.org:taxname:127380","2002-01-27/2002-03-18","Mauritania","Baie d'Aouatif, Arie flat","A","19.8839","-16.2790723","50","WGS84","present","HumanObservation"
"van-etten-2002:occurrence:8eee0a52f94e93f6a878ce312708478d","Hippocampus hippocampus","urn:lsid:marinespecies.org:taxname:127380","2002-01-27/2002-03-18","Mauritania","Baie d'Aouatif, Francesc flat","F","19.8765081","-16.2864898","50","WGS84","present","HumanObservation"
"van-etten-2002:occurrence:658058803618c5618c076bf8d40a71b6","Liza falcipinnis","urn:lsid:marinespecies.org:taxname:273639","2002-01-27/2002-03-18","Mauritania","Baie d'Aouatif, Arie flat","A","19.8839","-16.2790723","50","WGS84","present","HumanObservation"
"van-etten-2002:occurrence:ddd48687ad129dca9e6293ecd2cf1b05","Liza falcipinnis","urn:lsid:marinespecies.org:taxname:273639","2002-01-27/2002-03-18","Mauritania","Baie d'Aouatif, Francesc flat","F","19.8765081","-16.2864898","50","WGS84","present","HumanObservation"
"van-etten-2002:occurrence:f067d7abecb50b4bdd580a2a0ccdaab4","Loligo","urn:lsid:marinespecies.org:taxname:138139","2002-01-27/2002-03-18","Mauritania","Baie d'Aouatif, Arie flat","A","19.8839","-16.2790723","50","WGS84","present","HumanObservation"
"van-etten-2002:occurrence:beaf72ceb442edc2738bfaaf7b1b1506","Mugil cephalus","urn:lsid:marinespecies.org:taxname:126983","2002-01-27/2002-03-18","Mauritania","Baie d'Aouatif, Arie flat","A","19.8839","-16.2790723","50","WGS84","present","HumanObservation"
"van-etten-2002:occurrence:a23cbc27ce76443ac90996e3197ea93b","Mugil cephalus","urn:lsid:marinespecies.org:taxname:126983","2002-01-27/2002-03-18","Mauritania","Baie d'Aouatif, Francesc flat","F","19.8765081","-16.2864898","50","WGS84","present","HumanObservation"
"van-etten-2002:occurrence:81bed0ae84ea37f8372ca199a04669e7","Eucinostomus melanopterus","urn:lsid:marinespecies.org:taxname:276423","2002-01-27/2002-03-18","Mauritania","Baie d'Aouatif, Arie flat","A","19.8839","-16.2790723","50","WGS84","present","HumanObservation"
"van-etten-2002:occurrence:bc3016f26056cfdc78ff0342794e3668","Eucinostomus melanopterus","urn:lsid:marinespecies.org:taxname:276423","2002-01-27/2002-03-18","Mauritania","Baie d'Aouatif, Francesc flat","F","19.8765081","-16.2864898","50","WGS84","present","HumanObservation"
"van-etten-2002:occurrence:bebd3872a56498f70ca37b5a914cdaf0","Sardinella","urn:lsid:marinespecies.org:taxname:125721","2002-01-27/2002-03-18","Mauritania","Baie d'Aouatif, Arie flat","A","19.8839","-16.2790723","50","WGS84","present","HumanObservation"
"van-etten-2002:occurrence:3dd1c4bb4acd70677bf80b8277885f6b","Sardinella aurita","urn:lsid:marinespecies.org:taxname:126422","2002-01-27/2002-03-18","Mauritania","Baie d'Aouatif, Arie flat","A","19.8839","-16.2790723","50","WGS84","present","HumanObservation"
"van-etten-2002:occurrence:bb307c91d4688c4e985e4cae33033823","Sardinella aurita","urn:lsid:marinespecies.org:taxname:126422","2002-01-27/2002-03-18","Mauritania","Baie d'Aouatif, Francesc flat","F","19.8765081","-16.2864898","50","WGS84","present","HumanObservation"
"van-etten-2002:occurrence:83db6a1cbde6cb979a0cace5f45b5d73","Sepia officinalis","urn:lsid:marinespecies.org:taxname:141444","2002-01-27/2002-03-18","Mauritania","Baie d'Aouatif, Arie flat","A","19.8839","-16.2790723","50","WGS84","present","HumanObservation"
"van-etten-2002:occurrence:cd2d5d6fb0ea7a9aa1d5fb0305e79f16","Sepia officinalis","urn:lsid:marinespecies.org:taxname:141444","2002-01-27/2002-03-18","Mauritania","Baie d'Aouatif, Francesc flat","F","19.8765081","-16.2864898","50","WGS84","present","HumanObservation"
"van-etten-2002:occurrence:3254856f6914dd178c99f78ab94f17d1","Solea senegalensis","urn:lsid:marinespecies.org:taxname:127159","2002-01-27/2002-03-18","Mauritania","Baie d'Aouatif, Arie flat","A","19.8839","-16.2790723","50","WGS84","present","HumanObservation"
"van-etten-2002:occurrence:1e249f2fb2fbe66c0030461fc7113df2","Solea senegalensis","urn:lsid:marinespecies.org:taxname:127159","2002-01-27/2002-03-18","Mauritania","Baie d'Aouatif, Francesc flat","F","19.8765081","-16.2864898","50","WGS84","present","HumanObservation"
"van-etten-2002:occurrence:ad7f9996e6ffe4365fb4c116c7d94bf4","Solea vulgaris","urn:lsid:marinespecies.org:taxname:154712","2002-01-27/2002-03-18","Mauritania","Baie d'Aouatif, Francesc flat","F","19.8765081","-16.2864898","50","WGS84","present","HumanObservation"
"van-etten-2002:occurrence:37e3f69bf7b00f1924cdc91e1be831f7","Stephanolepis hispidus","urn:lsid:marinespecies.org:taxname:127409","2002-01-27/2002-03-18","Mauritania","Baie d'Aouatif, Francesc flat","F","19.8765081","-16.2864898","50","WGS84","present","HumanObservation"
"van-etten-2002:occurrence:06b78db4dbadda59a443caabcf405daa","Syngnathus kaupi","urn:lsid:marinespecies.org:taxname:306894","2002-01-27/2002-03-18","Mauritania","Baie d'Aouatif, Arie flat","A","19.8839","-16.2790723","50","WGS84","present","HumanObservation"
"van-etten-2002:occurrence:de7aeee0b4dea273cfbcd810f2246bbc","Syngnathus kaupi","urn:lsid:marinespecies.org:taxname:306894","2002-01-27/2002-03-18","Mauritania","Baie d'Aouatif, Francesc flat","F","19.8765081","-16.2864898","50","WGS84","present","HumanObservation"
"van-etten-2002:occurrence:ab43052656f2ccbd8ffadb8b23f6eabe","Syngnathus typhle","urn:lsid:marinespecies.org:taxname:127393","2002-01-27/2002-03-18","Mauritania","Baie d'Aouatif, Arie flat","A","19.8839","-16.2790723","50","WGS84","present","HumanObservation"
"van-etten-2002:occurrence:484320657b8df042bd4eaf9b56846a6b","Syngnathus typhle","urn:lsid:marinespecies.org:taxname:127393","2002-01-27/2002-03-18","Mauritania","Baie d'Aouatif, Francesc flat","F","19.8765081","-16.2864898","50","WGS84","present","HumanObservation"
"van-etten-2002:occurrence:5f84da87870aa548a104ed1e74074ee6","Tilapia","urn:lsid:marinespecies.org:taxname:271096","2002-01-27/2002-03-18","Mauritania","Baie d'Aouatif, Arie flat","A","19.8839","-16.2790723","50","WGS84","present","HumanObservation"
"van-etten-2002:occurrence:79093d0a51033a68b2c73a45a33d6296","Tilapia","urn:lsid:marinespecies.org:taxname:271096","2002-01-27/2002-03-18","Mauritania","Baie d'Aouatif, Francesc flat","F","19.8765081","-16.2864898","50","WGS84","present","HumanObservation"
