<?xml version="1.0" encoding="UTF-8"?>
<archive xmlns="http://rs.tdwg.org/dwc/text/" xmlns:xsi="http://www.w3.org/2001/XMLSchema-instance" xmlns:xs="http://www.w3.org/2001/XMLSchema" xsi:schemaLocation="http://rs.tdwg.org/dwc/text/ http://rs.tdwg.org/dwc/text/tdwg_dwc_text.xsd">
  <core rowType="http://rs.tdwg.org/dwc/terms/Occurrence" ignoreHeaderLines="1">
    <files>
      <location>occurrence.csv</location>
    </files>
    <field index="0" term="http://rs.tdwg.org/dwc/terms/occurrenceID"/>
    <field index="1" term="http://rs.tdwg.org/dwc/terms/scientificName"/>
    <field index="2" term="http://rs.tdwg.org/dwc/terms/scientificNameID"/>
    <field index="3" term="http://rs.tdwg.org/dwc/terms/identificationQualifier"/>
    <field term="http://rs.tdwg.org/dwc/terms/eventDate" default=""/>
    <field term="http://rs.tdwg.org/dwc/terms/country" default="Seychelles"/>
    <field term="http://rs.tdwg.org/dwc/terms/locality" default="Aldabra Atoll"/>
    <field term="http://rs.tdwg.org/dwc/terms/decimalLatitude" default="-9.42222923790892"/>
    <field term="http://rs.tdwg.org/dwc/terms/decimalLongitude" default="46.3493133811656"/>
    <field term="http://rs.tdwg.org/dwc/terms/coordinateUncertaintyInMeters" default="20774.1205067085"/>
    <field term="http://rs.tdwg.org/dwc/terms/footprintWKT" default="POLYGON ((46.4068 -9.35674, 46.3886 -9.3547, 46.3714 -9.35492, 46.3437 -9.35131, 46.3254 -9.35292, 46.3033 -9.35292, 46.2786 -9.35185, 46.256 -9.35238, 46.2297 -9.354, 46.2125 -9.35991, 46.192 -9.37067, 46.1872 -9.39702, 46.1931 -9.42874, 46.2041 -9.44986, 46.2076 -9.46934, 46.2201 -9.48952, 46.233 -9.50031, 46.2413 -9.50587, 46.2584 -9.50692, 46.2894 -9.50622, 46.313 -9.49648, 46.3297 -9.48987, 46.3447 -9.47978, 46.3534 -9.4763, 46.3666 -9.47595, 46.3833 -9.47038, 46.4021 -9.4669, 46.4153 -9.46343, 46.4251 -9.46899, 46.4407 -9.47143, 46.4605 -9.47282, 46.4807 -9.46864, 46.5002 -9.45995, 46.5145 -9.45125, 46.5263 -9.43698, 46.534 -9.42202, 46.5378 -9.40776, 46.5371 -9.39975, 46.5306 -9.38595, 46.5135 -9.37709, 46.4877 -9.36808, 46.4573 -9.35992, 46.4324 -9.35855, 46.4068 -9.35674))"/>
    <field term="http://rs.tdwg.org/dwc/terms/geodeticDatum" default="WGS84"/>
    <field term="http://rs.tdwg.org/dwc/terms/occurrenceStatus" default="present"/>
    <field term="http://rs.tdwg.org/dwc/terms/basisOfRecord" default="HumanObservation"/>
  </core>
</archive>
