"occurrenceID","scientificName","scientificNameID","eventDate","country","locality","fieldNumber","decimalLatitude","decimalLongitude","coordinateUncertaintyInMeters","geodeticDatum","occurrenceStatus","basisOfRecord"
"coiba-vega-villarreal-2003:occurrence:8a54fb40d65a335b45bdd4f0f1b81040","Carcharinus leucas","urn:lsid:marinespecies.org:taxname:712942","","Panama","Coiba National Park: Manglar frente a Cerro equis","CX",7.61453,-81.7268,200,"WGS84","present","HumanObservation"
"coiba-vega-villarreal-2003:occurrence:1758daf55e1bb2915c437c1500425256","Carcharinus leucas","urn:lsid:marinespecies.org:taxname:712942","","Panama","Coiba National Park: Yucal","YU",7.58651,-81.721,200,"WGS84","present","HumanObservation"
"coiba-vega-villarreal-2003:occurrence:ffb9f50b774b63b94f560140ed4b5051","Carcharinus leucas","urn:lsid:marinespecies.org:taxname:712942","","Panama","Coiba National Park: Santa Cruz","SC",7.62698,-81.763,200,"WGS84","present","HumanObservation"
"coiba-vega-villarreal-2003:occurrence:98b3ffb721499d06b71996407fff5409","Carcharinus leucas","urn:lsid:marinespecies.org:taxname:712942","","Panama","Coiba National Park: Estación Biológica","EB",7.62981,-81.7286,200,"WGS84","present","HumanObservation"
"coiba-vega-villarreal-2003:occurrence:968c1ff4e0393cae06d75471d85ecbfd","Carcharinus limbatus","urn:lsid:marinespecies.org:taxname:399595","","Panama","Coiba National Park: Yucal","YU",7.58651,-81.721,200,"WGS84","present","HumanObservation"
"coiba-vega-villarreal-2003:occurrence:8121f4f4271f446df4498f833702e9cf","Carcharinus limbatus","urn:lsid:marinespecies.org:taxname:399595","","Panama","Coiba National Park: Estación Biológica","EB",7.62981,-81.7286,200,"WGS84","present","HumanObservation"
"coiba-vega-villarreal-2003:occurrence:260e23b6292bfca8621a4416fe839a12","Triaenodon obesus","urn:lsid:marinespecies.org:taxname:214557","","Panama","Coiba National Park: Estación Biológica","EB",7.62981,-81.7286,200,"WGS84","present","HumanObservation"
"coiba-vega-villarreal-2003:occurrence:4d44a419a86ce6c34909c7f050881a9a","Ginglymostoma cirratum","urn:lsid:marinespecies.org:taxname:105846","","Panama","Coiba National Park: Yucal","YU",7.58651,-81.721,200,"WGS84","present","HumanObservation"
"coiba-vega-villarreal-2003:occurrence:83d9908fe9f09133897885332c2a170a","Ginglymostoma cirratum","urn:lsid:marinespecies.org:taxname:105846","","Panama","Coiba National Park: Granito de Oro","GO",7.59386,-81.7119,200,"WGS84","present","HumanObservation"
"coiba-vega-villarreal-2003:occurrence:26eef5fc5ed072cb4e2d05e36b74d74b","Dasyatis longus","urn:lsid:marinespecies.org:taxname:399749","","Panama","Coiba National Park: Barco Camaronero","AC",7.59567,-81.6915,200,"WGS84","present","HumanObservation"
"coiba-vega-villarreal-2003:occurrence:82f36c948f14bfc1c8f3b95776d748a2","Diplobatis ommata","urn:lsid:marinespecies.org:taxname:280551","","Panama","Coiba National Park: Barco Camaronero","AC",7.59567,-81.6915,200,"WGS84","present","HumanObservation"
"coiba-vega-villarreal-2003:occurrence:96851d9ef0247d962c4dd99c63bdbfd3","Narcine entemedor","urn:lsid:marinespecies.org:taxname:275389","","Panama","Coiba National Park: Barco Camaronero","AC",7.59567,-81.6915,200,"WGS84","present","HumanObservation"
"coiba-vega-villarreal-2003:occurrence:652cefef1b692b87f1792991562c14b6","Rhinobatos productus","urn:lsid:marinespecies.org:taxname:271608","","Panama","Coiba National Park: Barco Camaronero","AC",7.59567,-81.6915,200,"WGS84","present","HumanObservation"
"coiba-vega-villarreal-2003:occurrence:1bf84f7247c8f3de3a209ba7d9ba0b08","Urobatis halleri","urn:lsid:marinespecies.org:taxname:283085","","Panama","Coiba National Park: Granito de Oro","GO",7.59386,-81.7119,200,"WGS84","present","HumanObservation"
"coiba-vega-villarreal-2003:occurrence:0637878c8c092fb6c8ec6bbf93865335","Urotrygon chilensis","urn:lsid:marinespecies.org:taxname:283115","","Panama","Coiba National Park: Barco Camaronero","AC",7.59567,-81.6915,200,"WGS84","present","HumanObservation"
"coiba-vega-villarreal-2003:occurrence:50dabbf6c0a2c65985f42370c51ace63","Acanthurus xanthopterus","urn:lsid:marinespecies.org:taxname:219634","","Panama","Coiba National Park: Manglar frente a Cerro equis","CX",7.61453,-81.7268,200,"WGS84","present","HumanObservation"
"coiba-vega-villarreal-2003:occurrence:6454a2b1f0a24a8425df923f4523730e","Acanthurus xanthopterus","urn:lsid:marinespecies.org:taxname:219634","","Panama","Coiba National Park: Estación Biológica","EB",7.62981,-81.7286,200,"WGS84","present","HumanObservation"
"coiba-vega-villarreal-2003:occurrence:8be86ca514f9e77b2ea6e662e332c05e","Acanthurus xanthopterus","urn:lsid:marinespecies.org:taxname:219634","","Panama","Coiba National Park: Granito de Oro","GO",7.59386,-81.7119,200,"WGS84","present","HumanObservation"
"coiba-vega-villarreal-2003:occurrence:16e61623197a0fd39a22fa705cb7a886","Acanthurus nigricans","urn:lsid:marinespecies.org:taxname:219638","","Panama","Coiba National Park: Estación Biológica","EB",7.62981,-81.7286,200,"WGS84","present","HumanObservation"
"coiba-vega-villarreal-2003:occurrence:27802e083fa2f01ba7a4366882214e34","Acanthurus nigricans","urn:lsid:marinespecies.org:taxname:219638","","Panama","Coiba National Park: Granito de Oro","GO",7.59386,-81.7119,200,"WGS84","present","HumanObservation"
"coiba-vega-villarreal-2003:occurrence:0b3f7423247929b86b1577df14880f34","Acanthurus triostegus","urn:lsid:marinespecies.org:taxname:219630","","Panama","Coiba National Park: Estación Biológica","EB",7.62981,-81.7286,200,"WGS84","present","HumanObservation"
"coiba-vega-villarreal-2003:occurrence:5669e7bfbf9885b672a121756e6e7ab2","Acanthurus triostegus","urn:lsid:marinespecies.org:taxname:219630","","Panama","Coiba National Park: Granito de Oro","GO",7.59386,-81.7119,200,"WGS84","present","HumanObservation"
"coiba-vega-villarreal-2003:occurrence:3689dd29eea2cc649fa3b1392a69782f","Prionurus laticlavius","urn:lsid:marinespecies.org:taxname:282346","","Panama","Coiba National Park: Estación Biológica","EB",7.62981,-81.7286,200,"WGS84","present","HumanObservation"
"coiba-vega-villarreal-2003:occurrence:2ebe4ae0b2ad9cf5b509ab4e1636b0b4","Prionurus laticlavius","urn:lsid:marinespecies.org:taxname:282346","","Panama","Coiba National Park: Granito de Oro","GO",7.59386,-81.7119,200,"WGS84","present","HumanObservation"
"coiba-vega-villarreal-2003:occurrence:64eac864663f9a0ee543e83c5affd392","Achirus mazatlanus","urn:lsid:marinespecies.org:taxname:279494","","Panama","Coiba National Park: Barco Camaronero","AC",7.59567,-81.6915,200,"WGS84","present","HumanObservation"
"coiba-vega-villarreal-2003:occurrence:aab74c35a95dcddf5a5031ca3b7f081e","Antennarius sanguineus","urn:lsid:marinespecies.org:taxname:272544","","Panama","Coiba National Park: Playa Machete","PM",7.6403,-81.7432,200,"WGS84","present","HumanObservation"
"coiba-vega-villarreal-2003:occurrence:4201f4a5231e096660280abb28ca9b18","Antennatus strigatus","urn:lsid:marinespecies.org:taxname:279164","","Panama","Coiba National Park: Playa Machete","PM",7.6403,-81.7432,200,"WGS84","present","HumanObservation"
"coiba-vega-villarreal-2003:occurrence:9369ad196e45837db70ee9ecc2499d98","Apogon dovii","urn:lsid:marinespecies.org:taxname:273009","","Panama","Coiba National Park: Estación Biológica","EB",7.62981,-81.7286,200,"WGS84","present","HumanObservation"
"coiba-vega-villarreal-2003:occurrence:7d845cc4bb60210bd261a7182fc2b3d6","Apogon dovii","urn:lsid:marinespecies.org:taxname:273009","","Panama","Coiba National Park: Granito de Oro","GO",7.59386,-81.7119,200,"WGS84","present","HumanObservation"
"coiba-vega-villarreal-2003:occurrence:11b1c7296f371035456a98bbf8f7ba78","Apogon dovii","urn:lsid:marinespecies.org:taxname:273009","","Panama","Coiba National Park: Playa Machete","PM",7.6403,-81.7432,200,"WGS84","present","HumanObservation"
"coiba-vega-villarreal-2003:occurrence:b3e052dbcc4246fc52c7b23a62917391","Selenaspis dowii","urn:lsid:marinespecies.org:taxname:321490","","Panama","Coiba National Park: Manglar frente a Cerro equis","CX",7.61453,-81.7268,200,"WGS84","present","HumanObservation"
"coiba-vega-villarreal-2003:occurrence:3d2521cc55ef6231cf14a34f9ab67755","Selenaspis dowii","urn:lsid:marinespecies.org:taxname:321490","","Panama","Coiba National Park: Yucal","YU",7.58651,-81.721,200,"WGS84","present","HumanObservation"
"coiba-vega-villarreal-2003:occurrence:6fbffc01f462d67460ff4e3fa4f625a6","Selenaspis dowii","urn:lsid:marinespecies.org:taxname:321490","","Panama","Coiba National Park: Santa Cruz","SC",7.62698,-81.763,200,"WGS84","present","HumanObservation"
"coiba-vega-villarreal-2003:occurrence:fb6b392dbbf9b3066c3b23a3a5025fc1","Membras gilberti","urn:lsid:marinespecies.org:taxname:275927","","Panama","Coiba National Park: Estación Biológica","EB",7.62981,-81.7286,200,"WGS84","present","HumanObservation"
"coiba-vega-villarreal-2003:occurrence:ee9e033e401f75606066fa6bdf097a40","Aulostomus chinensis","urn:lsid:marinespecies.org:taxname:217964","","Panama","Coiba National Park: Estación Biológica","EB",7.62981,-81.7286,200,"WGS84","present","HumanObservation"
"coiba-vega-villarreal-2003:occurrence:7ec00d0fa4449c5e160d134c8b9d5f10","Balistes polylepis","urn:lsid:marinespecies.org:taxname:275234","","Panama","Coiba National Park: Playa Machete","PM",7.6403,-81.7432,200,"WGS84","present","HumanObservation"
"coiba-vega-villarreal-2003:occurrence:4363d11abd25d9e6f01f9ede0d9cf4a0","Balistes polylepis","urn:lsid:marinespecies.org:taxname:275234","","Panama","Coiba National Park: Barco Camaronero","AC",7.59567,-81.6915,200,"WGS84","present","HumanObservation"
"coiba-vega-villarreal-2003:occurrence:72475f0300c65f6d9a71f08f617365a9","Pseudobalistes naufragium","urn:lsid:marinespecies.org:taxname:279161","","Panama","Coiba National Park: Estación Biológica","EB",7.62981,-81.7286,200,"WGS84","present","HumanObservation"
"coiba-vega-villarreal-2003:occurrence:8eeda9adcb4cf9bc24d62bc36efd7579","Pseudobalistes naufragium","urn:lsid:marinespecies.org:taxname:279161","","Panama","Coiba National Park: Granito de Oro","GO",7.59386,-81.7119,200,"WGS84","present","HumanObservation"
"coiba-vega-villarreal-2003:occurrence:ef986182f7f144716587e904311a1c4b","Pseudobalistes naufragium","urn:lsid:marinespecies.org:taxname:279161","","Panama","Coiba National Park: Playa Machete","PM",7.6403,-81.7432,200,"WGS84","present","HumanObservation"
"coiba-vega-villarreal-2003:occurrence:8b0f5ca2ddcb8d2b35b4bca87f8df66f","Sufflamen verres","urn:lsid:marinespecies.org:taxname:276853","","Panama","Coiba National Park: Granito de Oro","GO",7.59386,-81.7119,200,"WGS84","present","HumanObservation"
"coiba-vega-villarreal-2003:occurrence:f520fb0d0b258a41cc41b77cbc785b42","Balistidae","urn:lsid:marinespecies.org:taxname:125607","","Panama","Coiba National Park: Granito de Oro","GO",7.59386,-81.7119,200,"WGS84","present","HumanObservation"
"coiba-vega-villarreal-2003:occurrence:83bbf64db62248141b4a44932dd31ffc","Daector reticulata","urn:lsid:marinespecies.org:taxname:280480","","Panama","Coiba National Park: Barco Camaronero","AC",7.59567,-81.6915,200,"WGS84","present","HumanObservation"
"coiba-vega-villarreal-2003:occurrence:c77650bd8975016c5e4744ad970cc19b","Tylosurus crocodilus","urn:lsid:marinespecies.org:taxname:159259","","Panama","Coiba National Park: Estación Biológica","EB",7.62981,-81.7286,200,"WGS84","present","HumanObservation"
"coiba-vega-villarreal-2003:occurrence:bc2cd7f14cd067f3103a333dfc2a7f9e","Ablennes hians","urn:lsid:marinespecies.org:taxname:159246","","Panama","Coiba National Park: Estación Biológica","EB",7.62981,-81.7286,200,"WGS84","present","HumanObservation"
"coiba-vega-villarreal-2003:occurrence:a320ac8ea562cbdbdd5e3c18dcf8b3bf","Plagiotremus azaleus","urn:lsid:marinespecies.org:taxname:278234","","Panama","Coiba National Park: Estación Biológica","EB",7.62981,-81.7286,200,"WGS84","present","HumanObservation"
"coiba-vega-villarreal-2003:occurrence:a7264a1b498c96aa9a01dc25c5b506b5","Plagiotremus azaleus","urn:lsid:marinespecies.org:taxname:278234","","Panama","Coiba National Park: Granito de Oro","GO",7.59386,-81.7119,200,"WGS84","present","HumanObservation"
"coiba-vega-villarreal-2003:occurrence:10137be77d7e41a1266aedde1df18ca9","Plagiotremus azaleus","urn:lsid:marinespecies.org:taxname:278234","","Panama","Coiba National Park: Playa Machete","PM",7.6403,-81.7432,200,"WGS84","present","HumanObservation"
"coiba-vega-villarreal-2003:occurrence:25173cb52abf60ae971e53314af9c4de","Ophioblennius steindachneri","urn:lsid:marinespecies.org:taxname:273126","","Panama","Coiba National Park: Estación Biológica","EB",7.62981,-81.7286,200,"WGS84","present","HumanObservation"
"coiba-vega-villarreal-2003:occurrence:4650e469b6546d453ad99e50c963d5c6","Alectis ciliaris","urn:lsid:marinespecies.org:taxname:159629","","Panama","Coiba National Park: Manglar frente a Cerro equis","CX",7.61453,-81.7268,200,"WGS84","present","HumanObservation"
"coiba-vega-villarreal-2003:occurrence:4a61c0a8281bac826aab402b8c7cbe66","Alectis ciliaris","urn:lsid:marinespecies.org:taxname:159629","","Panama","Coiba National Park: Yucal","YU",7.58651,-81.721,200,"WGS84","present","HumanObservation"
"coiba-vega-villarreal-2003:occurrence:ecec969c9eb483ff2ae93986b0b6917f","Alectis ciliaris","urn:lsid:marinespecies.org:taxname:159629","","Panama","Coiba National Park: Estación Biológica","EB",7.62981,-81.7286,200,"WGS84","present","HumanObservation"
"coiba-vega-villarreal-2003:occurrence:7b51fbbccd81b43205c9671863d2250d","Caranx caballus","urn:lsid:marinespecies.org:taxname:273271","","Panama","Coiba National Park: Manglar frente a Cerro equis","CX",7.61453,-81.7268,200,"WGS84","present","HumanObservation"
"coiba-vega-villarreal-2003:occurrence:33632bcd934d42b37d6e4c584020dd82","Caranx caballus","urn:lsid:marinespecies.org:taxname:273271","","Panama","Coiba National Park: Yucal","YU",7.58651,-81.721,200,"WGS84","present","HumanObservation"
"coiba-vega-villarreal-2003:occurrence:3d01a4edbcf78946060ab7d4b08ab150","Caranx caballus","urn:lsid:marinespecies.org:taxname:273271","","Panama","Coiba National Park: Estación Biológica","EB",7.62981,-81.7286,200,"WGS84","present","HumanObservation"
"coiba-vega-villarreal-2003:occurrence:345a125a63685e64def61f74de7886a0","Caranx caninus","urn:lsid:marinespecies.org:taxname:273272","","Panama","Coiba National Park: Manglar frente a Cerro equis","CX",7.61453,-81.7268,200,"WGS84","present","HumanObservation"
"coiba-vega-villarreal-2003:occurrence:caf2ed7664cebed8af482c0f04132cd9","Caranx caninus","urn:lsid:marinespecies.org:taxname:273272","","Panama","Coiba National Park: Yucal","YU",7.58651,-81.721,200,"WGS84","present","HumanObservation"
"coiba-vega-villarreal-2003:occurrence:5c997f677e7e3ba0fec961fa4681668b","Caranx caninus","urn:lsid:marinespecies.org:taxname:273272","","Panama","Coiba National Park: Santa Cruz","SC",7.62698,-81.763,200,"WGS84","present","HumanObservation"
"coiba-vega-villarreal-2003:occurrence:96c957bb2ed2480b7d1ae824593216d6","Caranx caninus","urn:lsid:marinespecies.org:taxname:273272","","Panama","Coiba National Park: Estación Biológica","EB",7.62981,-81.7286,200,"WGS84","present","HumanObservation"
"coiba-vega-villarreal-2003:occurrence:c4fab3bcfc0be37e53f03fc15979233c","Caranx melampygus","urn:lsid:marinespecies.org:taxname:218419","","Panama","Coiba National Park: Manglar frente a Cerro equis","CX",7.61453,-81.7268,200,"WGS84","present","HumanObservation"
"coiba-vega-villarreal-2003:occurrence:33156ac30f3cca0cbc4e64ca50a7f7a4","Caranx melampygus","urn:lsid:marinespecies.org:taxname:218419","","Panama","Coiba National Park: Yucal","YU",7.58651,-81.721,200,"WGS84","present","HumanObservation"
"coiba-vega-villarreal-2003:occurrence:29dcf91be25f491fcaad99a9456539a9","Caranx melampygus","urn:lsid:marinespecies.org:taxname:218419","","Panama","Coiba National Park: Estación Biológica","EB",7.62981,-81.7286,200,"WGS84","present","HumanObservation"
"coiba-vega-villarreal-2003:occurrence:b1a0af639bac7c11a40396e9a78a3286","Caranx melampygus","urn:lsid:marinespecies.org:taxname:218419","","Panama","Coiba National Park: Granito de Oro","GO",7.59386,-81.7119,200,"WGS84","present","HumanObservation"
"coiba-vega-villarreal-2003:occurrence:e102143fd0c9b0595b093b89649dce3f","Caranx otrynter","urn:lsid:marinespecies.org:taxname:302411","","Panama","Coiba National Park: Barco Camaronero","AC",7.59567,-81.6915,200,"WGS84","present","HumanObservation"
"coiba-vega-villarreal-2003:occurrence:da266a124df777062bfaf2bd54429a57","Caranx sexfasciatus","urn:lsid:marinespecies.org:taxname:218404","","Panama","Coiba National Park: Manglar frente a Cerro equis","CX",7.61453,-81.7268,200,"WGS84","present","HumanObservation"
"coiba-vega-villarreal-2003:occurrence:3807056edaccb30b9b7193a6e164a629","Caranx sexfasciatus","urn:lsid:marinespecies.org:taxname:218404","","Panama","Coiba National Park: Yucal","YU",7.58651,-81.721,200,"WGS84","present","HumanObservation"
"coiba-vega-villarreal-2003:occurrence:01fd90d3ee4d897cbc377c8e43cc5655","Caranx sexfasciatus","urn:lsid:marinespecies.org:taxname:218404","","Panama","Coiba National Park: Santa Cruz","SC",7.62698,-81.763,200,"WGS84","present","HumanObservation"
"coiba-vega-villarreal-2003:occurrence:ce1aae1922f1782727ad88b36a1a2d8f","Caranx sexfasciatus","urn:lsid:marinespecies.org:taxname:218404","","Panama","Coiba National Park: Estación Biológica","EB",7.62981,-81.7286,200,"WGS84","present","HumanObservation"
"coiba-vega-villarreal-2003:occurrence:b91f5b542b2acaef9c818ced85b3985c","Caranx sexfasciatus","urn:lsid:marinespecies.org:taxname:218404","","Panama","Coiba National Park: Granito de Oro","GO",7.59386,-81.7119,200,"WGS84","present","HumanObservation"
"coiba-vega-villarreal-2003:occurrence:cae6a0b244286a2b31de15c358f480c3","Caranx speciosus","urn:lsid:marinespecies.org:taxname:218408","","Panama","Coiba National Park: Manglar frente a Cerro equis","CX",7.61453,-81.7268,200,"WGS84","present","HumanObservation"
"coiba-vega-villarreal-2003:occurrence:4ad79dde00b1eb603d85acef1b1a24e9","Caranx speciosus","urn:lsid:marinespecies.org:taxname:218408","","Panama","Coiba National Park: Santa Cruz","SC",7.62698,-81.763,200,"WGS84","present","HumanObservation"
"coiba-vega-villarreal-2003:occurrence:3e7346f1705ea71f4d6322c1629675bf","Caranx speciosus","urn:lsid:marinespecies.org:taxname:218408","","Panama","Coiba National Park: Estación Biológica","EB",7.62981,-81.7286,200,"WGS84","present","HumanObservation"
"coiba-vega-villarreal-2003:occurrence:f680d559ba7a033f72aa7e743c7ce37d","Caranx speciosus","urn:lsid:marinespecies.org:taxname:218408","","Panama","Coiba National Park: Barco Camaronero","AC",7.59567,-81.6915,200,"WGS84","present","HumanObservation"
"coiba-vega-villarreal-2003:occurrence:68d362636fc934a8f080feeeb589d25b","Decapterus macarellus","urn:lsid:marinespecies.org:taxname:126807","","Panama","Coiba National Park: Estación Biológica","EB",7.62981,-81.7286,200,"WGS84","present","HumanObservation"
"coiba-vega-villarreal-2003:occurrence:cd63fe86cfe6a66bc8b13a137e34f133","Oligoplites altus","urn:lsid:marinespecies.org:taxname:276355","","Panama","Coiba National Park: Santa Cruz","SC",7.62698,-81.763,200,"WGS84","present","HumanObservation"
"coiba-vega-villarreal-2003:occurrence:27b5fbc10b3c50fab7641f45ce26faf7","Elagatis bipinnulata","urn:lsid:marinespecies.org:taxname:126809","","Panama","Coiba National Park: Manglar frente a Cerro equis","CX",7.61453,-81.7268,200,"WGS84","present","HumanObservation"
"coiba-vega-villarreal-2003:occurrence:68b52d0d5d8b23c41f560b5c4c6c94ff","Elagatis bipinnulata","urn:lsid:marinespecies.org:taxname:126809","","Panama","Coiba National Park: Estación Biológica","EB",7.62981,-81.7286,200,"WGS84","present","HumanObservation"
"coiba-vega-villarreal-2003:occurrence:c21e4a6cf1454f9a616843fc20ef435d","Selene brevoortii","urn:lsid:marinespecies.org:taxname:273283","","Panama","Coiba National Park: Yucal","YU",7.58651,-81.721,200,"WGS84","present","HumanObservation"
"coiba-vega-villarreal-2003:occurrence:13b9ae1dbaddd09c9cd31139aefaade6","Trachinotus rhodopus","urn:lsid:marinespecies.org:taxname:273297","","Panama","Coiba National Park: Manglar frente a Cerro equis","CX",7.61453,-81.7268,200,"WGS84","present","HumanObservation"
"coiba-vega-villarreal-2003:occurrence:38de116d91a70b6778b885004f3b82a4","Trachinotus rhodopus","urn:lsid:marinespecies.org:taxname:273297","","Panama","Coiba National Park: Yucal","YU",7.58651,-81.721,200,"WGS84","present","HumanObservation"
"coiba-vega-villarreal-2003:occurrence:1c6fd4c01795a1c0da1ad6e375c1c958","Trachinotus rhodopus","urn:lsid:marinespecies.org:taxname:273297","","Panama","Coiba National Park: Estación Biológica","EB",7.62981,-81.7286,200,"WGS84","present","HumanObservation"
"coiba-vega-villarreal-2003:occurrence:e4815a5f90f48f382f1ad0c48cdab4cb","Uraspis helvola","urn:lsid:marinespecies.org:taxname:218449","","Panama","Coiba National Park: Estación Biológica","EB",7.62981,-81.7286,200,"WGS84","present","HumanObservation"
"coiba-vega-villarreal-2003:occurrence:3f4d1da8e1437447d8c542aca558632f","Encheliophis dubius","urn:lsid:marinespecies.org:taxname:313244","","Panama","Coiba National Park: Playa Machete","PM",7.6403,-81.7432,200,"WGS84","present","HumanObservation"
"coiba-vega-villarreal-2003:occurrence:0a493d9643be284e130c7c4cca8f167a","Chanos chanos","urn:lsid:marinespecies.org:taxname:217625","","Panama","Coiba National Park: Manglar frente a Cerro equis","CX",7.61453,-81.7268,200,"WGS84","present","HumanObservation"
"coiba-vega-villarreal-2003:occurrence:7b0b9fb02b07d24a4facc8bb38174fe8","Chanos chanos","urn:lsid:marinespecies.org:taxname:217625","","Panama","Coiba National Park: Yucal","YU",7.58651,-81.721,200,"WGS84","present","HumanObservation"
"coiba-vega-villarreal-2003:occurrence:0ea6b33755859bd3d85847f9d600cb30","Chanos chanos","urn:lsid:marinespecies.org:taxname:217625","","Panama","Coiba National Park: Estación Biológica","EB",7.62981,-81.7286,200,"WGS84","present","HumanObservation"
"coiba-vega-villarreal-2003:occurrence:2cc6f34e03309a50470b3857fbbb58b6","Centropomus medius","urn:lsid:marinespecies.org:taxname:280061","","Panama","Coiba National Park: Manglar frente a Cerro equis","CX",7.61453,-81.7268,200,"WGS84","present","HumanObservation"
"coiba-vega-villarreal-2003:occurrence:a79ac5479a8ee70521a02aa2453855c9","Centropomus medius","urn:lsid:marinespecies.org:taxname:280061","","Panama","Coiba National Park: Yucal","YU",7.58651,-81.721,200,"WGS84","present","HumanObservation"
"coiba-vega-villarreal-2003:occurrence:315ebe1c400770a20967da5bf72f1824","Centropomus medius","urn:lsid:marinespecies.org:taxname:280061","","Panama","Coiba National Park: Santa Cruz","SC",7.62698,-81.763,200,"WGS84","present","HumanObservation"
"coiba-vega-villarreal-2003:occurrence:ae7f14d2178142cb15704c009fae11dc","Centropomus nigrescens","urn:lsid:marinespecies.org:taxname:280063","","Panama","Coiba National Park: Manglar frente a Cerro equis","CX",7.61453,-81.7268,200,"WGS84","present","HumanObservation"
"coiba-vega-villarreal-2003:occurrence:b35a17fe169c11a66119a728bf2e5b34","Centropomus nigrescens","urn:lsid:marinespecies.org:taxname:280063","","Panama","Coiba National Park: Yucal","YU",7.58651,-81.721,200,"WGS84","present","HumanObservation"
"coiba-vega-villarreal-2003:occurrence:5bb2e103a17ba307aaec4654fa3aaaf8","Centropomus nigrescens","urn:lsid:marinespecies.org:taxname:280063","","Panama","Coiba National Park: Santa Cruz","SC",7.62698,-81.763,200,"WGS84","present","HumanObservation"
"coiba-vega-villarreal-2003:occurrence:5b54d2215c65454e2db1ea67cdc2b5e6","Chaenopsis alepidota","urn:lsid:marinespecies.org:taxname:293559","","Panama","Coiba National Park: Playa Machete","PM",7.6403,-81.7432,200,"WGS84","present","HumanObservation"
"coiba-vega-villarreal-2003:occurrence:2f142aeedd1e8a9c33df1f064788d926","Chaetodon humeralis","urn:lsid:marinespecies.org:taxname:273343","","Panama","Coiba National Park: Estación Biológica","EB",7.62981,-81.7286,200,"WGS84","present","HumanObservation"
"coiba-vega-villarreal-2003:occurrence:a77308ec166043f878c27828b511fe60","Chaetodon humeralis","urn:lsid:marinespecies.org:taxname:273343","","Panama","Coiba National Park: Granito de Oro","GO",7.59386,-81.7119,200,"WGS84","present","HumanObservation"
"coiba-vega-villarreal-2003:occurrence:d71957f36a33251d20c78bea170c5871","Chaetodon humeralis","urn:lsid:marinespecies.org:taxname:273343","","Panama","Coiba National Park: Playa Machete","PM",7.6403,-81.7432,200,"WGS84","present","HumanObservation"
"coiba-vega-villarreal-2003:occurrence:3447008383caab2652a50badb14aea59","Johnrandallia nigrirostris","urn:lsid:marinespecies.org:taxname:281202","","Panama","Coiba National Park: Estación Biológica","EB",7.62981,-81.7286,200,"WGS84","present","HumanObservation"
"coiba-vega-villarreal-2003:occurrence:a3c498ced8549aab0ef90ee1ba98563f","Johnrandallia nigrirostris","urn:lsid:marinespecies.org:taxname:281202","","Panama","Coiba National Park: Granito de Oro","GO",7.59386,-81.7119,200,"WGS84","present","HumanObservation"
"coiba-vega-villarreal-2003:occurrence:825aaa24b7e68a16a561bff7905772f2","Cirrhitichthys oxycephalus","urn:lsid:marinespecies.org:taxname:218853","","Panama","Coiba National Park: Estación Biológica","EB",7.62981,-81.7286,200,"WGS84","present","HumanObservation"
"coiba-vega-villarreal-2003:occurrence:e75931c266a110aff19c8919fa8f383e","Cirrhitichthys oxycephalus","urn:lsid:marinespecies.org:taxname:218853","","Panama","Coiba National Park: Playa Machete","PM",7.6403,-81.7432,200,"WGS84","present","HumanObservation"
"coiba-vega-villarreal-2003:occurrence:b40fedfab0eff55dc30d3055f86a070c","Cirrhitus rivulatus","urn:lsid:marinespecies.org:taxname:279160","","Panama","Coiba National Park: Estación Biológica","EB",7.62981,-81.7286,200,"WGS84","present","HumanObservation"
"coiba-vega-villarreal-2003:occurrence:2b1e199d2e24a5765ad89cd938408ae5","Cirrhitus rivulatus","urn:lsid:marinespecies.org:taxname:279160","","Panama","Coiba National Park: Isla Cocos","IC",7.6258,-81.7092,200,"WGS84","present","HumanObservation"
"coiba-vega-villarreal-2003:occurrence:6f7cf0d4e4721bc3ca52c18e1a0921da","Cirrhitus rivulatus","urn:lsid:marinespecies.org:taxname:279160","","Panama","Coiba National Park: Playa Machete","PM",7.6403,-81.7432,200,"WGS84","present","HumanObservation"
"coiba-vega-villarreal-2003:occurrence:9afaf2f4c4a1e8ddf48ca37c89db8f44","Opisthonema bulleri","urn:lsid:marinespecies.org:taxname:275503","","Panama","Coiba National Park: Estación Biológica","EB",7.62981,-81.7286,200,"WGS84","present","HumanObservation"
"coiba-vega-villarreal-2003:occurrence:6afc7ad4cab2c45192df7de3b42deeee","Opisthonema medirastre","urn:lsid:marinespecies.org:taxname:275505","","Panama","Coiba National Park: Estación Biológica","EB",7.62981,-81.7286,200,"WGS84","present","HumanObservation"
"coiba-vega-villarreal-2003:occurrence:b18df844525f7b25bc749f4fe6e241dd","Diodon histrix","urn:lsid:marinespecies.org:taxname:403545","","Panama","Coiba National Park: Estación Biológica","EB",7.62981,-81.7286,200,"WGS84","present","HumanObservation"
"coiba-vega-villarreal-2003:occurrence:023a243dbd201ec40c3a99ad4c0265ed","Diodon histrix","urn:lsid:marinespecies.org:taxname:403545","","Panama","Coiba National Park: Granito de Oro","GO",7.59386,-81.7119,200,"WGS84","present","HumanObservation"
"coiba-vega-villarreal-2003:occurrence:05405972a51f427688511c439a4ba86b","Diodon holocanthus","urn:lsid:marinespecies.org:taxname:127402","","Panama","Coiba National Park: Estación Biológica","EB",7.62981,-81.7286,200,"WGS84","present","HumanObservation"
"coiba-vega-villarreal-2003:occurrence:04f067bdcb427a45b5a170a4860b6bbc","Diodon holocanthus","urn:lsid:marinespecies.org:taxname:127402","","Panama","Coiba National Park: Playa Machete","PM",7.6403,-81.7432,200,"WGS84","present","HumanObservation"
"coiba-vega-villarreal-2003:occurrence:7480fbabb6ba6dbae817b45749b80ef5","Diodon holocanthus","urn:lsid:marinespecies.org:taxname:127402","","Panama","Coiba National Park: Barco Camaronero","AC",7.59567,-81.6915,200,"WGS84","present","HumanObservation"
"coiba-vega-villarreal-2003:occurrence:5466dc1d66a6597a48d5c85c650a2012","Chilomycterus reticulatus","urn:lsid:marinespecies.org:taxname:219964","","Panama","Coiba National Park: Estación Biológica","EB",7.62981,-81.7286,200,"WGS84","present","HumanObservation"
"coiba-vega-villarreal-2003:occurrence:709885492e1088def16ff1892e0490a3","Elops affinis","urn:lsid:marinespecies.org:taxname:275403","","Panama","Coiba National Park: Manglar frente a Cerro equis","CX",7.61453,-81.7268,200,"WGS84","present","HumanObservation"
"coiba-vega-villarreal-2003:occurrence:c06dd1e1103546af25cd7f8863b45798","Elops affinis","urn:lsid:marinespecies.org:taxname:275403","","Panama","Coiba National Park: Yucal","YU",7.58651,-81.721,200,"WGS84","present","HumanObservation"
"coiba-vega-villarreal-2003:occurrence:5f7dcd23171c1e01dc0d9b890b771994","Elops affinis","urn:lsid:marinespecies.org:taxname:275403","","Panama","Coiba National Park: Estación Biológica","EB",7.62981,-81.7286,200,"WGS84","present","HumanObservation"
"coiba-vega-villarreal-2003:occurrence:03bf4b5386e85cc47a14510561adfec5","Cypselurus callopterus","urn:lsid:marinespecies.org:taxname:278730","","Panama","Coiba National Park: Santa Cruz","SC",7.62698,-81.763,200,"WGS84","present","HumanObservation"
"coiba-vega-villarreal-2003:occurrence:07f0bc6d3341f7056e5ba412e85835ac","Cypselurus callopterus","urn:lsid:marinespecies.org:taxname:278730","","Panama","Coiba National Park: Estación Biológica","EB",7.62981,-81.7286,200,"WGS84","present","HumanObservation"
"coiba-vega-villarreal-2003:occurrence:932a1a55b2a81af938d6e4fd10f3e62d","Cypselurus callopterus","urn:lsid:marinespecies.org:taxname:278730","","Panama","Coiba National Park: Granito de Oro","GO",7.59386,-81.7119,200,"WGS84","present","HumanObservation"
"coiba-vega-villarreal-2003:occurrence:6dcc59b28739803a25f611431d209e86","Cypselurus callopterus","urn:lsid:marinespecies.org:taxname:278730","","Panama","Coiba National Park: Isla Cocos","IC",7.6258,-81.7092,200,"WGS84","present","HumanObservation"
"coiba-vega-villarreal-2003:occurrence:92144d1fa29007440c1782585d427e86","Cypselurus callopterus","urn:lsid:marinespecies.org:taxname:278730","","Panama","Coiba National Park: Playa Machete","PM",7.6403,-81.7432,200,"WGS84","present","HumanObservation"
"coiba-vega-villarreal-2003:occurrence:ac21c59c4d1e085176644f779e0b9578","Cypselurus callopterus","urn:lsid:marinespecies.org:taxname:278730","","Panama","Coiba National Park: Ranchería","RA",7.63686,-81.7045,200,"WGS84","present","HumanObservation"
"coiba-vega-villarreal-2003:occurrence:dbc96f6c036e54702085e46ca7577190","Fistularia commersonii","urn:lsid:marinespecies.org:taxname:217966","","Panama","Coiba National Park: Granito de Oro","GO",7.59386,-81.7119,200,"WGS84","present","HumanObservation"
"coiba-vega-villarreal-2003:occurrence:e9848a9fa9b8603729397b8a6c081a67","Fistularia commersonii","urn:lsid:marinespecies.org:taxname:217966","","Panama","Coiba National Park: Barco Camaronero","AC",7.59567,-81.6915,200,"WGS84","present","HumanObservation"
"coiba-vega-villarreal-2003:occurrence:66df871d217956b7daa87b0a9d7bab8f","Eucinostomus gracilis","urn:lsid:marinespecies.org:taxname:276419","","Panama","Coiba National Park: Estación Biológica","EB",7.62981,-81.7286,200,"WGS84","present","HumanObservation"
"coiba-vega-villarreal-2003:occurrence:9b18c634463efd8c5448073cd0ba19ae","Eucinostomus gracilis","urn:lsid:marinespecies.org:taxname:276419","","Panama","Coiba National Park: Barco Camaronero","AC",7.59567,-81.6915,200,"WGS84","present","HumanObservation"
"coiba-vega-villarreal-2003:occurrence:6a50519a371886462b5cb86790c33e7c","Eugerres brevimanus","urn:lsid:marinespecies.org:taxname:280740","","Panama","Coiba National Park: Manglar frente a Cerro equis","CX",7.61453,-81.7268,200,"WGS84","present","HumanObservation"
"coiba-vega-villarreal-2003:occurrence:f282c20663c9f6f589eabc7b98bd4f9b","Gerres cinereus","urn:lsid:marinespecies.org:taxname:276954","","Panama","Coiba National Park: Manglar frente a Cerro equis","CX",7.61453,-81.7268,200,"WGS84","present","HumanObservation"
"coiba-vega-villarreal-2003:occurrence:b89a03ecdb27dfd1883b1353a3cb5562","Gerres cinereus","urn:lsid:marinespecies.org:taxname:276954","","Panama","Coiba National Park: Yucal","YU",7.58651,-81.721,200,"WGS84","present","HumanObservation"
"coiba-vega-villarreal-2003:occurrence:dd5ed9556e5f6b0e7849af6800473113","Gerres cinereus","urn:lsid:marinespecies.org:taxname:276954","","Panama","Coiba National Park: Santa Cruz","SC",7.62698,-81.763,200,"WGS84","present","HumanObservation"
"coiba-vega-villarreal-2003:occurrence:fd86af8697dc45d6f5aeaca2adf2050b","Gerres cinereus","urn:lsid:marinespecies.org:taxname:276954","","Panama","Coiba National Park: Estación Biológica","EB",7.62981,-81.7286,200,"WGS84","present","HumanObservation"
"coiba-vega-villarreal-2003:occurrence:15643ef04966756dc8ae325749954ee3","Gobiesox adustus","urn:lsid:marinespecies.org:taxname:275663","","Panama","Coiba National Park: Estación Biológica","EB",7.62981,-81.7286,200,"WGS84","present","HumanObservation"
"coiba-vega-villarreal-2003:occurrence:8e7bbb936122f569d875f855140e8078","Gobiesox adustus","urn:lsid:marinespecies.org:taxname:275663","","Panama","Coiba National Park: Playa Orquidea","PO",7.56309,-81.7148,200,"WGS84","present","HumanObservation"
"coiba-vega-villarreal-2003:occurrence:ba8af19f42bc3d93ef40882df4e7b559","Bathygobius andrei","urn:lsid:marinespecies.org:taxname:277620","","Panama","Coiba National Park: Granito de Oro","GO",7.59386,-81.7119,200,"WGS84","present","HumanObservation"
"coiba-vega-villarreal-2003:occurrence:8d74a93fe289442bf8f7130e97f835d8","Coryphopterus urospilus","urn:lsid:marinespecies.org:taxname:276435","","Panama","Coiba National Park: Granito de Oro","GO",7.59386,-81.7119,200,"WGS84","present","HumanObservation"
"coiba-vega-villarreal-2003:occurrence:45911538ba93abb2d8037d5cf9d84939","Microgobius emblematicus","urn:lsid:marinespecies.org:taxname:275714","","Panama","Coiba National Park: Granito de Oro","GO",7.59386,-81.7119,200,"WGS84","present","HumanObservation"
"coiba-vega-villarreal-2003:occurrence:b80043ad7bc5b42f0c0a9597e0c266ef","Microgobius emblematicus","urn:lsid:marinespecies.org:taxname:275714","","Panama","Coiba National Park: Playa Orquidea","PO",7.56309,-81.7148,200,"WGS84","present","HumanObservation"
"coiba-vega-villarreal-2003:occurrence:5f556e23f6e58f49c94da944d8e2dccf","Microgobius emblematicus","urn:lsid:marinespecies.org:taxname:275714","","Panama","Coiba National Park: Barco Camaronero","AC",7.59567,-81.6915,200,"WGS84","present","HumanObservation"
"coiba-vega-villarreal-2003:occurrence:a042ba44efd2d2c636972e01b5f90081","Pseudogramma thaumasium","urn:lsid:marinespecies.org:taxname:278297","","Panama","Coiba National Park: Estación Biológica","EB",7.62981,-81.7286,200,"WGS84","present","HumanObservation"
"coiba-vega-villarreal-2003:occurrence:41498f32130e4ee56be76122ce7e48be","Rypticus nigripinnis","urn:lsid:marinespecies.org:taxname:275961","","Panama","Coiba National Park: Granito de Oro","GO",7.59386,-81.7119,200,"WGS84","present","HumanObservation"
"coiba-vega-villarreal-2003:occurrence:a1cd6d04dd54c0081b639e639bb69062","Rypticus nigripinnis","urn:lsid:marinespecies.org:taxname:275961","","Panama","Coiba National Park: Barco Camaronero","AC",7.59567,-81.6915,200,"WGS84","present","HumanObservation"
"coiba-vega-villarreal-2003:occurrence:b0b3e395a89a90e4dd57e98782ee40b5","Anisotremus caesius","urn:lsid:marinespecies.org:taxname:279616","","Panama","Coiba National Park: Yucal","YU",7.58651,-81.721,200,"WGS84","present","HumanObservation"
"coiba-vega-villarreal-2003:occurrence:6839055c43735843daf8eedf3a809523","Anisotremus dovii","urn:lsid:marinespecies.org:taxname:279618","","Panama","Coiba National Park: Estación Biológica","EB",7.62981,-81.7286,200,"WGS84","present","HumanObservation"
"coiba-vega-villarreal-2003:occurrence:4ac10b9b9bc9c916b8981434b257e6cd","Anisotremus interruptus","urn:lsid:marinespecies.org:taxname:279619","","Panama","Coiba National Park: Manglar frente a Cerro equis","CX",7.61453,-81.7268,200,"WGS84","present","HumanObservation"
"coiba-vega-villarreal-2003:occurrence:497b12203f36ad691104548c7c43b962","Anisotremus interruptus","urn:lsid:marinespecies.org:taxname:279619","","Panama","Coiba National Park: Yucal","YU",7.58651,-81.721,200,"WGS84","present","HumanObservation"
"coiba-vega-villarreal-2003:occurrence:09d13e343a85b72e4b10bc8cf04f1903","Anisotremus interruptus","urn:lsid:marinespecies.org:taxname:279619","","Panama","Coiba National Park: Santa Cruz","SC",7.62698,-81.763,200,"WGS84","present","HumanObservation"
"coiba-vega-villarreal-2003:occurrence:197106d2eb893b3cfc22013e28591f37","Anisotremus interruptus","urn:lsid:marinespecies.org:taxname:279619","","Panama","Coiba National Park: Estación Biológica","EB",7.62981,-81.7286,200,"WGS84","present","HumanObservation"
"coiba-vega-villarreal-2003:occurrence:8a1ff2e72a4b44400f33f84bdaebc2cb","Anisotremus taeniatus","urn:lsid:marinespecies.org:taxname:279624","","Panama","Coiba National Park: Granito de Oro","GO",7.59386,-81.7119,200,"WGS84","present","HumanObservation"
"coiba-vega-villarreal-2003:occurrence:c225de2333037d2860b7162ed99d3868","Haemulon maculicauda","urn:lsid:marinespecies.org:taxname:275729","","Panama","Coiba National Park: Manglar frente a Cerro equis","CX",7.61453,-81.7268,200,"WGS84","present","HumanObservation"
"coiba-vega-villarreal-2003:occurrence:45da6b65690914e55025634f6bac0675","Haemulon maculicauda","urn:lsid:marinespecies.org:taxname:275729","","Panama","Coiba National Park: Estación Biológica","EB",7.62981,-81.7286,200,"WGS84","present","HumanObservation"
"coiba-vega-villarreal-2003:occurrence:b3acfba8b0eea023fc93557631c0b1f3","Haemulon maculicauda","urn:lsid:marinespecies.org:taxname:275729","","Panama","Coiba National Park: Granito de Oro","GO",7.59386,-81.7119,200,"WGS84","present","HumanObservation"
"coiba-vega-villarreal-2003:occurrence:a400fd6e209894301023300503a5dca3","Haemulon maculicauda","urn:lsid:marinespecies.org:taxname:275729","","Panama","Coiba National Park: Playa Machete","PM",7.6403,-81.7432,200,"WGS84","present","HumanObservation"
"coiba-vega-villarreal-2003:occurrence:df64417cbefd2a6a2b7057ddf1710c49","Haemulon sexfasciatum","urn:lsid:marinespecies.org:taxname:275736","","Panama","Coiba National Park: Manglar frente a Cerro equis","CX",7.61453,-81.7268,200,"WGS84","present","HumanObservation"
"coiba-vega-villarreal-2003:occurrence:96bff73fc094e5c743f159a3aa9341f8","Haemulon sexfasciatum","urn:lsid:marinespecies.org:taxname:275736","","Panama","Coiba National Park: Estación Biológica","EB",7.62981,-81.7286,200,"WGS84","present","HumanObservation"
"coiba-vega-villarreal-2003:occurrence:0b3cf70c9064ec8c11976bd7f671b694","Haemulon scudderi","urn:lsid:marinespecies.org:taxname:275734","","Panama","Coiba National Park: Manglar frente a Cerro equis","CX",7.61453,-81.7268,200,"WGS84","present","HumanObservation"
"coiba-vega-villarreal-2003:occurrence:530ea1736c448db9760c113d4f4ca9e1","Haemulon scudderi","urn:lsid:marinespecies.org:taxname:275734","","Panama","Coiba National Park: Yucal","YU",7.58651,-81.721,200,"WGS84","present","HumanObservation"
"coiba-vega-villarreal-2003:occurrence:28ed2d9d6c01656307c63fd393a7751a","Haemulon scudderi","urn:lsid:marinespecies.org:taxname:275734","","Panama","Coiba National Park: Santa Cruz","SC",7.62698,-81.763,200,"WGS84","present","HumanObservation"
"coiba-vega-villarreal-2003:occurrence:aa2e5c1511ab09664cb9576bac3746f7","Haemulon scudderi","urn:lsid:marinespecies.org:taxname:275734","","Panama","Coiba National Park: Estación Biológica","EB",7.62981,-81.7286,200,"WGS84","present","HumanObservation"
"coiba-vega-villarreal-2003:occurrence:316b3aa7f02db5c5c8bbc2c79d4bd267","Haemulon steindachneri","urn:lsid:marinespecies.org:taxname:275738","","Panama","Coiba National Park: Estación Biológica","EB",7.62981,-81.7286,200,"WGS84","present","HumanObservation"
"coiba-vega-villarreal-2003:occurrence:64d8c6ed221ccf380ad3ebcddeaeb93b","Pomadasys elongatus","urn:lsid:marinespecies.org:taxname:303425","","Panama","Coiba National Park: Barco Camaronero","AC",7.59567,-81.6915,200,"WGS84","present","HumanObservation"
"coiba-vega-villarreal-2003:occurrence:3b89306fd2e954f72b24dbce80202630","Pomadasys leuciscus","urn:lsid:marinespecies.org:taxname:303427","","Panama","Coiba National Park: Manglar frente a Cerro equis","CX",7.61453,-81.7268,200,"WGS84","present","HumanObservation"
"coiba-vega-villarreal-2003:occurrence:d3eb4e2db62f7093e966a435e262985d","Pomadasys leuciscus","urn:lsid:marinespecies.org:taxname:303427","","Panama","Coiba National Park: Yucal","YU",7.58651,-81.721,200,"WGS84","present","HumanObservation"
"coiba-vega-villarreal-2003:occurrence:4ee8db35ffaa184f4b2bb633178153ca","Pomadasys leuciscus","urn:lsid:marinespecies.org:taxname:303427","","Panama","Coiba National Park: Barco Camaronero","AC",7.59567,-81.6915,200,"WGS84","present","HumanObservation"
"coiba-vega-villarreal-2003:occurrence:257aa9145312a12a1dd52e4afe1bd33a","Pomadasys macracanthus","urn:lsid:marinespecies.org:taxname:273508","","Panama","Coiba National Park: Santa Cruz","SC",7.62698,-81.763,200,"WGS84","present","HumanObservation"
"coiba-vega-villarreal-2003:occurrence:c71c15ac1444067994998555ff3d3806","Microlepidotus brevipinnis","urn:lsid:marinespecies.org:taxname:281559","","Panama","Coiba National Park: Santa Cruz","SC",7.62698,-81.763,200,"WGS84","present","HumanObservation"
"coiba-vega-villarreal-2003:occurrence:915c67721b14e64fc7ae3281656eefa5","Sargocentron suborbitalis","urn:lsid:marinespecies.org:taxname:272219","","Panama","Coiba National Park: Estación Biológica","EB",7.62981,-81.7286,200,"WGS84","present","HumanObservation"
"coiba-vega-villarreal-2003:occurrence:ef5b303ee8b0aa576989c1a5fe52276c","Myripristis leiognathus","urn:lsid:marinespecies.org:taxname:276199","","Panama","Coiba National Park: Estación Biológica","EB",7.62981,-81.7286,200,"WGS84","present","HumanObservation"
"coiba-vega-villarreal-2003:occurrence:c9dbd5f0a4ea8efb4416e94c907c89d4","Myripristis berndti","urn:lsid:marinespecies.org:taxname:217927","","Panama","Coiba National Park: Estación Biológica","EB",7.62981,-81.7286,200,"WGS84","present","HumanObservation"
"coiba-vega-villarreal-2003:occurrence:1960e831a27c0c328008243b1e04c739","Kyphosus analogus","urn:lsid:marinespecies.org:taxname:273519","","Panama","Coiba National Park: Manglar frente a Cerro equis","CX",7.61453,-81.7268,200,"WGS84","present","HumanObservation"
"coiba-vega-villarreal-2003:occurrence:1a959a2f3602ea7782c83e4f5ed65ee9","Kyphosus analogus","urn:lsid:marinespecies.org:taxname:273519","","Panama","Coiba National Park: Yucal","YU",7.58651,-81.721,200,"WGS84","present","HumanObservation"
"coiba-vega-villarreal-2003:occurrence:df8fa73d77c045148f0b4456c6975c47","Kyphosus analogus","urn:lsid:marinespecies.org:taxname:273519","","Panama","Coiba National Park: Estación Biológica","EB",7.62981,-81.7286,200,"WGS84","present","HumanObservation"
"coiba-vega-villarreal-2003:occurrence:f6aa3518c0512b9a1c7094a089d6ba0a","Kyphosus analogus","urn:lsid:marinespecies.org:taxname:273519","","Panama","Coiba National Park: Granito de Oro","GO",7.59386,-81.7119,200,"WGS84","present","HumanObservation"
"coiba-vega-villarreal-2003:occurrence:17c7f7f64b5e24db0de9b00203adebf6","Kyphosus elegans","urn:lsid:marinespecies.org:taxname:273521","","Panama","Coiba National Park: Manglar frente a Cerro equis","CX",7.61453,-81.7268,200,"WGS84","present","HumanObservation"
"coiba-vega-villarreal-2003:occurrence:5a2ee9a8aae06351d0589082d4750ab2","Kyphosus elegans","urn:lsid:marinespecies.org:taxname:273521","","Panama","Coiba National Park: Yucal","YU",7.58651,-81.721,200,"WGS84","present","HumanObservation"
"coiba-vega-villarreal-2003:occurrence:d6aa20a16167ff9ae27237161dcbb495","Kyphosus elegans","urn:lsid:marinespecies.org:taxname:273521","","Panama","Coiba National Park: Estación Biológica","EB",7.62981,-81.7286,200,"WGS84","present","HumanObservation"
"coiba-vega-villarreal-2003:occurrence:47feac53f731ca1e3ebefc91b0e6c61d","Kyphosus elegans","urn:lsid:marinespecies.org:taxname:273521","","Panama","Coiba National Park: Granito de Oro","GO",7.59386,-81.7119,200,"WGS84","present","HumanObservation"
"coiba-vega-villarreal-2003:occurrence:3fa0cb28227ef715598d392a48e22670","Sectator ocyurus","urn:lsid:marinespecies.org:taxname:282744","","Panama","Coiba National Park: Manglar frente a Cerro equis","CX",7.61453,-81.7268,200,"WGS84","present","HumanObservation"
"coiba-vega-villarreal-2003:occurrence:ad081b84f901e780b67afd3b4dd8b69c","Sectator ocyurus","urn:lsid:marinespecies.org:taxname:282744","","Panama","Coiba National Park: Yucal","YU",7.58651,-81.721,200,"WGS84","present","HumanObservation"
"coiba-vega-villarreal-2003:occurrence:c9070d8c7f3899bcd05ea9eeb3b1eb6d","Sectator ocyurus","urn:lsid:marinespecies.org:taxname:282744","","Panama","Coiba National Park: Santa Cruz","SC",7.62698,-81.763,200,"WGS84","present","HumanObservation"
"coiba-vega-villarreal-2003:occurrence:66eafc68fe0844a6c109aee4af0ced5c","Sectator ocyurus","urn:lsid:marinespecies.org:taxname:282744","","Panama","Coiba National Park: Estación Biológica","EB",7.62981,-81.7286,200,"WGS84","present","HumanObservation"
"coiba-vega-villarreal-2003:occurrence:11e771410aa0dee01707b8f8ab8ee1b8","Bodianus diplotaenia","urn:lsid:marinespecies.org:taxname:273527","","Panama","Coiba National Park: Estación Biológica","EB",7.62981,-81.7286,200,"WGS84","present","HumanObservation"
"coiba-vega-villarreal-2003:occurrence:811cf9bead5becf3a5be3d1a8ab4058b","Bodianus diplotaenia","urn:lsid:marinespecies.org:taxname:273527","","Panama","Coiba National Park: Granito de Oro","GO",7.59386,-81.7119,200,"WGS84","present","HumanObservation"
"coiba-vega-villarreal-2003:occurrence:fbffc3885e85199ad58a35b9aba292fb","Halichoeres discolor","urn:lsid:marinespecies.org:taxname:275762","","Panama","Coiba National Park: Granito de Oro","GO",7.59386,-81.7119,200,"WGS84","present","HumanObservation"
"coiba-vega-villarreal-2003:occurrence:b79acda8312ffb223843f5e244bcb0dc","Halichoeres notospilus","urn:lsid:marinespecies.org:taxname:275781","","Panama","Coiba National Park: Estación Biológica","EB",7.62981,-81.7286,200,"WGS84","present","HumanObservation"
"coiba-vega-villarreal-2003:occurrence:0c0c923c066f14600ddcd6b3578167f5","Halichoeres notospilus","urn:lsid:marinespecies.org:taxname:275781","","Panama","Coiba National Park: Granito de Oro","GO",7.59386,-81.7119,200,"WGS84","present","HumanObservation"
"coiba-vega-villarreal-2003:occurrence:5c8dcbe4847dab3f82a5d61f4b42646c","Novaculichthys taeniourus","urn:lsid:marinespecies.org:taxname:219035","","Panama","Coiba National Park: Granito de Oro","GO",7.59386,-81.7119,200,"WGS84","present","HumanObservation"
"coiba-vega-villarreal-2003:occurrence:25d5dee436676e39a792ac1cbf3e5372","Thalassoma lucasanum","urn:lsid:marinespecies.org:taxname:273584","","Panama","Coiba National Park: Estación Biológica","EB",7.62981,-81.7286,200,"WGS84","present","HumanObservation"
"coiba-vega-villarreal-2003:occurrence:29ad76160fe63298a22d72577b734c84","Thalassoma lucasanum","urn:lsid:marinespecies.org:taxname:273584","","Panama","Coiba National Park: Granito de Oro","GO",7.59386,-81.7119,200,"WGS84","present","HumanObservation"
"coiba-vega-villarreal-2003:occurrence:db5116977c43f23b9c3b9888e2c115e6","Thalassoma lucasanum","urn:lsid:marinespecies.org:taxname:273584","","Panama","Coiba National Park: Playa Machete","PM",7.6403,-81.7432,200,"WGS84","present","HumanObservation"
"coiba-vega-villarreal-2003:occurrence:7a16876c4b7b40b6ea0769a8d4189a96","Malacoctenus margaritae","urn:lsid:marinespecies.org:taxname:281501","","Panama","Coiba National Park: Manglar frente a Cerro equis","CX",7.61453,-81.7268,200,"WGS84","present","HumanObservation"
"coiba-vega-villarreal-2003:occurrence:fa6840131e28d415d16e480679fb7107","Malacoctenus margaritae","urn:lsid:marinespecies.org:taxname:281501","","Panama","Coiba National Park: Granito de Oro","GO",7.59386,-81.7119,200,"WGS84","present","HumanObservation"
"coiba-vega-villarreal-2003:occurrence:7f1bb5e490bbfaadb908f74e45beac82","Malacoctenus margaritae","urn:lsid:marinespecies.org:taxname:281501","","Panama","Coiba National Park: Playa Rosario","PR",7.64618,-81.7555,200,"WGS84","present","HumanObservation"
"coiba-vega-villarreal-2003:occurrence:ab5e86f3a0184cb2fd77dd5daa4ce6fe","Mnierpes macrocephalus","urn:lsid:marinespecies.org:taxname:319375","","Panama","Coiba National Park: Playa Orquidea","PO",7.56309,-81.7148,200,"WGS84","present","HumanObservation"
"coiba-vega-villarreal-2003:occurrence:39b6c69263514e2d073fe45baaeb69a9","Hoplopagrus guntheri","urn:lsid:marinespecies.org:taxname:401707","","Panama","Coiba National Park: Manglar frente a Cerro equis","CX",7.61453,-81.7268,200,"WGS84","present","HumanObservation"
"coiba-vega-villarreal-2003:occurrence:ff209219598173c08e6c0499eb16b339","Hoplopagrus guntheri","urn:lsid:marinespecies.org:taxname:401707","","Panama","Coiba National Park: Yucal","YU",7.58651,-81.721,200,"WGS84","present","HumanObservation"
"coiba-vega-villarreal-2003:occurrence:58b32f25de1cc9c42a9ac0a1acd020a9","Hoplopagrus guntheri","urn:lsid:marinespecies.org:taxname:401707","","Panama","Coiba National Park: Santa Cruz","SC",7.62698,-81.763,200,"WGS84","present","HumanObservation"
"coiba-vega-villarreal-2003:occurrence:f08508292c36d0e1926f3e4c4b4f691a","Hoplopagrus guntheri","urn:lsid:marinespecies.org:taxname:401707","","Panama","Coiba National Park: Estación Biológica","EB",7.62981,-81.7286,200,"WGS84","present","HumanObservation"
"coiba-vega-villarreal-2003:occurrence:7d56e39212faaf56d585dab483ce8d8e","Hoplopagrus guntheri","urn:lsid:marinespecies.org:taxname:401707","","Panama","Coiba National Park: Ranchería","RA",7.63686,-81.7045,200,"WGS84","present","HumanObservation"
"coiba-vega-villarreal-2003:occurrence:54d2eed71e32ef5905cacb4ab43024d0","Lutjanus aratus","urn:lsid:marinespecies.org:taxname:276523","","Panama","Coiba National Park: Manglar frente a Cerro equis","CX",7.61453,-81.7268,200,"WGS84","present","HumanObservation"
"coiba-vega-villarreal-2003:occurrence:2265392725e8f2ed4e03af1403ce2103","Lutjanus aratus","urn:lsid:marinespecies.org:taxname:276523","","Panama","Coiba National Park: Yucal","YU",7.58651,-81.721,200,"WGS84","present","HumanObservation"
"coiba-vega-villarreal-2003:occurrence:c665c2f2d33e3a33086d29bed8808fcc","Lutjanus aratus","urn:lsid:marinespecies.org:taxname:276523","","Panama","Coiba National Park: Santa Cruz","SC",7.62698,-81.763,200,"WGS84","present","HumanObservation"
"coiba-vega-villarreal-2003:occurrence:cc967919532fa06a899358a27a3e1d45","Lutjanus aratus","urn:lsid:marinespecies.org:taxname:276523","","Panama","Coiba National Park: Estación Biológica","EB",7.62981,-81.7286,200,"WGS84","present","HumanObservation"
"coiba-vega-villarreal-2003:occurrence:728a42a3b38cb66b8ca41c0a8582fa63","Lutjanus argentiventris","urn:lsid:marinespecies.org:taxname:276524","","Panama","Coiba National Park: Manglar frente a Cerro equis","CX",7.61453,-81.7268,200,"WGS84","present","HumanObservation"
"coiba-vega-villarreal-2003:occurrence:21e79a4c01f261dd674b8d3e64ecb5d4","Lutjanus argentiventris","urn:lsid:marinespecies.org:taxname:276524","","Panama","Coiba National Park: Yucal","YU",7.58651,-81.721,200,"WGS84","present","HumanObservation"
"coiba-vega-villarreal-2003:occurrence:f476225e70e631f977c1f92fb15afc96","Lutjanus argentiventris","urn:lsid:marinespecies.org:taxname:276524","","Panama","Coiba National Park: Santa Cruz","SC",7.62698,-81.763,200,"WGS84","present","HumanObservation"
"coiba-vega-villarreal-2003:occurrence:9e4715bd82179ca86a2dfdbca6499778","Lutjanus argentiventris","urn:lsid:marinespecies.org:taxname:276524","","Panama","Coiba National Park: Estación Biológica","EB",7.62981,-81.7286,200,"WGS84","present","HumanObservation"
"coiba-vega-villarreal-2003:occurrence:b91e5b0159e9fed265499d6f28edc43c","Lutjanus argentiventris","urn:lsid:marinespecies.org:taxname:276524","","Panama","Coiba National Park: Granito de Oro","GO",7.59386,-81.7119,200,"WGS84","present","HumanObservation"
"coiba-vega-villarreal-2003:occurrence:764f2a726ed1acbee7f91c1ff29aa744","Lutjanus colorado","urn:lsid:marinespecies.org:taxname:276529","","Panama","Coiba National Park: Manglar frente a Cerro equis","CX",7.61453,-81.7268,200,"WGS84","present","HumanObservation"
"coiba-vega-villarreal-2003:occurrence:4024c58b8db648fc30c75f10d00d3165","Lutjanus colorado","urn:lsid:marinespecies.org:taxname:276529","","Panama","Coiba National Park: Yucal","YU",7.58651,-81.721,200,"WGS84","present","HumanObservation"
"coiba-vega-villarreal-2003:occurrence:0440716f30206974d5ab254dd2356773","Lutjanus colorado","urn:lsid:marinespecies.org:taxname:276529","","Panama","Coiba National Park: Santa Cruz","SC",7.62698,-81.763,200,"WGS84","present","HumanObservation"
"coiba-vega-villarreal-2003:occurrence:38351453050215eb0432e2a33701d7cf","Lutjanus colorado","urn:lsid:marinespecies.org:taxname:276529","","Panama","Coiba National Park: Barco Camaronero","AC",7.59567,-81.6915,200,"WGS84","present","HumanObservation"
"coiba-vega-villarreal-2003:occurrence:568b7e2033d4255e4804a268fcece6a3","Lutjanus guttatus","urn:lsid:marinespecies.org:taxname:276539","","Panama","Coiba National Park: Manglar frente a Cerro equis","CX",7.61453,-81.7268,200,"WGS84","present","HumanObservation"
"coiba-vega-villarreal-2003:occurrence:abaa7ccd5d30765bec7ddb15e162d425","Lutjanus guttatus","urn:lsid:marinespecies.org:taxname:276539","","Panama","Coiba National Park: Estación Biológica","EB",7.62981,-81.7286,200,"WGS84","present","HumanObservation"
"coiba-vega-villarreal-2003:occurrence:d9c6a655894705205b57ea72a04c1405","Lutjanus guttatus","urn:lsid:marinespecies.org:taxname:276539","","Panama","Coiba National Park: Granito de Oro","GO",7.59386,-81.7119,200,"WGS84","present","HumanObservation"
"coiba-vega-villarreal-2003:occurrence:e15ce4c0a1200e6dd105ba334b3a67d8","Lutjanus guttatus","urn:lsid:marinespecies.org:taxname:276539","","Panama","Coiba National Park: Barco Camaronero","AC",7.59567,-81.6915,200,"WGS84","present","HumanObservation"
"coiba-vega-villarreal-2003:occurrence:08683e2b05744923f78b2dcf2370eade","Lutjanus novemfasciatus","urn:lsid:marinespecies.org:taxname:276544","","Panama","Coiba National Park: Manglar frente a Cerro equis","CX",7.61453,-81.7268,200,"WGS84","present","HumanObservation"
"coiba-vega-villarreal-2003:occurrence:a2c9c6bd59b3ffa4ee24fe498d79e1e5","Lutjanus novemfasciatus","urn:lsid:marinespecies.org:taxname:276544","","Panama","Coiba National Park: Yucal","YU",7.58651,-81.721,200,"WGS84","present","HumanObservation"
"coiba-vega-villarreal-2003:occurrence:3910563303ffdbbc63ec2bef2a738f07","Lutjanus novemfasciatus","urn:lsid:marinespecies.org:taxname:276544","","Panama","Coiba National Park: Santa Cruz","SC",7.62698,-81.763,200,"WGS84","present","HumanObservation"
"coiba-vega-villarreal-2003:occurrence:c563a7b66e30b571479653a6d80b0119","Lutjanus novemfasciatus","urn:lsid:marinespecies.org:taxname:276544","","Panama","Coiba National Park: Estación Biológica","EB",7.62981,-81.7286,200,"WGS84","present","HumanObservation"
"coiba-vega-villarreal-2003:occurrence:8950740829b5bb88d0faa53413e196c4","Lutjanus peru","urn:lsid:marinespecies.org:taxname:276546","","Panama","Coiba National Park: Estación Biológica","EB",7.62981,-81.7286,200,"WGS84","present","HumanObservation"
"coiba-vega-villarreal-2003:occurrence:c22f2e4b8d57ca4771f5b66a1752dfcf","Lutjanus peru","urn:lsid:marinespecies.org:taxname:276546","","Panama","Coiba National Park: Barco Camaronero","AC",7.59567,-81.6915,200,"WGS84","present","HumanObservation"
"coiba-vega-villarreal-2003:occurrence:568460330480996c1949727c23925f61","Lutjanus viridis","urn:lsid:marinespecies.org:taxname:276552","","Panama","Coiba National Park: Granito de Oro","GO",7.59386,-81.7119,200,"WGS84","present","HumanObservation"
"coiba-vega-villarreal-2003:occurrence:26b65e669bde77a28590c0a26431e69b","Lutjanus viridis","urn:lsid:marinespecies.org:taxname:276552","","Panama","Coiba National Park: Ranchería","RA",7.63686,-81.7045,200,"WGS84","present","HumanObservation"
"coiba-vega-villarreal-2003:occurrence:bdd29d2233065b53d1eff1ae8951494e","Malacanthus brevirostris","urn:lsid:marinespecies.org:taxname:218378","","Panama","Coiba National Park: Granito de Oro","GO",7.59386,-81.7119,200,"WGS84","present","HumanObservation"
"coiba-vega-villarreal-2003:occurrence:abfb3fad051b0855c651e29b44d5e97f","Mugil curema","urn:lsid:marinespecies.org:taxname:159416","","Panama","Coiba National Park: Manglar frente a Cerro equis","CX",7.61453,-81.7268,200,"WGS84","present","HumanObservation"
"coiba-vega-villarreal-2003:occurrence:c2422ee0de3a441f7be6f7289311e004","Mugil curema","urn:lsid:marinespecies.org:taxname:159416","","Panama","Coiba National Park: Yucal","YU",7.58651,-81.721,200,"WGS84","present","HumanObservation"
"coiba-vega-villarreal-2003:occurrence:a768bc726fcb931769a23030d08bbb78","Mugil curema","urn:lsid:marinespecies.org:taxname:159416","","Panama","Coiba National Park: Santa Cruz","SC",7.62698,-81.763,200,"WGS84","present","HumanObservation"
"coiba-vega-villarreal-2003:occurrence:c8f0d790962a87bab853e7481d5e3d86","Mugil curema","urn:lsid:marinespecies.org:taxname:159416","","Panama","Coiba National Park: Estación Biológica","EB",7.62981,-81.7286,200,"WGS84","present","HumanObservation"
"coiba-vega-villarreal-2003:occurrence:83424e0a8b259ca6e188a9a2bc9bd613","Mulloidichthys dentatus","urn:lsid:marinespecies.org:taxname:277990","","Panama","Coiba National Park: Manglar frente a Cerro equis","CX",7.61453,-81.7268,200,"WGS84","present","HumanObservation"
"coiba-vega-villarreal-2003:occurrence:dcf2123d2acc26f405ec0587fe198abc","Mulloidichthys dentatus","urn:lsid:marinespecies.org:taxname:277990","","Panama","Coiba National Park: Estación Biológica","EB",7.62981,-81.7286,200,"WGS84","present","HumanObservation"
"coiba-vega-villarreal-2003:occurrence:cb70cafa3ee5abfe375886953c340cee","Mulloidichthys dentatus","urn:lsid:marinespecies.org:taxname:277990","","Panama","Coiba National Park: Granito de Oro","GO",7.59386,-81.7119,200,"WGS84","present","HumanObservation"
"coiba-vega-villarreal-2003:occurrence:febbf00bddfeec8afabda676a0cf34b7","Pseudupeneus grandisquamis","urn:lsid:marinespecies.org:taxname:273662","","Panama","Coiba National Park: Barco Camaronero","AC",7.59567,-81.6915,200,"WGS84","present","HumanObservation"
"coiba-vega-villarreal-2003:occurrence:32da9753379669cb90c15f6970c75c5d","Gymnothorax castaneus","urn:lsid:marinespecies.org:taxname:271825","","Panama","Coiba National Park: Estación Biológica","EB",7.62981,-81.7286,200,"WGS84","present","HumanObservation"
"coiba-vega-villarreal-2003:occurrence:76328316bfff8c56b8a9526bf8ff3683","Gymnothorax castaneus","urn:lsid:marinespecies.org:taxname:271825","","Panama","Coiba National Park: Granito de Oro","GO",7.59386,-81.7119,200,"WGS84","present","HumanObservation"
"coiba-vega-villarreal-2003:occurrence:8d0f586d0cfad694b3bcc8bb95c70e71","Gymnothorax undulatus","urn:lsid:marinespecies.org:taxname:217508","","Panama","Coiba National Park: Estación Biológica","EB",7.62981,-81.7286,200,"WGS84","present","HumanObservation"
"coiba-vega-villarreal-2003:occurrence:daf2fd730f3955a6a1e2c9593937654f","Gymnothorax undulatus","urn:lsid:marinespecies.org:taxname:217508","","Panama","Coiba National Park: Granito de Oro","GO",7.59386,-81.7119,200,"WGS84","present","HumanObservation"
"coiba-vega-villarreal-2003:occurrence:1bee11dc8ff8a73e0cfa83635bac3b88","Gymnothorax undulatus","urn:lsid:marinespecies.org:taxname:217508","","Panama","Coiba National Park: Playa Rosario","PR",7.64618,-81.7555,200,"WGS84","present","HumanObservation"
"coiba-vega-villarreal-2003:occurrence:c7d8460bc623bd78aa62aa6ff970db6c","Gymnothorax dovii","urn:lsid:marinespecies.org:taxname:271831","","Panama","Coiba National Park: Estación Biológica","EB",7.62981,-81.7286,200,"WGS84","present","HumanObservation"
"coiba-vega-villarreal-2003:occurrence:fd0c53932d8436385576ba268b94559a","Gymnothorax","urn:lsid:marinespecies.org:taxname:125636","","Panama","Coiba National Park: Granito de Oro","GO",7.59386,-81.7119,200,"WGS84","present","HumanObservation"
"coiba-vega-villarreal-2003:occurrence:ecd4bed6fbfe3375d1eaf053dc4e9b8f","Gymnothorax equatorialis","urn:lsid:marinespecies.org:taxname:271832","","Panama","Coiba National Park: Barco Camaronero","AC",7.59567,-81.6915,200,"WGS84","present","HumanObservation"
"coiba-vega-villarreal-2003:occurrence:b9f22cccf24a7efb732f0a6c8c45ca2b","Gymnomuraena zebra","urn:lsid:marinespecies.org:taxname:217476","","Panama","Coiba National Park: Granito de Oro","GO",7.59386,-81.7119,200,"WGS84","present","HumanObservation"
"coiba-vega-villarreal-2003:occurrence:4934d3d3162e4d170338142ff2e1b67d","Echidna nebulosa","urn:lsid:marinespecies.org:taxname:217469","","Panama","Coiba National Park: Playa Machete","PM",7.6403,-81.7432,200,"WGS84","present","HumanObservation"
"coiba-vega-villarreal-2003:occurrence:2103b5326f56ac50249d9b20057e8f7e","Echidna nocturna","urn:lsid:marinespecies.org:taxname:278678","","Panama","Coiba National Park: Playa Rosario","PR",7.64618,-81.7555,200,"WGS84","present","HumanObservation"
"coiba-vega-villarreal-2003:occurrence:5ce0e56111c7528270e8af32f08a013c","Nematistius pectoralis","urn:lsid:marinespecies.org:taxname:281664","","Panama","Coiba National Park: Manglar frente a Cerro equis","CX",7.61453,-81.7268,200,"WGS84","present","HumanObservation"
"coiba-vega-villarreal-2003:occurrence:d415c1f4c8b23aa4c35bda62db3b1e33","Myrichthys maculosus","urn:lsid:marinespecies.org:taxname:217578","","Panama","Coiba National Park: Granito de Oro","GO",7.59386,-81.7119,200,"WGS84","present","HumanObservation"
"coiba-vega-villarreal-2003:occurrence:946329abbcccfe4ef569e4ffab4d0657","Citharichthys gilberti","urn:lsid:marinespecies.org:taxname:275688","","Panama","Coiba National Park: Barco Camaronero","AC",7.59567,-81.6915,200,"WGS84","present","HumanObservation"
"coiba-vega-villarreal-2003:occurrence:dbba1f1a8278133d7681add1c451c446","Cyclopsetta panamensis","urn:lsid:marinespecies.org:taxname:275702","","Panama","Coiba National Park: Barco Camaronero","AC",7.59567,-81.6915,200,"WGS84","present","HumanObservation"
"coiba-vega-villarreal-2003:occurrence:1f47002dedaef9cb12f8dddd256c76f9","Poeciliopsis turrubarensis","urn:lsid:marinespecies.org:taxname:282308","","Panama","Coiba National Park: Santa Cruz","SC",7.62698,-81.763,200,"WGS84","present","HumanObservation"
"coiba-vega-villarreal-2003:occurrence:94d966504605bbd3d24721c1057b21a9","Polydactylus approximans","urn:lsid:marinespecies.org:taxname:271831","","Panama","Coiba National Park: Estación Biológica","EB",7.62981,-81.7286,200,"WGS84","present","HumanObservation"
"coiba-vega-villarreal-2003:occurrence:66e8199e8b49ecac6a43364f421ee652","Holacanthus passer","urn:lsid:marinespecies.org:taxname:276016","","Panama","Coiba National Park: Estación Biológica","EB",7.62981,-81.7286,200,"WGS84","present","HumanObservation"
"coiba-vega-villarreal-2003:occurrence:94b764bbedc5a684931610410b79456c","Holacanthus passer","urn:lsid:marinespecies.org:taxname:276016","","Panama","Coiba National Park: Granito de Oro","GO",7.59386,-81.7119,200,"WGS84","present","HumanObservation"
"coiba-vega-villarreal-2003:occurrence:da6db97a6c1344248d255ef0c473fa9a","Holacanthus passer","urn:lsid:marinespecies.org:taxname:276016","","Panama","Coiba National Park: Playa Machete","PM",7.6403,-81.7432,200,"WGS84","present","HumanObservation"
"coiba-vega-villarreal-2003:occurrence:b86d7c8070ce0219bb829f1910471897","Pomacanthus zonipectus","urn:lsid:marinespecies.org:taxname:276028","","Panama","Coiba National Park: Estación Biológica","EB",7.62981,-81.7286,200,"WGS84","present","HumanObservation"
"coiba-vega-villarreal-2003:occurrence:48af0030097d95b1c98f63ebd31f40fe","Abudefduf concolor","urn:lsid:marinespecies.org:taxname:273696","","Panama","Coiba National Park: Manglar frente a Cerro equis","CX",7.61453,-81.7268,200,"WGS84","present","HumanObservation"
"coiba-vega-villarreal-2003:occurrence:c32d57d9bfdf776f9ccd68269616871e","Abudefduf concolor","urn:lsid:marinespecies.org:taxname:273696","","Panama","Coiba National Park: Estación Biológica","EB",7.62981,-81.7286,200,"WGS84","present","HumanObservation"
"coiba-vega-villarreal-2003:occurrence:5658e794a2294ef40b91136e3d1e7d4b","Abudefduf concolor","urn:lsid:marinespecies.org:taxname:273696","","Panama","Coiba National Park: Granito de Oro","GO",7.59386,-81.7119,200,"WGS84","present","HumanObservation"
"coiba-vega-villarreal-2003:occurrence:c93a778c2175fb5820e78ad08c314fbe","Abudefduf concolor","urn:lsid:marinespecies.org:taxname:273696","","Panama","Coiba National Park: Playa Machete","PM",7.6403,-81.7432,200,"WGS84","present","HumanObservation"
"coiba-vega-villarreal-2003:occurrence:45f31b149441d085c2ef2fa84321543e","Abudefduf concolor","urn:lsid:marinespecies.org:taxname:273696","","Panama","Coiba National Park: Ranchería","RA",7.63686,-81.7045,200,"WGS84","present","HumanObservation"
"coiba-vega-villarreal-2003:occurrence:64d7ca428da37cf2d2fcf22245b83f76","Abudefduf concolor","urn:lsid:marinespecies.org:taxname:273696","","Panama","Coiba National Park: Barco Camaronero","AC",7.59567,-81.6915,200,"WGS84","present","HumanObservation"
"coiba-vega-villarreal-2003:occurrence:92d857c9549ddf716f193baac4526b29","Abudefduf troschelii","urn:lsid:marinespecies.org:taxname:273702","","Panama","Coiba National Park: Estación Biológica","EB",7.62981,-81.7286,200,"WGS84","present","HumanObservation"
"coiba-vega-villarreal-2003:occurrence:b77e8e749c05416f6e18b812f65e177a","Abudefduf troschelii","urn:lsid:marinespecies.org:taxname:273702","","Panama","Coiba National Park: Granito de Oro","GO",7.59386,-81.7119,200,"WGS84","present","HumanObservation"
"coiba-vega-villarreal-2003:occurrence:c86a643fb7d4fe2f5ddb9d8ef53d5e8f","Abudefduf troschelii","urn:lsid:marinespecies.org:taxname:273702","","Panama","Coiba National Park: Playa Machete","PM",7.6403,-81.7432,200,"WGS84","present","HumanObservation"
"coiba-vega-villarreal-2003:occurrence:646d4389f7b93652f08c0bb584a7c2c3","Chromis atrilobata","urn:lsid:marinespecies.org:taxname:273712","","Panama","Coiba National Park: Estación Biológica","EB",7.62981,-81.7286,200,"WGS84","present","HumanObservation"
"coiba-vega-villarreal-2003:occurrence:6d2e87124f8a4009b202cb4ac87be490","Chromis atrilobata","urn:lsid:marinespecies.org:taxname:273712","","Panama","Coiba National Park: Granito de Oro","GO",7.59386,-81.7119,200,"WGS84","present","HumanObservation"
"coiba-vega-villarreal-2003:occurrence:f0293bd91653c2db967008dd46aae89a","Chromis atrilobata","urn:lsid:marinespecies.org:taxname:273712","","Panama","Coiba National Park: Playa Machete","PM",7.6403,-81.7432,200,"WGS84","present","HumanObservation"
"coiba-vega-villarreal-2003:occurrence:79973edea05cffaa33532ac27b2581ad","Microspathodon bairdii","urn:lsid:marinespecies.org:taxname:281570","","Panama","Coiba National Park: Estación Biológica","EB",7.62981,-81.7286,200,"WGS84","present","HumanObservation"
"coiba-vega-villarreal-2003:occurrence:7cc08455d6a585095a365b8b6ff44976","Microspathodon bairdii","urn:lsid:marinespecies.org:taxname:281570","","Panama","Coiba National Park: Granito de Oro","GO",7.59386,-81.7119,200,"WGS84","present","HumanObservation"
"coiba-vega-villarreal-2003:occurrence:d5d83aaee32d75981abe604ca909cbcb","Microspathodon bairdii","urn:lsid:marinespecies.org:taxname:281570","","Panama","Coiba National Park: Playa Machete","PM",7.6403,-81.7432,200,"WGS84","present","HumanObservation"
"coiba-vega-villarreal-2003:occurrence:f4026be35cc30af6d24443a9cfb15ba1","Microspathodon bairdii","urn:lsid:marinespecies.org:taxname:281570","","Panama","Coiba National Park: Ranchería","RA",7.63686,-81.7045,200,"WGS84","present","HumanObservation"
"coiba-vega-villarreal-2003:occurrence:8a20e74093972ecc5bd9d39562a7208d","Microspathodon dorsalis","urn:lsid:marinespecies.org:taxname:281572","","Panama","Coiba National Park: Estación Biológica","EB",7.62981,-81.7286,200,"WGS84","present","HumanObservation"
"coiba-vega-villarreal-2003:occurrence:03f4014db9097e118e4f6d9df4bf4137","Microspathodon dorsalis","urn:lsid:marinespecies.org:taxname:281572","","Panama","Coiba National Park: Granito de Oro","GO",7.59386,-81.7119,200,"WGS84","present","HumanObservation"
"coiba-vega-villarreal-2003:occurrence:acb57e14b986869c7832c776388b978a","Microspathodon dorsalis","urn:lsid:marinespecies.org:taxname:281572","","Panama","Coiba National Park: Ranchería","RA",7.63686,-81.7045,200,"WGS84","present","HumanObservation"
"coiba-vega-villarreal-2003:occurrence:bc7ddbc012ae0dfa6f5b898cf3fb5145","Stegastes acapulcoensis","urn:lsid:marinespecies.org:taxname:276658","","Panama","Coiba National Park: Estación Biológica","EB",7.62981,-81.7286,200,"WGS84","present","HumanObservation"
"coiba-vega-villarreal-2003:occurrence:4f505d8c4ce828d98dc1f15583abaa53","Stegastes acapulcoensis","urn:lsid:marinespecies.org:taxname:276658","","Panama","Coiba National Park: Granito de Oro","GO",7.59386,-81.7119,200,"WGS84","present","HumanObservation"
"coiba-vega-villarreal-2003:occurrence:da3d4a082365059b0da4d13053f21d44","Stegastes flavilatus","urn:lsid:marinespecies.org:taxname:276668","","Panama","Coiba National Park: Estación Biológica","EB",7.62981,-81.7286,200,"WGS84","present","HumanObservation"
"coiba-vega-villarreal-2003:occurrence:6b3ff3dbee9413ab335db350bc8a51cd","Stegastes flavilatus","urn:lsid:marinespecies.org:taxname:276668","","Panama","Coiba National Park: Granito de Oro","GO",7.59386,-81.7119,200,"WGS84","present","HumanObservation"
"coiba-vega-villarreal-2003:occurrence:b96a22ed4b4b7d9adbcb90ca9640dac5","Stegastes flavilatus","urn:lsid:marinespecies.org:taxname:276668","","Panama","Coiba National Park: Playa Machete","PM",7.6403,-81.7432,200,"WGS84","present","HumanObservation"
"coiba-vega-villarreal-2003:occurrence:52f934c376edbd67e3ce2c1b1940115e","Stegastes flavilatus","urn:lsid:marinespecies.org:taxname:276668","","Panama","Coiba National Park: Ranchería","RA",7.63686,-81.7045,200,"WGS84","present","HumanObservation"
"coiba-vega-villarreal-2003:occurrence:eaa7472b5c632b7b7f7a375cb01a2aba","Stegastes rectifraenum","urn:lsid:marinespecies.org:taxname:276680","","Panama","Coiba National Park: Playa Machete","PM",7.6403,-81.7432,200,"WGS84","present","HumanObservation"
"coiba-vega-villarreal-2003:occurrence:a54e968f4e7a259c5e94f7e48e80f52c","Pristigenys serrula","urn:lsid:marinespecies.org:taxname:276037","","Panama","Coiba National Park: Estación Biológica","EB",7.62981,-81.7286,200,"WGS84","present","HumanObservation"
"coiba-vega-villarreal-2003:occurrence:8e0b475c64aa6d41b3b6fd0fa6b0f610","Pristigenys serrula","urn:lsid:marinespecies.org:taxname:276037","","Panama","Coiba National Park: Barco Camaronero","AC",7.59567,-81.6915,200,"WGS84","present","HumanObservation"
"coiba-vega-villarreal-2003:occurrence:254934f2c2827b9f9935d558afb41c07","Scarus ghobban","urn:lsid:marinespecies.org:taxname:219127","","Panama","Coiba National Park: Manglar frente a Cerro equis","CX",7.61453,-81.7268,200,"WGS84","present","HumanObservation"
"coiba-vega-villarreal-2003:occurrence:47ba3e055bf2407a4462c126c7a786bf","Scarus ghobban","urn:lsid:marinespecies.org:taxname:219127","","Panama","Coiba National Park: Yucal","YU",7.58651,-81.721,200,"WGS84","present","HumanObservation"
"coiba-vega-villarreal-2003:occurrence:10ca7e7a241b78efb41258121150bb17","Scarus ghobban","urn:lsid:marinespecies.org:taxname:219127","","Panama","Coiba National Park: Estación Biológica","EB",7.62981,-81.7286,200,"WGS84","present","HumanObservation"
"coiba-vega-villarreal-2003:occurrence:d1a851ac3c73bb0888a53a70d7cbbd55","Scarus ghobban","urn:lsid:marinespecies.org:taxname:219127","","Panama","Coiba National Park: Granito de Oro","GO",7.59386,-81.7119,200,"WGS84","present","HumanObservation"
"coiba-vega-villarreal-2003:occurrence:760afc4ee3418b8d14720c87dbc4383e","Scarus ghobban","urn:lsid:marinespecies.org:taxname:219127","","Panama","Coiba National Park: Playa Orquidea","PO",7.56309,-81.7148,200,"WGS84","present","HumanObservation"
"coiba-vega-villarreal-2003:occurrence:67214326faee7a300a94727306127799","Scarus ghobban","urn:lsid:marinespecies.org:taxname:219127","","Panama","Coiba National Park: Ranchería","RA",7.63686,-81.7045,200,"WGS84","present","HumanObservation"
"coiba-vega-villarreal-2003:occurrence:6073a542919c807ad605f076b01cc7f6","Scarus rubroviolaceus","urn:lsid:marinespecies.org:taxname:219124","","Panama","Coiba National Park: Granito de Oro","GO",7.59386,-81.7119,200,"WGS84","present","HumanObservation"
"coiba-vega-villarreal-2003:occurrence:f43593a9d9a0ef63db8badcb5910511a","Scorpaena","urn:lsid:marinespecies.org:taxname:126171","","Panama","Coiba National Park: Playa Machete","PM",7.6403,-81.7432,200,"WGS84","present","HumanObservation"
"coiba-vega-villarreal-2003:occurrence:c1310eeecca4418f545a15ef14c568e1","Scorpaena plumieri mystes","urn:lsid:marinespecies.org:taxname:323185","","Panama","Coiba National Park: Estación Biológica","EB",7.62981,-81.7286,200,"WGS84","present","HumanObservation"
"coiba-vega-villarreal-2003:occurrence:58d36ef4bc8311d1029e5acc0b48a38c","Umbrina xanti","urn:lsid:marinespecies.org:taxname:273805","","Panama","Coiba National Park: Manglar frente a Cerro equis","CX",7.61453,-81.7268,200,"WGS84","present","HumanObservation"
"coiba-vega-villarreal-2003:occurrence:42020fcf2c1284a1fdacaa089d72a56d","Umbrina xanti","urn:lsid:marinespecies.org:taxname:273805","","Panama","Coiba National Park: Yucal","YU",7.58651,-81.721,200,"WGS84","present","HumanObservation"
"coiba-vega-villarreal-2003:occurrence:3e79c2342a8a987b6d9b6879ac5fba39","Umbrina xanti","urn:lsid:marinespecies.org:taxname:273805","","Panama","Coiba National Park: Santa Cruz","SC",7.62698,-81.763,200,"WGS84","present","HumanObservation"
"coiba-vega-villarreal-2003:occurrence:a5c04af7cb8a82f6485a7bfda762d31d","Umbrina xanti","urn:lsid:marinespecies.org:taxname:273805","","Panama","Coiba National Park: Estación Biológica","EB",7.62981,-81.7286,200,"WGS84","present","HumanObservation"
"coiba-vega-villarreal-2003:occurrence:cf6d8ce5e402786c6d28e983b99cd2c6","Umbrina analis","urn:lsid:marinespecies.org:taxname:273793","","Panama","Coiba National Park: Manglar frente a Cerro equis","CX",7.61453,-81.7268,200,"WGS84","present","HumanObservation"
"coiba-vega-villarreal-2003:occurrence:b82ec293e46ebcae6a5106e38c08f5f2","Umbrina analis","urn:lsid:marinespecies.org:taxname:273793","","Panama","Coiba National Park: Estación Biológica","EB",7.62981,-81.7286,200,"WGS84","present","HumanObservation"
"coiba-vega-villarreal-2003:occurrence:29020f97c55eea89f650582094826676","Scomberomorus sierra","urn:lsid:marinespecies.org:taxname:273821","","Panama","Coiba National Park: Yucal","YU",7.58651,-81.721,200,"WGS84","present","HumanObservation"
"coiba-vega-villarreal-2003:occurrence:32b391ef323e268fa152c451b4517d5b","Scomberomorus sierra","urn:lsid:marinespecies.org:taxname:273821","","Panama","Coiba National Park: Estación Biológica","EB",7.62981,-81.7286,200,"WGS84","present","HumanObservation"
"coiba-vega-villarreal-2003:occurrence:0d874f6cf2821b83fdd95810b9ea5cee","Euthynnus lineatus","urn:lsid:marinespecies.org:taxname:273806","","Panama","Coiba National Park: Estación Biológica","EB",7.62981,-81.7286,200,"WGS84","present","HumanObservation"
"coiba-vega-villarreal-2003:occurrence:34f08f1507aa43fce02b9d5273a35384","Alphestes multiguttatus","urn:lsid:marinespecies.org:taxname:279569","","Panama","Coiba National Park: Barco Camaronero","AC",7.59567,-81.6915,200,"WGS84","present","HumanObservation"
"coiba-vega-villarreal-2003:occurrence:fbfb77d3d8306b2c55af43ab18dac2b1","Diplectrum pacificum","urn:lsid:marinespecies.org:taxname:276183","","Panama","Coiba National Park: Barco Camaronero","AC",7.59567,-81.6915,200,"WGS84","present","HumanObservation"
"coiba-vega-villarreal-2003:occurrence:e9bc07cfe30d0a7917520239b31ceeb0","Epinephelus labriformis","urn:lsid:marinespecies.org:taxname:273858","","Panama","Coiba National Park: Estación Biológica","EB",7.62981,-81.7286,200,"WGS84","present","HumanObservation"
"coiba-vega-villarreal-2003:occurrence:8456cadf74661479cefc2909aad222f4","Epinephelus labriformis","urn:lsid:marinespecies.org:taxname:273858","","Panama","Coiba National Park: Granito de Oro","GO",7.59386,-81.7119,200,"WGS84","present","HumanObservation"
"coiba-vega-villarreal-2003:occurrence:7f6402dad0d5500185f16671913ef12b","Epinephelus analogus","urn:lsid:marinespecies.org:taxname:273835","","Panama","Coiba National Park: Barco Camaronero","AC",7.59567,-81.6915,200,"WGS84","present","HumanObservation"
"coiba-vega-villarreal-2003:occurrence:03ba781d8c2ed717b68ff321aad5014c","Epinephelus itajara","urn:lsid:marinespecies.org:taxname:159353","","Panama","Coiba National Park: Estación Biológica","EB",7.62981,-81.7286,200,"WGS84","present","HumanObservation"
"coiba-vega-villarreal-2003:occurrence:9ced766c06ac97211ef7e17d626ca9b3","Epinephelus itajara","urn:lsid:marinespecies.org:taxname:159353","","Panama","Coiba National Park: Granito de Oro","GO",7.59386,-81.7119,200,"WGS84","present","HumanObservation"
"coiba-vega-villarreal-2003:occurrence:be8fb078808a520778a839413509e9b6","Epinephelus itajara","urn:lsid:marinespecies.org:taxname:159353","","Panama","Coiba National Park: Playa Machete","PM",7.6403,-81.7432,200,"WGS84","present","HumanObservation"
"coiba-vega-villarreal-2003:occurrence:19ac4a7da41c6226d869e68bc8d23df0","Epinephelus itajara","urn:lsid:marinespecies.org:taxname:159353","","Panama","Coiba National Park: Playa Orquidea","PO",7.56309,-81.7148,200,"WGS84","present","HumanObservation"
"coiba-vega-villarreal-2003:occurrence:9a85ee71bc37cead8334deeb6ef302b9","Epinephelus acanthistius","urn:lsid:marinespecies.org:taxname:273832","","Panama","Coiba National Park: Playa Machete","PM",7.6403,-81.7432,200,"WGS84","present","HumanObservation"
"coiba-vega-villarreal-2003:occurrence:4e620c7cfa363c0615881f7c52663424","Epinephelus acanthistius","urn:lsid:marinespecies.org:taxname:273832","","Panama","Coiba National Park: Barco Camaronero","AC",7.59567,-81.6915,200,"WGS84","present","HumanObservation"
"coiba-vega-villarreal-2003:occurrence:8dc16a77c1b1a825c4a2ec0ac203036e","Epinephelus panamensis","urn:lsid:marinespecies.org:taxname:304755","","Panama","Coiba National Park: Estación Biológica","EB",7.62981,-81.7286,200,"WGS84","present","HumanObservation"
"coiba-vega-villarreal-2003:occurrence:2096860f61f2487ced28396f36a07c1b","Epinephelus panamensis","urn:lsid:marinespecies.org:taxname:304755","","Panama","Coiba National Park: Granito de Oro","GO",7.59386,-81.7119,200,"WGS84","present","HumanObservation"
"coiba-vega-villarreal-2003:occurrence:47019110793ce12dc4a6822886195bfa","Serranus psittacinus","urn:lsid:marinespecies.org:taxname:273904","","Panama","Coiba National Park: Granito de Oro","GO",7.59386,-81.7119,200,"WGS84","present","HumanObservation"
"coiba-vega-villarreal-2003:occurrence:87ab20865180b2c5e43bea17f46f9ef4","Calamus brachysomus","urn:lsid:marinespecies.org:taxname:275967","","Panama","Coiba National Park: Playa Orquidea","PO",7.56309,-81.7148,200,"WGS84","present","HumanObservation"
"coiba-vega-villarreal-2003:occurrence:b7ead5240c172f52cd439f1444e4c232","Sphyraena ensis","urn:lsid:marinespecies.org:taxname:273979","","Panama","Coiba National Park: Santa Cruz","SC",7.62698,-81.763,200,"WGS84","present","HumanObservation"
"coiba-vega-villarreal-2003:occurrence:062ecb4fec5fda4cd29ade552b729ed9","Sphyraena ensis","urn:lsid:marinespecies.org:taxname:273979","","Panama","Coiba National Park: Granito de Oro","GO",7.59386,-81.7119,200,"WGS84","present","HumanObservation"
"coiba-vega-villarreal-2003:occurrence:9d1dc7828d224e4175c29ee259fb9579","Sphyraena ensis","urn:lsid:marinespecies.org:taxname:273979","","Panama","Coiba National Park: Ranchería","RA",7.63686,-81.7045,200,"WGS84","present","HumanObservation"
"coiba-vega-villarreal-2003:occurrence:92851a1d71c37aeb332fef33783ccdf4","Syngnathus auliscus","urn:lsid:marinespecies.org:taxname:275217","","Panama","Coiba National Park: Playa Machete","PM",7.6403,-81.7432,200,"WGS84","present","HumanObservation"
"coiba-vega-villarreal-2003:occurrence:df9a8fd6b5656e1cc24401b375ef8f86","Doryrhamphus excisus","urn:lsid:marinespecies.org:taxname:218002","","Panama","Coiba National Park: Playa Machete","PM",7.6403,-81.7432,200,"WGS84","present","HumanObservation"
"coiba-vega-villarreal-2003:occurrence:26a32eed52a32214e0c5982ac479d900","Synodus lacertinus","urn:lsid:marinespecies.org:taxname:272130","","Panama","Coiba National Park: Playa Machete","PM",7.6403,-81.7432,200,"WGS84","present","HumanObservation"
"coiba-vega-villarreal-2003:occurrence:77b3f2405e90a1b3bba709691e958e62","Synodus sechurae","urn:lsid:marinespecies.org:taxname:272140","","Panama","Coiba National Park: Granito de Oro","GO",7.59386,-81.7119,200,"WGS84","present","HumanObservation"
"coiba-vega-villarreal-2003:occurrence:bc599f492dc082f68b88de50a5d6741a","Synodus sechurae","urn:lsid:marinespecies.org:taxname:272140","","Panama","Coiba National Park: Playa Machete","PM",7.6403,-81.7432,200,"WGS84","present","HumanObservation"
"coiba-vega-villarreal-2003:occurrence:dfc0f2674fa2f1c77b0ce3140b2668e7","Synodus evermanni","urn:lsid:marinespecies.org:taxname:272124","","Panama","Coiba National Park: Barco Camaronero","AC",7.59567,-81.6915,200,"WGS84","present","HumanObservation"
"coiba-vega-villarreal-2003:occurrence:9920398fbfa34e870c468d7a9c1104bc","Synodus scituliceps","urn:lsid:marinespecies.org:taxname:272139","","Panama","Coiba National Park: Estación Biológica","EB",7.62981,-81.7286,200,"WGS84","present","HumanObservation"
"coiba-vega-villarreal-2003:occurrence:417ee19ad2f3bb5d7d5dfcd4f337965d","Synodus scituliceps","urn:lsid:marinespecies.org:taxname:272139","","Panama","Coiba National Park: Granito de Oro","GO",7.59386,-81.7119,200,"WGS84","present","HumanObservation"
"coiba-vega-villarreal-2003:occurrence:0f3f1f4cf4f1de6311e60a967d753588","Arothron meleagris","urn:lsid:marinespecies.org:taxname:219926","","Panama","Coiba National Park: Estación Biológica","EB",7.62981,-81.7286,200,"WGS84","present","HumanObservation"
"coiba-vega-villarreal-2003:occurrence:a5ff66b93ea8900dfe54d00b2e1cbf87","Arothron meleagris","urn:lsid:marinespecies.org:taxname:219926","","Panama","Coiba National Park: Granito de Oro","GO",7.59386,-81.7119,200,"WGS84","present","HumanObservation"
"coiba-vega-villarreal-2003:occurrence:b9a752a596ac4cb9c2e6da6da6c375bb","Arothron meleagris","urn:lsid:marinespecies.org:taxname:219926","","Panama","Coiba National Park: Playa Machete","PM",7.6403,-81.7432,200,"WGS84","present","HumanObservation"
"coiba-vega-villarreal-2003:occurrence:b56ba3ff3435e98c2867d5e04584d321","Arothon hispidus","urn:lsid:marinespecies.org:taxname:1577720","","Panama","Coiba National Park: Santa Cruz","SC",7.62698,-81.763,200,"WGS84","present","HumanObservation"
"coiba-vega-villarreal-2003:occurrence:a0e7b9ebbe529dc02c4b58810faadd74","Arothon hispidus","urn:lsid:marinespecies.org:taxname:1577720","","Panama","Coiba National Park: Estación Biológica","EB",7.62981,-81.7286,200,"WGS84","present","HumanObservation"
"coiba-vega-villarreal-2003:occurrence:6f50c08e285de85b28aa267e4c7e85b4","Arothon hispidus","urn:lsid:marinespecies.org:taxname:1577720","","Panama","Coiba National Park: Granito de Oro","GO",7.59386,-81.7119,200,"WGS84","present","HumanObservation"
"coiba-vega-villarreal-2003:occurrence:829ac9e6c11c717decd462f1bfc6ccca","Arothon hispidus","urn:lsid:marinespecies.org:taxname:1577720","","Panama","Coiba National Park: Playa Machete","PM",7.6403,-81.7432,200,"WGS84","present","HumanObservation"
"coiba-vega-villarreal-2003:occurrence:8ae7bc4e068f8d21b6b3827c5dfd077f","Arothon hispidus","urn:lsid:marinespecies.org:taxname:1577720","","Panama","Coiba National Park: Barco Camaronero","AC",7.59567,-81.6915,200,"WGS84","present","HumanObservation"
"coiba-vega-villarreal-2003:occurrence:db430e281c41af09071ce49878c3c9c2","Canthigaster punctatissima","urn:lsid:marinespecies.org:taxname:275264","","Panama","Coiba National Park: Estación Biológica","EB",7.62981,-81.7286,200,"WGS84","present","HumanObservation"
"coiba-vega-villarreal-2003:occurrence:555392829c06202586cdd6bd03d7f812","Canthigaster punctatissima","urn:lsid:marinespecies.org:taxname:275264","","Panama","Coiba National Park: Granito de Oro","GO",7.59386,-81.7119,200,"WGS84","present","HumanObservation"
"coiba-vega-villarreal-2003:occurrence:99e59c10f44ae8b99bedc8ffaee9b0af","Sphoeroides","urn:lsid:marinespecies.org:taxname:126241","","Panama","Coiba National Park: Santa Cruz","SC",7.62698,-81.763,200,"WGS84","present","HumanObservation"
"coiba-vega-villarreal-2003:occurrence:ffc6ff7f013bc937e9fc60a7c9e81f09","Sphoeroides annulatus","urn:lsid:marinespecies.org:taxname:275272","","Panama","Coiba National Park: Santa Cruz","SC",7.62698,-81.763,200,"WGS84","present","HumanObservation"
"coiba-vega-villarreal-2003:occurrence:c85fa2a3157f72ef23961550e52c1eca","Sphoeroides lobatus","urn:lsid:marinespecies.org:taxname:275279","","Panama","Coiba National Park: Santa Cruz","SC",7.62698,-81.763,200,"WGS84","present","HumanObservation"
"coiba-vega-villarreal-2003:occurrence:090bfb12d398a9f34efd9b1c0ea3768b","Sphoeroides lobatus","urn:lsid:marinespecies.org:taxname:275279","","Panama","Coiba National Park: Granito de Oro","GO",7.59386,-81.7119,200,"WGS84","present","HumanObservation"
"coiba-vega-villarreal-2003:occurrence:12a9b6afa603479ac9cafa57c61e8b6d","Sphoeroides lobatus","urn:lsid:marinespecies.org:taxname:275279","","Panama","Coiba National Park: Barco Camaronero","AC",7.59567,-81.6915,200,"WGS84","present","HumanObservation"
"coiba-vega-villarreal-2003:occurrence:4bd0a686c13bc6509a83681645ffd79e","Prionotus albirostris","urn:lsid:marinespecies.org:taxname:276278","","Panama","Coiba National Park: Estación Biológica","EB",7.62981,-81.7286,200,"WGS84","present","HumanObservation"
"coiba-vega-villarreal-2003:occurrence:176e0124bfcba22b15b6229a2a263110","Prionotus albirostris","urn:lsid:marinespecies.org:taxname:276278","","Panama","Coiba National Park: Barco Camaronero","AC",7.59567,-81.6915,200,"WGS84","present","HumanObservation"
"coiba-vega-villarreal-2003:occurrence:38aa95092d381698d547726a27ee2a16","Zanclus cornutus","urn:lsid:marinespecies.org:taxname:220083","","Panama","Coiba National Park: Manglar frente a Cerro equis","CX",7.61453,-81.7268,200,"WGS84","present","HumanObservation"
"coiba-vega-villarreal-2003:occurrence:19053dbdaa618acab38f04cbcc90bf84","Zanclus cornutus","urn:lsid:marinespecies.org:taxname:220083","","Panama","Coiba National Park: Estación Biológica","EB",7.62981,-81.7286,200,"WGS84","present","HumanObservation"
"coiba-vega-villarreal-2003:occurrence:5fde72b52b500443667fb01118426922","Zanclus cornutus","urn:lsid:marinespecies.org:taxname:220083","","Panama","Coiba National Park: Granito de Oro","GO",7.59386,-81.7119,200,"WGS84","present","HumanObservation"
"coiba-vega-villarreal-2003:occurrence:b83fabab612eb888b7459dddaf8d12cc","Zanclus cornutus","urn:lsid:marinespecies.org:taxname:220083","","Panama","Coiba National Park: Playa Rosario","PR",7.64618,-81.7555,200,"WGS84","present","HumanObservation"
"coiba-vega-villarreal-2003:occurrence:67787abbfd476d67e1e4a2d01fdff5af","Zanclus cornutus","urn:lsid:marinespecies.org:taxname:220083","","Panama","Coiba National Park: Playa Orquidea","PO",7.56309,-81.7148,200,"WGS84","present","HumanObservation"
