<?xml version="1.0" encoding="UTF-8"?>
<archive xmlns="http://rs.tdwg.org/dwc/text/" xmlns:xsi="http://www.w3.org/2001/XMLSchema-instance" xmlns:xs="http://www.w3.org/2001/XMLSchema" xsi:schemaLocation="http://rs.tdwg.org/dwc/text/ http://rs.tdwg.org/dwc/text/tdwg_dwc_text.xsd">
  <core rowType="http://rs.tdwg.org/dwc/terms/Occurrence" ignoreHeaderLines="1">
    <files>
      <location>occurrence.csv</location>
    </files>
    <field index="0" term="http://rs.tdwg.org/dwc/terms/occurrenceID"/>
    <field index="1" term="http://rs.tdwg.org/dwc/terms/scientificName"/>
    <field index="2" term="http://rs.tdwg.org/dwc/terms/scientificNameID"/>
    <field term="http://rs.tdwg.org/dwc/terms/eventDate" default=""/>
    <field term="http://rs.tdwg.org/dwc/terms/country" default="Philippines"/>
    <field term="http://rs.tdwg.org/dwc/terms/locality" default="Tubbataha Reefs Natural Park"/>
    <field term="http://rs.tdwg.org/dwc/terms/decimalLatitude" default="8.90034993218769"/>
    <field term="http://rs.tdwg.org/dwc/terms/decimalLongitude" default="119.880261437599"/>
    <field term="http://rs.tdwg.org/dwc/terms/coordinateUncertaintyInMeters" default="23832.0478234823"/>
    <field term="http://rs.tdwg.org/dwc/terms/footprintWKT" default="POLYGON ((119.763 8.71917, 119.845 8.6925, 120.056 8.89139, 120.053 8.96917, 119.806 9.10139, 119.769 9.08111, 119.763 8.71917))"/>
    <field term="http://rs.tdwg.org/dwc/terms/geodeticDatum" default="WGS84"/>
    <field term="http://rs.tdwg.org/dwc/terms/occurrenceStatus" default="present"/>
    <field term="http://rs.tdwg.org/dwc/terms/basisOfRecord" default="HumanObservation"/>
  </core>
</archive>
