"occurrenceID","scientificName","scientificNameID","eventDate","country","locality","decimalLatitude","decimalLongitude","coordinateUncertaintyInMeters","footprintWKT","geodeticDatum","occurrenceStatus","basisOfRecord"
"lord-howe-davis-2018:occurrence:041f62ac27365c8c77dbd48d77a862d2","Acanthurus triostegus","urn:lsid:marinespecies.org:taxname:219630","","Australia","Lord Howe Island Group",-31.623583266858,159.167500000002,28017.4607427877,"POLYGON ((159.334 -31.8317, 159.334 -31.768, 159.334 -31.4666, 159.334 -31.415, 159.001 -31.415, 159.001 -31.4733, 159.001 -31.5613, 159.001 -31.7912, 159.001 -31.8317, 159.017 -31.8317, 159.334 -31.8317))","WGS84","present","HumanObservation"
"lord-howe-davis-2018:occurrence:f2aa87087dba9ac9a3969e537c259a38","Prionurus microlepidotus","urn:lsid:marinespecies.org:taxname:282348","","Australia","Lord Howe Island Group",-31.623583266858,159.167500000002,28017.4607427877,"POLYGON ((159.334 -31.8317, 159.334 -31.768, 159.334 -31.4666, 159.334 -31.415, 159.001 -31.415, 159.001 -31.4733, 159.001 -31.5613, 159.001 -31.7912, 159.001 -31.8317, 159.017 -31.8317, 159.334 -31.8317))","WGS84","present","HumanObservation"
"lord-howe-davis-2018:occurrence:201f660975e90c08daef735b4d1909e9","Apogon doederleini","urn:lsid:marinespecies.org:taxname:273008","","Australia","Lord Howe Island Group",-31.623583266858,159.167500000002,28017.4607427877,"POLYGON ((159.334 -31.8317, 159.334 -31.768, 159.334 -31.4666, 159.334 -31.415, 159.001 -31.415, 159.001 -31.4733, 159.001 -31.5613, 159.001 -31.7912, 159.001 -31.8317, 159.017 -31.8317, 159.334 -31.8317))","WGS84","present","HumanObservation"
"lord-howe-davis-2018:occurrence:d54d7355f84dd744d00fdbb0e3018034","Apogon norfolcensis","urn:lsid:marinespecies.org:taxname:273056","","Australia","Lord Howe Island Group",-31.623583266858,159.167500000002,28017.4607427877,"POLYGON ((159.334 -31.8317, 159.334 -31.768, 159.334 -31.4666, 159.334 -31.415, 159.001 -31.415, 159.001 -31.4733, 159.001 -31.5613, 159.001 -31.7912, 159.001 -31.8317, 159.017 -31.8317, 159.334 -31.8317))","WGS84","present","HumanObservation"
"lord-howe-davis-2018:occurrence:ccd49edd45b70ba766649a726f04b39b","Atherinomorus","urn:lsid:marinespecies.org:taxname:125660","","Australia","Lord Howe Island Group",-31.623583266858,159.167500000002,28017.4607427877,"POLYGON ((159.334 -31.8317, 159.334 -31.768, 159.334 -31.4666, 159.334 -31.415, 159.001 -31.415, 159.001 -31.4733, 159.001 -31.5613, 159.001 -31.7912, 159.001 -31.8317, 159.017 -31.8317, 159.334 -31.8317))","WGS84","present","HumanObservation"
"lord-howe-davis-2018:occurrence:a5bb673b64f7fe22f7877a35dafedfc0","Cirripectes alboapicalis","urn:lsid:marinespecies.org:taxname:276716","","Australia","Lord Howe Island Group",-31.623583266858,159.167500000002,28017.4607427877,"POLYGON ((159.334 -31.8317, 159.334 -31.768, 159.334 -31.4666, 159.334 -31.415, 159.001 -31.415, 159.001 -31.4733, 159.001 -31.5613, 159.001 -31.7912, 159.001 -31.8317, 159.017 -31.8317, 159.334 -31.8317))","WGS84","present","HumanObservation"
"lord-howe-davis-2018:occurrence:f49295a405578254b41c2ea9d54e6a90","Cirripectes castaneus","urn:lsid:marinespecies.org:taxname:219266","","Australia","Lord Howe Island Group",-31.623583266858,159.167500000002,28017.4607427877,"POLYGON ((159.334 -31.8317, 159.334 -31.768, 159.334 -31.4666, 159.334 -31.415, 159.001 -31.415, 159.001 -31.4733, 159.001 -31.5613, 159.001 -31.7912, 159.001 -31.8317, 159.017 -31.8317, 159.334 -31.8317))","WGS84","present","HumanObservation"
"lord-howe-davis-2018:occurrence:0b4cbf3ef44817905437d2e0220bb54b","Cirripectes chelomatus","urn:lsid:marinespecies.org:taxname:276718","","Australia","Lord Howe Island Group",-31.623583266858,159.167500000002,28017.4607427877,"POLYGON ((159.334 -31.8317, 159.334 -31.768, 159.334 -31.4666, 159.334 -31.415, 159.001 -31.415, 159.001 -31.4733, 159.001 -31.5613, 159.001 -31.7912, 159.001 -31.8317, 159.017 -31.8317, 159.334 -31.8317))","WGS84","present","HumanObservation"
"lord-howe-davis-2018:occurrence:1d49764e0c9c1d98828bec0420b82364","Cirripectes","urn:lsid:marinespecies.org:taxname:203854","","Australia","Lord Howe Island Group",-31.623583266858,159.167500000002,28017.4607427877,"POLYGON ((159.334 -31.8317, 159.334 -31.768, 159.334 -31.4666, 159.334 -31.415, 159.001 -31.415, 159.001 -31.4733, 159.001 -31.5613, 159.001 -31.7912, 159.001 -31.8317, 159.017 -31.8317, 159.334 -31.8317))","WGS84","present","HumanObservation"
"lord-howe-davis-2018:occurrence:6cbf7500e54a611deda84de38a8d5144","Plagiotremus tapeinosoma","urn:lsid:marinespecies.org:taxname:219335","","Australia","Lord Howe Island Group",-31.623583266858,159.167500000002,28017.4607427877,"POLYGON ((159.334 -31.8317, 159.334 -31.768, 159.334 -31.4666, 159.334 -31.415, 159.001 -31.415, 159.001 -31.4733, 159.001 -31.5613, 159.001 -31.7912, 159.001 -31.8317, 159.017 -31.8317, 159.334 -31.8317))","WGS84","present","HumanObservation"
"lord-howe-davis-2018:occurrence:d5db66a394b093666f02fd1353d164e7","Carangoides ferdau","urn:lsid:marinespecies.org:taxname:218395","","Australia","Lord Howe Island Group",-31.623583266858,159.167500000002,28017.4607427877,"POLYGON ((159.334 -31.8317, 159.334 -31.768, 159.334 -31.4666, 159.334 -31.415, 159.001 -31.415, 159.001 -31.4733, 159.001 -31.5613, 159.001 -31.7912, 159.001 -31.8317, 159.017 -31.8317, 159.334 -31.8317))","WGS84","present","HumanObservation"
"lord-howe-davis-2018:occurrence:587382fb71d937c22f2ba9e44bdc068b","Chaetodon auriga","urn:lsid:marinespecies.org:taxname:218730","","Australia","Lord Howe Island Group",-31.623583266858,159.167500000002,28017.4607427877,"POLYGON ((159.334 -31.8317, 159.334 -31.768, 159.334 -31.4666, 159.334 -31.415, 159.001 -31.415, 159.001 -31.4733, 159.001 -31.5613, 159.001 -31.7912, 159.001 -31.8317, 159.017 -31.8317, 159.334 -31.8317))","WGS84","present","HumanObservation"
"lord-howe-davis-2018:occurrence:d534ba0f51620de31281c1ca26af3345","Chaetodon flavirostris","urn:lsid:marinespecies.org:taxname:273337","","Australia","Lord Howe Island Group",-31.623583266858,159.167500000002,28017.4607427877,"POLYGON ((159.334 -31.8317, 159.334 -31.768, 159.334 -31.4666, 159.334 -31.415, 159.001 -31.415, 159.001 -31.4733, 159.001 -31.5613, 159.001 -31.7912, 159.001 -31.8317, 159.017 -31.8317, 159.334 -31.8317))","WGS84","present","HumanObservation"
"lord-howe-davis-2018:occurrence:487ffa29319e8ba50d55fad5be59ab4d","Cheilodactylus vestitus","urn:lsid:marinespecies.org:taxname:311552","","Australia","Lord Howe Island Group",-31.623583266858,159.167500000002,28017.4607427877,"POLYGON ((159.334 -31.8317, 159.334 -31.768, 159.334 -31.4666, 159.334 -31.415, 159.001 -31.415, 159.001 -31.4733, 159.001 -31.5613, 159.001 -31.7912, 159.001 -31.8317, 159.017 -31.8317, 159.334 -31.8317))","WGS84","present","HumanObservation"
"lord-howe-davis-2018:occurrence:52f5e29321f1f4082a6a305b082f4c26","Gobiesocidae","urn:lsid:marinespecies.org:taxname:125477","","Australia","Lord Howe Island Group",-31.623583266858,159.167500000002,28017.4607427877,"POLYGON ((159.334 -31.8317, 159.334 -31.768, 159.334 -31.4666, 159.334 -31.415, 159.001 -31.415, 159.001 -31.4733, 159.001 -31.5613, 159.001 -31.7912, 159.001 -31.8317, 159.017 -31.8317, 159.334 -31.8317))","WGS84","present","HumanObservation"
"lord-howe-davis-2018:occurrence:370a662171f781dad37a4b58e08f3164","Amblygobius phalaena","urn:lsid:marinespecies.org:taxname:278655","","Australia","Lord Howe Island Group",-31.623583266858,159.167500000002,28017.4607427877,"POLYGON ((159.334 -31.8317, 159.334 -31.768, 159.334 -31.4666, 159.334 -31.415, 159.001 -31.415, 159.001 -31.4733, 159.001 -31.5613, 159.001 -31.7912, 159.001 -31.8317, 159.017 -31.8317, 159.334 -31.8317))","WGS84","present","HumanObservation"
"lord-howe-davis-2018:occurrence:41f49de131f0caa12101db4aa2fdf8d5","Eviota guttata","urn:lsid:marinespecies.org:taxname:219452","","Australia","Lord Howe Island Group",-31.623583266858,159.167500000002,28017.4607427877,"POLYGON ((159.334 -31.8317, 159.334 -31.768, 159.334 -31.4666, 159.334 -31.415, 159.001 -31.415, 159.001 -31.4733, 159.001 -31.5613, 159.001 -31.7912, 159.001 -31.8317, 159.017 -31.8317, 159.334 -31.8317))","WGS84","present","HumanObservation"
"lord-howe-davis-2018:occurrence:ea685ca5213437b4572f4074fcd07c86","Eviota hoesei","urn:lsid:marinespecies.org:taxname:388749","","Australia","Lord Howe Island Group",-31.623583266858,159.167500000002,28017.4607427877,"POLYGON ((159.334 -31.8317, 159.334 -31.768, 159.334 -31.4666, 159.334 -31.415, 159.001 -31.415, 159.001 -31.4733, 159.001 -31.5613, 159.001 -31.7912, 159.001 -31.8317, 159.017 -31.8317, 159.334 -31.8317))","WGS84","present","HumanObservation"
"lord-howe-davis-2018:occurrence:fac4b77a3d88cdb55a6cafe7702b135c","Eviota","urn:lsid:marinespecies.org:taxname:205965","","Australia","Lord Howe Island Group",-31.623583266858,159.167500000002,28017.4607427877,"POLYGON ((159.334 -31.8317, 159.334 -31.768, 159.334 -31.4666, 159.334 -31.415, 159.001 -31.415, 159.001 -31.4733, 159.001 -31.5613, 159.001 -31.7912, 159.001 -31.8317, 159.017 -31.8317, 159.334 -31.8317))","WGS84","present","HumanObservation"
"lord-howe-davis-2018:occurrence:c9a9f6e060f0166ba0878f24adb42605","Favonigobius lentiginosus","urn:lsid:marinespecies.org:taxname:280774","","Australia","Lord Howe Island Group",-31.623583266858,159.167500000002,28017.4607427877,"POLYGON ((159.334 -31.8317, 159.334 -31.768, 159.334 -31.4666, 159.334 -31.415, 159.001 -31.415, 159.001 -31.4733, 159.001 -31.5613, 159.001 -31.7912, 159.001 -31.8317, 159.017 -31.8317, 159.334 -31.8317))","WGS84","present","HumanObservation"
"lord-howe-davis-2018:occurrence:f6639bdf238358d51b662af6a14e9d4a","Istigobius decoratus","urn:lsid:marinespecies.org:taxname:219504","","Australia","Lord Howe Island Group",-31.623583266858,159.167500000002,28017.4607427877,"POLYGON ((159.334 -31.8317, 159.334 -31.768, 159.334 -31.4666, 159.334 -31.415, 159.001 -31.415, 159.001 -31.4733, 159.001 -31.5613, 159.001 -31.7912, 159.001 -31.8317, 159.017 -31.8317, 159.334 -31.8317))","WGS84","present","HumanObservation"
"lord-howe-davis-2018:occurrence:92f4004d3dce5668cf538001d2312361","Kuhlia mugil","urn:lsid:marinespecies.org:taxname:218355","","Australia","Lord Howe Island Group",-31.623583266858,159.167500000002,28017.4607427877,"POLYGON ((159.334 -31.8317, 159.334 -31.768, 159.334 -31.4666, 159.334 -31.415, 159.001 -31.415, 159.001 -31.4733, 159.001 -31.5613, 159.001 -31.7912, 159.001 -31.8317, 159.017 -31.8317, 159.334 -31.8317))","WGS84","present","HumanObservation"
"lord-howe-davis-2018:occurrence:78a85796371c87bb6d08705d9cad1752","Girella cyanea","urn:lsid:marinespecies.org:taxname:280857","","Australia","Lord Howe Island Group",-31.623583266858,159.167500000002,28017.4607427877,"POLYGON ((159.334 -31.8317, 159.334 -31.768, 159.334 -31.4666, 159.334 -31.415, 159.001 -31.415, 159.001 -31.4733, 159.001 -31.5613, 159.001 -31.7912, 159.001 -31.8317, 159.017 -31.8317, 159.334 -31.8317))","WGS84","present","HumanObservation"
"lord-howe-davis-2018:occurrence:3a0cb597878928ffa7460aeb53cd533a","Bathystethus cultratus","urn:lsid:marinespecies.org:taxname:279876","","Australia","Lord Howe Island Group",-31.623583266858,159.167500000002,28017.4607427877,"POLYGON ((159.334 -31.8317, 159.334 -31.768, 159.334 -31.4666, 159.334 -31.415, 159.001 -31.415, 159.001 -31.4733, 159.001 -31.5613, 159.001 -31.7912, 159.001 -31.8317, 159.017 -31.8317, 159.334 -31.8317))","WGS84","present","HumanObservation"
"lord-howe-davis-2018:occurrence:07c69e07923f4231e9254d409bed61d6","Anampses elegans","urn:lsid:marinespecies.org:taxname:279170","","Australia","Lord Howe Island Group",-31.623583266858,159.167500000002,28017.4607427877,"POLYGON ((159.334 -31.8317, 159.334 -31.768, 159.334 -31.4666, 159.334 -31.415, 159.001 -31.415, 159.001 -31.4733, 159.001 -31.5613, 159.001 -31.7912, 159.001 -31.8317, 159.017 -31.8317, 159.334 -31.8317))","WGS84","present","HumanObservation"
"lord-howe-davis-2018:occurrence:49af54b3971a0e1f3cacf006a3906c73","Cheilio inermis","urn:lsid:marinespecies.org:taxname:218948","","Australia","Lord Howe Island Group",-31.623583266858,159.167500000002,28017.4607427877,"POLYGON ((159.334 -31.8317, 159.334 -31.768, 159.334 -31.4666, 159.334 -31.415, 159.001 -31.415, 159.001 -31.4733, 159.001 -31.5613, 159.001 -31.7912, 159.001 -31.8317, 159.017 -31.8317, 159.334 -31.8317))","WGS84","present","HumanObservation"
"lord-howe-davis-2018:occurrence:8d4de0434e8a9852c3b11b2c91ab70c3","Coris bulbifrons","urn:lsid:marinespecies.org:taxname:273551","","Australia","Lord Howe Island Group",-31.623583266858,159.167500000002,28017.4607427877,"POLYGON ((159.334 -31.8317, 159.334 -31.768, 159.334 -31.4666, 159.334 -31.415, 159.001 -31.415, 159.001 -31.4733, 159.001 -31.5613, 159.001 -31.7912, 159.001 -31.8317, 159.017 -31.8317, 159.334 -31.8317))","WGS84","present","HumanObservation"
"lord-howe-davis-2018:occurrence:7c421feede5935f700132f54c4b9cb45","Halichoeres margaritaceus","urn:lsid:marinespecies.org:taxname:218987","","Australia","Lord Howe Island Group",-31.623583266858,159.167500000002,28017.4607427877,"POLYGON ((159.334 -31.8317, 159.334 -31.768, 159.334 -31.4666, 159.334 -31.415, 159.001 -31.415, 159.001 -31.4733, 159.001 -31.5613, 159.001 -31.7912, 159.001 -31.8317, 159.017 -31.8317, 159.334 -31.8317))","WGS84","present","HumanObservation"
"lord-howe-davis-2018:occurrence:e374f3d568c6443f099c365b656be6e3","Halichoeres nebulosus","urn:lsid:marinespecies.org:taxname:218986","","Australia","Lord Howe Island Group",-31.623583266858,159.167500000002,28017.4607427877,"POLYGON ((159.334 -31.8317, 159.334 -31.768, 159.334 -31.4666, 159.334 -31.415, 159.001 -31.415, 159.001 -31.4733, 159.001 -31.5613, 159.001 -31.7912, 159.001 -31.8317, 159.017 -31.8317, 159.334 -31.8317))","WGS84","present","HumanObservation"
"lord-howe-davis-2018:occurrence:3cf304e3bb141336ac9337b85d017c07","Halichoeres trimaculatus","urn:lsid:marinespecies.org:taxname:275804","","Australia","Lord Howe Island Group",-31.623583266858,159.167500000002,28017.4607427877,"POLYGON ((159.334 -31.8317, 159.334 -31.768, 159.334 -31.4666, 159.334 -31.415, 159.001 -31.415, 159.001 -31.4733, 159.001 -31.5613, 159.001 -31.7912, 159.001 -31.8317, 159.017 -31.8317, 159.334 -31.8317))","WGS84","present","HumanObservation"
"lord-howe-davis-2018:occurrence:155127e2142485d47c89abadaa14e310","Pseudolabrus luculentus","urn:lsid:marinespecies.org:taxname:282438","","Australia","Lord Howe Island Group",-31.623583266858,159.167500000002,28017.4607427877,"POLYGON ((159.334 -31.8317, 159.334 -31.768, 159.334 -31.4666, 159.334 -31.415, 159.001 -31.415, 159.001 -31.4733, 159.001 -31.5613, 159.001 -31.7912, 159.001 -31.8317, 159.017 -31.8317, 159.334 -31.8317))","WGS84","present","HumanObservation"
"lord-howe-davis-2018:occurrence:94b2515d209726da088b907201ff3163","Stethojulis bandanensis","urn:lsid:marinespecies.org:taxname:277106","","Australia","Lord Howe Island Group",-31.623583266858,159.167500000002,28017.4607427877,"POLYGON ((159.334 -31.8317, 159.334 -31.768, 159.334 -31.4666, 159.334 -31.415, 159.001 -31.415, 159.001 -31.4733, 159.001 -31.5613, 159.001 -31.7912, 159.001 -31.8317, 159.017 -31.8317, 159.334 -31.8317))","WGS84","present","HumanObservation"
"lord-howe-davis-2018:occurrence:88c363cfa9a33d9351f0989c29434f4a","Stethojulis interrupta","urn:lsid:marinespecies.org:taxname:219063","","Australia","Lord Howe Island Group",-31.623583266858,159.167500000002,28017.4607427877,"POLYGON ((159.334 -31.8317, 159.334 -31.768, 159.334 -31.4666, 159.334 -31.415, 159.001 -31.415, 159.001 -31.4733, 159.001 -31.5613, 159.001 -31.7912, 159.001 -31.8317, 159.017 -31.8317, 159.334 -31.8317))","WGS84","present","HumanObservation"
"lord-howe-davis-2018:occurrence:e660c63d774aef6154c83ca35b0f1800","Stethojulis strigiventer","urn:lsid:marinespecies.org:taxname:219061","","Australia","Lord Howe Island Group",-31.623583266858,159.167500000002,28017.4607427877,"POLYGON ((159.334 -31.8317, 159.334 -31.768, 159.334 -31.4666, 159.334 -31.415, 159.001 -31.415, 159.001 -31.4733, 159.001 -31.5613, 159.001 -31.7912, 159.001 -31.8317, 159.017 -31.8317, 159.334 -31.8317))","WGS84","present","HumanObservation"
"lord-howe-davis-2018:occurrence:611198dced76bdb413a0f9fc7ea82334","Thalassoma amblycephalum","urn:lsid:marinespecies.org:taxname:212216","","Australia","Lord Howe Island Group",-31.623583266858,159.167500000002,28017.4607427877,"POLYGON ((159.334 -31.8317, 159.334 -31.768, 159.334 -31.4666, 159.334 -31.415, 159.001 -31.415, 159.001 -31.4733, 159.001 -31.5613, 159.001 -31.7912, 159.001 -31.8317, 159.017 -31.8317, 159.334 -31.8317))","WGS84","present","HumanObservation"
"lord-howe-davis-2018:occurrence:6d933ee9f43887d180f24e30f19494f5","Thalassoma jansenii","urn:lsid:marinespecies.org:taxname:273582","","Australia","Lord Howe Island Group",-31.623583266858,159.167500000002,28017.4607427877,"POLYGON ((159.334 -31.8317, 159.334 -31.768, 159.334 -31.4666, 159.334 -31.415, 159.001 -31.415, 159.001 -31.4733, 159.001 -31.5613, 159.001 -31.7912, 159.001 -31.8317, 159.017 -31.8317, 159.334 -31.8317))","WGS84","present","HumanObservation"
"lord-howe-davis-2018:occurrence:f08ca8f57185ed503e09cfd0be953408","Thalassoma lunare","urn:lsid:marinespecies.org:taxname:212209","","Australia","Lord Howe Island Group",-31.623583266858,159.167500000002,28017.4607427877,"POLYGON ((159.334 -31.8317, 159.334 -31.768, 159.334 -31.4666, 159.334 -31.415, 159.001 -31.415, 159.001 -31.4733, 159.001 -31.5613, 159.001 -31.7912, 159.001 -31.8317, 159.017 -31.8317, 159.334 -31.8317))","WGS84","present","HumanObservation"
"lord-howe-davis-2018:occurrence:c562657cb1b940473d65cd91ae71d522","Thalassoma lutescens","urn:lsid:marinespecies.org:taxname:273585","","Australia","Lord Howe Island Group",-31.623583266858,159.167500000002,28017.4607427877,"POLYGON ((159.334 -31.8317, 159.334 -31.768, 159.334 -31.4666, 159.334 -31.415, 159.001 -31.415, 159.001 -31.4733, 159.001 -31.5613, 159.001 -31.7912, 159.001 -31.8317, 159.017 -31.8317, 159.334 -31.8317))","WGS84","present","HumanObservation"
"lord-howe-davis-2018:occurrence:8c312ca5f983805ebf5db1f9b681d4ad","Thalassoma purpureum","urn:lsid:marinespecies.org:taxname:212213","","Australia","Lord Howe Island Group",-31.623583266858,159.167500000002,28017.4607427877,"POLYGON ((159.334 -31.8317, 159.334 -31.768, 159.334 -31.4666, 159.334 -31.415, 159.001 -31.415, 159.001 -31.4733, 159.001 -31.5613, 159.001 -31.7912, 159.001 -31.8317, 159.017 -31.8317, 159.334 -31.8317))","WGS84","present","HumanObservation"
"lord-howe-davis-2018:occurrence:6a8c3bd4cafdffc639275ccb38360d9b","Thalassoma trilobatum","urn:lsid:marinespecies.org:taxname:212212","","Australia","Lord Howe Island Group",-31.623583266858,159.167500000002,28017.4607427877,"POLYGON ((159.334 -31.8317, 159.334 -31.768, 159.334 -31.4666, 159.334 -31.415, 159.001 -31.415, 159.001 -31.4733, 159.001 -31.5613, 159.001 -31.7912, 159.001 -31.8317, 159.017 -31.8317, 159.334 -31.8317))","WGS84","present","HumanObservation"
"lord-howe-davis-2018:occurrence:3dd7c6ed25c6739bbb253c594236df21","Myxus elongatus","urn:lsid:marinespecies.org:taxname:276971","","Australia","Lord Howe Island Group",-31.623583266858,159.167500000002,28017.4607427877,"POLYGON ((159.334 -31.8317, 159.334 -31.768, 159.334 -31.4666, 159.334 -31.415, 159.001 -31.415, 159.001 -31.4733, 159.001 -31.5613, 159.001 -31.7912, 159.001 -31.8317, 159.017 -31.8317, 159.334 -31.8317))","WGS84","present","HumanObservation"
"lord-howe-davis-2018:occurrence:8e73afd335631a0d849944b02707ba25","Parupeneus ciliatus","urn:lsid:marinespecies.org:taxname:218661","","Australia","Lord Howe Island Group",-31.623583266858,159.167500000002,28017.4607427877,"POLYGON ((159.334 -31.8317, 159.334 -31.768, 159.334 -31.4666, 159.334 -31.415, 159.001 -31.415, 159.001 -31.4733, 159.001 -31.5613, 159.001 -31.7912, 159.001 -31.8317, 159.017 -31.8317, 159.334 -31.8317))","WGS84","present","HumanObservation"
"lord-howe-davis-2018:occurrence:4564aaceb248f98908082789912aa0f3","Parupeneus spilurus","urn:lsid:marinespecies.org:taxname:277825","","Australia","Lord Howe Island Group",-31.623583266858,159.167500000002,28017.4607427877,"POLYGON ((159.334 -31.8317, 159.334 -31.768, 159.334 -31.4666, 159.334 -31.415, 159.001 -31.415, 159.001 -31.4733, 159.001 -31.5613, 159.001 -31.7912, 159.001 -31.8317, 159.017 -31.8317, 159.334 -31.8317))","WGS84","present","HumanObservation"
"lord-howe-davis-2018:occurrence:f92f71853a7c1e325386eaf79f7e2394","Gymnothorax annasona","urn:lsid:marinespecies.org:taxname:271817","","Australia","Lord Howe Island Group",-31.623583266858,159.167500000002,28017.4607427877,"POLYGON ((159.334 -31.8317, 159.334 -31.768, 159.334 -31.4666, 159.334 -31.415, 159.001 -31.415, 159.001 -31.4733, 159.001 -31.5613, 159.001 -31.7912, 159.001 -31.8317, 159.017 -31.8317, 159.334 -31.8317))","WGS84","present","HumanObservation"
"lord-howe-davis-2018:occurrence:01dbe99b3eccbc909de64b65e5eee361","Gymnothorax flavimarginatus","urn:lsid:marinespecies.org:taxname:217495","","Australia","Lord Howe Island Group",-31.623583266858,159.167500000002,28017.4607427877,"POLYGON ((159.334 -31.8317, 159.334 -31.768, 159.334 -31.4666, 159.334 -31.415, 159.001 -31.415, 159.001 -31.4733, 159.001 -31.5613, 159.001 -31.7912, 159.001 -31.8317, 159.017 -31.8317, 159.334 -31.8317))","WGS84","present","HumanObservation"
"lord-howe-davis-2018:occurrence:f6c468d4a6ceddaaf3a87056ce77ed54","Gymnothorax thrysoideus","urn:lsid:marinespecies.org:taxname:399889","","Australia","Lord Howe Island Group",-31.623583266858,159.167500000002,28017.4607427877,"POLYGON ((159.334 -31.8317, 159.334 -31.768, 159.334 -31.4666, 159.334 -31.415, 159.001 -31.415, 159.001 -31.4733, 159.001 -31.5613, 159.001 -31.7912, 159.001 -31.8317, 159.017 -31.8317, 159.334 -31.8317))","WGS84","present","HumanObservation"
"lord-howe-davis-2018:occurrence:a37cc5adba45a300253190223392d47a","Abudefduf sexfasciatus","urn:lsid:marinespecies.org:taxname:159289","","Australia","Lord Howe Island Group",-31.623583266858,159.167500000002,28017.4607427877,"POLYGON ((159.334 -31.8317, 159.334 -31.768, 159.334 -31.4666, 159.334 -31.415, 159.001 -31.415, 159.001 -31.4733, 159.001 -31.5613, 159.001 -31.7912, 159.001 -31.8317, 159.017 -31.8317, 159.334 -31.8317))","WGS84","present","HumanObservation"
"lord-howe-davis-2018:occurrence:78f7380c780df9a87659894b669f147a","Abudefduf sordidus","urn:lsid:marinespecies.org:taxname:212888","","Australia","Lord Howe Island Group",-31.623583266858,159.167500000002,28017.4607427877,"POLYGON ((159.334 -31.8317, 159.334 -31.768, 159.334 -31.4666, 159.334 -31.415, 159.001 -31.415, 159.001 -31.4733, 159.001 -31.5613, 159.001 -31.7912, 159.001 -31.8317, 159.017 -31.8317, 159.334 -31.8317))","WGS84","present","HumanObservation"
"lord-howe-davis-2018:occurrence:2d38a32809c1ce7ca0377f030905b736","Abudefduf vaigiensis","urn:lsid:marinespecies.org:taxname:212879","","Australia","Lord Howe Island Group",-31.623583266858,159.167500000002,28017.4607427877,"POLYGON ((159.334 -31.8317, 159.334 -31.768, 159.334 -31.4666, 159.334 -31.415, 159.001 -31.415, 159.001 -31.4733, 159.001 -31.5613, 159.001 -31.7912, 159.001 -31.8317, 159.017 -31.8317, 159.334 -31.8317))","WGS84","present","HumanObservation"
"lord-howe-davis-2018:occurrence:c8a209517c016bc665434f96a5dd9ebc","Amphiprion mccullochi","urn:lsid:marinespecies.org:taxname:278397","","Australia","Lord Howe Island Group",-31.623583266858,159.167500000002,28017.4607427877,"POLYGON ((159.334 -31.8317, 159.334 -31.768, 159.334 -31.4666, 159.334 -31.415, 159.001 -31.415, 159.001 -31.4733, 159.001 -31.5613, 159.001 -31.7912, 159.001 -31.8317, 159.017 -31.8317, 159.334 -31.8317))","WGS84","present","HumanObservation"
"lord-howe-davis-2018:occurrence:3fe767a4df14fdae1865aea61fc61e46","Chromis hypsilepis","urn:lsid:marinespecies.org:taxname:273730","","Australia","Lord Howe Island Group",-31.623583266858,159.167500000002,28017.4607427877,"POLYGON ((159.334 -31.8317, 159.334 -31.768, 159.334 -31.4666, 159.334 -31.415, 159.001 -31.415, 159.001 -31.4733, 159.001 -31.5613, 159.001 -31.7912, 159.001 -31.8317, 159.017 -31.8317, 159.334 -31.8317))","WGS84","present","HumanObservation"
"lord-howe-davis-2018:occurrence:c7211bb7034f01519158412857214de3","Neoglyphidodon polyacanthus","urn:lsid:marinespecies.org:taxname:278815","","Australia","Lord Howe Island Group",-31.623583266858,159.167500000002,28017.4607427877,"POLYGON ((159.334 -31.8317, 159.334 -31.768, 159.334 -31.4666, 159.334 -31.415, 159.001 -31.415, 159.001 -31.4733, 159.001 -31.5613, 159.001 -31.7912, 159.001 -31.8317, 159.017 -31.8317, 159.334 -31.8317))","WGS84","present","HumanObservation"
"lord-howe-davis-2018:occurrence:760d3e730305043a73a7e65d6f023e34","Parma polylepis","urn:lsid:marinespecies.org:taxname:282159","","Australia","Lord Howe Island Group",-31.623583266858,159.167500000002,28017.4607427877,"POLYGON ((159.334 -31.8317, 159.334 -31.768, 159.334 -31.4666, 159.334 -31.415, 159.001 -31.415, 159.001 -31.4733, 159.001 -31.5613, 159.001 -31.7912, 159.001 -31.8317, 159.017 -31.8317, 159.334 -31.8317))","WGS84","present","HumanObservation"
"lord-howe-davis-2018:occurrence:98e0ce6ef95493bbbe5ca5c508917c45","Plectroglyphidodon leucozonus","urn:lsid:marinespecies.org:taxname:212854","","Australia","Lord Howe Island Group",-31.623583266858,159.167500000002,28017.4607427877,"POLYGON ((159.334 -31.8317, 159.334 -31.768, 159.334 -31.4666, 159.334 -31.415, 159.001 -31.415, 159.001 -31.4733, 159.001 -31.5613, 159.001 -31.7912, 159.001 -31.8317, 159.017 -31.8317, 159.334 -31.8317))","WGS84","present","HumanObservation"
"lord-howe-davis-2018:occurrence:7a31d91dbed8613121d07f03871065ae","Stegastes fasciolatus","urn:lsid:marinespecies.org:taxname:218850","","Australia","Lord Howe Island Group",-31.623583266858,159.167500000002,28017.4607427877,"POLYGON ((159.334 -31.8317, 159.334 -31.768, 159.334 -31.4666, 159.334 -31.415, 159.001 -31.415, 159.001 -31.4733, 159.001 -31.5613, 159.001 -31.7912, 159.001 -31.8317, 159.017 -31.8317, 159.334 -31.8317))","WGS84","present","HumanObservation"
"lord-howe-davis-2018:occurrence:ce7300ba11f4aebdcf02a6245ca02b26","Stegastes gascoynei","urn:lsid:marinespecies.org:taxname:276670","","Australia","Lord Howe Island Group",-31.623583266858,159.167500000002,28017.4607427877,"POLYGON ((159.334 -31.8317, 159.334 -31.768, 159.334 -31.4666, 159.334 -31.415, 159.001 -31.415, 159.001 -31.4733, 159.001 -31.5613, 159.001 -31.7912, 159.001 -31.8317, 159.017 -31.8317, 159.334 -31.8317))","WGS84","present","HumanObservation"
"lord-howe-davis-2018:occurrence:63f3ac8f986c5ef439769f107d305244","Chlorurus sordidus","urn:lsid:marinespecies.org:taxname:219082","","Australia","Lord Howe Island Group",-31.623583266858,159.167500000002,28017.4607427877,"POLYGON ((159.334 -31.8317, 159.334 -31.768, 159.334 -31.4666, 159.334 -31.415, 159.001 -31.415, 159.001 -31.4733, 159.001 -31.5613, 159.001 -31.7912, 159.001 -31.8317, 159.017 -31.8317, 159.334 -31.8317))","WGS84","present","HumanObservation"
"lord-howe-davis-2018:occurrence:b27e8abe554bf9c18d84065037a12c01","Leptoscarus vaigiensis","urn:lsid:marinespecies.org:taxname:219091","","Australia","Lord Howe Island Group",-31.623583266858,159.167500000002,28017.4607427877,"POLYGON ((159.334 -31.8317, 159.334 -31.768, 159.334 -31.4666, 159.334 -31.415, 159.001 -31.415, 159.001 -31.4733, 159.001 -31.5613, 159.001 -31.7912, 159.001 -31.8317, 159.017 -31.8317, 159.334 -31.8317))","WGS84","present","HumanObservation"
"lord-howe-davis-2018:occurrence:cef5c626acff9f278e63f31152c9693e","Scarus flavipectoralis","urn:lsid:marinespecies.org:taxname:276045","","Australia","Lord Howe Island Group",-31.623583266858,159.167500000002,28017.4607427877,"POLYGON ((159.334 -31.8317, 159.334 -31.768, 159.334 -31.4666, 159.334 -31.415, 159.001 -31.415, 159.001 -31.4733, 159.001 -31.5613, 159.001 -31.7912, 159.001 -31.8317, 159.017 -31.8317, 159.334 -31.8317))","WGS84","present","HumanObservation"
"lord-howe-davis-2018:occurrence:1e6a9635c4c1053ac15beb433db185be","Scorpaena cardinalis","urn:lsid:marinespecies.org:taxname:274702","","Australia","Lord Howe Island Group",-31.623583266858,159.167500000002,28017.4607427877,"POLYGON ((159.334 -31.8317, 159.334 -31.768, 159.334 -31.4666, 159.334 -31.415, 159.001 -31.415, 159.001 -31.4733, 159.001 -31.5613, 159.001 -31.7912, 159.001 -31.8317, 159.017 -31.8317, 159.334 -31.8317))","WGS84","present","HumanObservation"
"lord-howe-davis-2018:occurrence:cf8835d9043b322390ea7fec7ed69696","Microcanthus strigatus","urn:lsid:marinespecies.org:taxname:281558","","Australia","Lord Howe Island Group",-31.623583266858,159.167500000002,28017.4607427877,"POLYGON ((159.334 -31.8317, 159.334 -31.768, 159.334 -31.4666, 159.334 -31.415, 159.001 -31.415, 159.001 -31.4733, 159.001 -31.5613, 159.001 -31.7912, 159.001 -31.8317, 159.017 -31.8317, 159.334 -31.8317))","WGS84","present","HumanObservation"
"lord-howe-davis-2018:occurrence:7ed21d01010a35f85098a3eb0ddd2e27","Acanthistius cinctus","urn:lsid:marinespecies.org:taxname:278721","","Australia","Lord Howe Island Group",-31.623583266858,159.167500000002,28017.4607427877,"POLYGON ((159.334 -31.8317, 159.334 -31.768, 159.334 -31.4666, 159.334 -31.415, 159.001 -31.415, 159.001 -31.4733, 159.001 -31.5613, 159.001 -31.7912, 159.001 -31.8317, 159.017 -31.8317, 159.334 -31.8317))","WGS84","present","HumanObservation"
"lord-howe-davis-2018:occurrence:cf0d9e7ac0c40919629d910fbf5cc05a","Epinephelus daemelii","urn:lsid:marinespecies.org:taxname:273846","","Australia","Lord Howe Island Group",-31.623583266858,159.167500000002,28017.4607427877,"POLYGON ((159.334 -31.8317, 159.334 -31.768, 159.334 -31.4666, 159.334 -31.415, 159.001 -31.415, 159.001 -31.4733, 159.001 -31.5613, 159.001 -31.7912, 159.001 -31.8317, 159.017 -31.8317, 159.334 -31.8317))","WGS84","present","HumanObservation"
"lord-howe-davis-2018:occurrence:ed28686604a5c85a6e07f1a450ea7791","Trachypoma macracanthus","urn:lsid:marinespecies.org:taxname:283033","","Australia","Lord Howe Island Group",-31.623583266858,159.167500000002,28017.4607427877,"POLYGON ((159.334 -31.8317, 159.334 -31.768, 159.334 -31.4666, 159.334 -31.415, 159.001 -31.415, 159.001 -31.4733, 159.001 -31.5613, 159.001 -31.7912, 159.001 -31.8317, 159.017 -31.8317, 159.334 -31.8317))","WGS84","present","HumanObservation"
"lord-howe-davis-2018:occurrence:92748b0a9de250cbc355ca1bcde20e35","Enneapterygius howensis","urn:lsid:marinespecies.org:taxname:277314","","Australia","Lord Howe Island Group",-31.623583266858,159.167500000002,28017.4607427877,"POLYGON ((159.334 -31.8317, 159.334 -31.768, 159.334 -31.4666, 159.334 -31.415, 159.001 -31.415, 159.001 -31.4733, 159.001 -31.5613, 159.001 -31.7912, 159.001 -31.8317, 159.017 -31.8317, 159.334 -31.8317))","WGS84","present","HumanObservation"
