"occurrenceID","scientificName","identificationQualifier","scientificNameID","eventDate","country","locality","fieldNumber","decimalLatitude","decimalLongitude","coordinateUncertaintyInMeters","geodeticDatum","occurrenceStatus","basisOfRecord"
"brazilian-islands-eduardo-2022:occurrence:6ec22a832c09769795d79ff07ca0ef1b","Isistius brasiliensis",,"urn:lsid:marinespecies.org:taxname:215612","2015-08-29/2017-05-10","Brazil","Paraı́ba","PB",-7.02007,-34.414249,80000,"WGS84","present","HumanObservation"
"brazilian-islands-eduardo-2022:occurrence:7e6a274595f5592fdb5354a30a46c838","Aldrovandia",,"urn:lsid:marinespecies.org:taxname:125837","2015-08-29/2017-05-10","Brazil","Fernando de Noronha Ridge","FNR",-3.936455,-32.678409,165000,"WGS84","present","HumanObservation"
"brazilian-islands-eduardo-2022:occurrence:779d3854c2e5783e186be1e2d570cf38","Eurypharynx pelecanoides",,"urn:lsid:marinespecies.org:taxname:127165","2015-08-29/2017-05-10","Brazil","Fernando de Noronha Ridge","FNR",-3.936455,-32.678409,165000,"WGS84","present","HumanObservation"
"brazilian-islands-eduardo-2022:occurrence:a126338ec04d7fff07be1f75d8109bf0","Avocettina infans",,"urn:lsid:marinespecies.org:taxname:126304","2015-08-29/2017-05-10","Brazil","Fernando de Noronha Ridge","FNR",-3.936455,-32.678409,165000,"WGS84","present","HumanObservation"
"brazilian-islands-eduardo-2022:occurrence:4581ad1c9cd0bc0ce0db8fd6cdeb10b7","Labichthys carinatus",,"urn:lsid:marinespecies.org:taxname:158588","2015-08-29/2017-05-10","Brazil","Fernando de Noronha Ridge","FNR",-3.936455,-32.678409,165000,"WGS84","present","HumanObservation"
"brazilian-islands-eduardo-2022:occurrence:14cd07498f438aef4d2658081b76905d","Labichthys carinatus",,"urn:lsid:marinespecies.org:taxname:158588","2015-08-29/2017-05-10","Brazil","Pernambuco","PE",-8.391812,-34.480167,100000,"WGS84","present","HumanObservation"
"brazilian-islands-eduardo-2022:occurrence:fc1210873d38f9edb7c1b0e9164ec14d","Nemichthys scolopaceus",,"urn:lsid:marinespecies.org:taxname:126306","2015-08-29/2017-05-10","Brazil","Fernando de Noronha Ridge","FNR",-3.936455,-32.678409,165000,"WGS84","present","HumanObservation"
"brazilian-islands-eduardo-2022:occurrence:645d67bfbc2374ef8e2996029c3b596e","Serrivomer beanii",,"urn:lsid:marinespecies.org:taxname:126319","2015-08-29/2017-05-10","Brazil","Fernando de Noronha Ridge","FNR",-3.936455,-32.678409,165000,"WGS84","present","HumanObservation"
"brazilian-islands-eduardo-2022:occurrence:2ab55a394fe96f3a5bbfd93dc9c796fd","Serrivomer beanii",,"urn:lsid:marinespecies.org:taxname:126319","2015-08-29/2017-05-10","Brazil","Paraı́ba","PB",-7.02007,-34.414249,80000,"WGS84","present","HumanObservation"
"brazilian-islands-eduardo-2022:occurrence:7c1e8d41b810b1ae472771ca00b90766","Serrivomer beanii",,"urn:lsid:marinespecies.org:taxname:126319","2015-08-29/2017-05-10","Brazil","Pernambuco","PE",-8.391812,-34.480167,100000,"WGS84","present","HumanObservation"
"brazilian-islands-eduardo-2022:occurrence:ddd2d0416e98a4cbe3974006bbd594e1","Serrivomer beanii",,"urn:lsid:marinespecies.org:taxname:126319","2015-08-29/2017-05-10","Brazil","Rio Grande do Norte","RN",-5.184906,-34.633975,165000,"WGS84","present","HumanObservation"
"brazilian-islands-eduardo-2022:occurrence:9543404fdc038d3b2b0576fd9d09376d","Serrivomer lanceolatoides",,"urn:lsid:marinespecies.org:taxname:126320","2015-08-29/2017-05-10","Brazil","Fernando de Noronha Ridge","FNR",-3.936455,-32.678409,165000,"WGS84","present","HumanObservation"
"brazilian-islands-eduardo-2022:occurrence:b7f239fcd2b9cbec1e88f8711c19da4c","Stemonidium hypomelas",,"urn:lsid:marinespecies.org:taxname:282881","2015-08-29/2017-05-10","Brazil","Fernando de Noronha Ridge","FNR",-3.936455,-32.678409,165000,"WGS84","present","HumanObservation"
"brazilian-islands-eduardo-2022:occurrence:ea35678b9505469145c996fd86837e40","Platytroctidae",,"urn:lsid:marinespecies.org:taxname:125514","2015-08-29/2017-05-10","Brazil","Fernando de Noronha Ridge","FNR",-3.936455,-32.678409,165000,"WGS84","present","HumanObservation"
"brazilian-islands-eduardo-2022:occurrence:01c39f8825068dae6f2df74b546b3e64","Alepocephalidae",,"urn:lsid:marinespecies.org:taxname:125507","2015-08-29/2017-05-10","Brazil","Fernando de Noronha Ridge","FNR",-3.936455,-32.678409,165000,"WGS84","present","HumanObservation"
"brazilian-islands-eduardo-2022:occurrence:e80c71d2f4443deca074ab033f446a42","Photostylus pycnopterus",,"urn:lsid:marinespecies.org:taxname:126707","2015-08-29/2017-05-10","Brazil","Fernando de Noronha Ridge","FNR",-3.936455,-32.678409,165000,"WGS84","present","HumanObservation"
"brazilian-islands-eduardo-2022:occurrence:ac3cb2c0c7d93372d29b03bddade6fdd","Opisthoproctus soleatus",,"urn:lsid:marinespecies.org:taxname:126733","2015-08-29/2017-05-10","Brazil","Fernando de Noronha Ridge","FNR",-3.936455,-32.678409,165000,"WGS84","present","HumanObservation"
"brazilian-islands-eduardo-2022:occurrence:afa954763c33a8350a5c7e20f6ed8349","Rhynchohyalus natalensis",,"urn:lsid:marinespecies.org:taxname:126734","2015-08-29/2017-05-10","Brazil","Fernando de Noronha Ridge","FNR",-3.936455,-32.678409,165000,"WGS84","present","HumanObservation"
"brazilian-islands-eduardo-2022:occurrence:64e5b7e69db9016f134bd151f03d8b51","Winteria telescopa",,"urn:lsid:marinespecies.org:taxname:283164","2015-08-29/2017-05-10","Brazil","Fernando de Noronha Ridge","FNR",-3.936455,-32.678409,165000,"WGS84","present","HumanObservation"
"brazilian-islands-eduardo-2022:occurrence:8bb51236f0409703ebd6920e84276688","Winteria telescopa",,"urn:lsid:marinespecies.org:taxname:283164","2015-08-29/2017-05-10","Brazil","Rio Grande do Norte","RN",-5.184906,-34.633975,165000,"WGS84","present","HumanObservation"
"brazilian-islands-eduardo-2022:occurrence:683f55efc1ffc5072ee98452ff114daa","Xenophthalmichthys danae",,"urn:lsid:marinespecies.org:taxname:283193","2015-08-29/2017-05-10","Brazil","Fernando de Noronha Ridge","FNR",-3.936455,-32.678409,165000,"WGS84","present","HumanObservation"
"brazilian-islands-eduardo-2022:occurrence:755007effedd02aa849906d11267576f","Dolicholagus longirostris",,"urn:lsid:marinespecies.org:taxname:126720","2015-08-29/2017-05-10","Brazil","Fernando de Noronha Ridge","FNR",-3.936455,-32.678409,165000,"WGS84","present","HumanObservation"
"brazilian-islands-eduardo-2022:occurrence:37f95319b813f0b23dab25a79da6ceab","Melanolagus bericoides",,"urn:lsid:marinespecies.org:taxname:126721","2015-08-29/2017-05-10","Brazil","Fernando de Noronha Ridge","FNR",-3.936455,-32.678409,165000,"WGS84","present","HumanObservation"
"brazilian-islands-eduardo-2022:occurrence:3a0c2f8ffefd9567d1d7c6d0ac17b482","Diplophos australis",,"urn:lsid:marinespecies.org:taxname:274947","2015-08-29/2017-05-10","Brazil","Fernando de Noronha Ridge","FNR",-3.936455,-32.678409,165000,"WGS84","present","HumanObservation"
"brazilian-islands-eduardo-2022:occurrence:d1b823a51b0a9deb73804b1e29bdb406","Diplophos taenia",,"urn:lsid:marinespecies.org:taxname:127292","2015-08-29/2017-05-10","Brazil","Fernando de Noronha Ridge","FNR",-3.936455,-32.678409,165000,"WGS84","present","HumanObservation"
"brazilian-islands-eduardo-2022:occurrence:aa424d5058081126975e2231ccfec156","Diplophos taenia",,"urn:lsid:marinespecies.org:taxname:127292","2015-08-29/2017-05-10","Brazil","Paraı́ba","PB",-7.02007,-34.414249,80000,"WGS84","present","HumanObservation"
"brazilian-islands-eduardo-2022:occurrence:e94cbbfd0cfd9050eed5f04e198dfb39","Manducus maderensis",,"urn:lsid:marinespecies.org:taxname:281518","2015-08-29/2017-05-10","Brazil","Fernando de Noronha Ridge","FNR",-3.936455,-32.678409,165000,"WGS84","present","HumanObservation"
"brazilian-islands-eduardo-2022:occurrence:ef5884ec7e14f56b0c9e27841a51f009","Triplophos hemingi",,"urn:lsid:marinespecies.org:taxname:283054","2015-08-29/2017-05-10","Brazil","Fernando de Noronha Ridge","FNR",-3.936455,-32.678409,165000,"WGS84","present","HumanObservation"
"brazilian-islands-eduardo-2022:occurrence:98c00ef318dd3e4354f49f1c777feaaa","Cyclothone",,"urn:lsid:marinespecies.org:taxname:126187","2015-08-29/2017-05-10","Brazil","Fernando de Noronha Ridge","FNR",-3.936455,-32.678409,165000,"WGS84","present","HumanObservation"
"brazilian-islands-eduardo-2022:occurrence:a34896afc788d9aa15d8fec3af146c72","Cyclothone",,"urn:lsid:marinespecies.org:taxname:126187","2015-08-29/2017-05-10","Brazil","Paraı́ba","PB",-7.02007,-34.414249,80000,"WGS84","present","HumanObservation"
"brazilian-islands-eduardo-2022:occurrence:624d218af279e0bfe64ed246c192a23c","Cyclothone",,"urn:lsid:marinespecies.org:taxname:126187","2015-08-29/2017-05-10","Brazil","Pernambuco","PE",-8.391812,-34.480167,100000,"WGS84","present","HumanObservation"
"brazilian-islands-eduardo-2022:occurrence:dcd049e4e0e523969110efadb7ab0f5d","Cyclothone",,"urn:lsid:marinespecies.org:taxname:126187","2015-08-29/2017-05-10","Brazil","Rio Grande do Norte","RN",-5.184906,-34.633975,165000,"WGS84","present","HumanObservation"
"brazilian-islands-eduardo-2022:occurrence:2b2f97b4f873ea4c7ec8ef495ec10671","Gonostoma atlanticum",,"urn:lsid:marinespecies.org:taxname:127293","2015-08-29/2017-05-10","Brazil","Fernando de Noronha Ridge","FNR",-3.936455,-32.678409,165000,"WGS84","present","HumanObservation"
"brazilian-islands-eduardo-2022:occurrence:ed99232102df6f3c0e4a7c9e4f511adc","Gonostoma atlanticum",,"urn:lsid:marinespecies.org:taxname:127293","2015-08-29/2017-05-10","Brazil","Paraı́ba","PB",-7.02007,-34.414249,80000,"WGS84","present","HumanObservation"
"brazilian-islands-eduardo-2022:occurrence:7728836cdc98485bf710f4aa6568623d","Gonostoma atlanticum",,"urn:lsid:marinespecies.org:taxname:127293","2015-08-29/2017-05-10","Brazil","Pernambuco","PE",-8.391812,-34.480167,100000,"WGS84","present","HumanObservation"
"brazilian-islands-eduardo-2022:occurrence:1a0b31528efbb1b16dfafd539067c06c","Gonostoma atlanticum",,"urn:lsid:marinespecies.org:taxname:127293","2015-08-29/2017-05-10","Brazil","Rio Grande do Norte","RN",-5.184906,-34.633975,165000,"WGS84","present","HumanObservation"
"brazilian-islands-eduardo-2022:occurrence:16e837d93c268d78c3058fe67c1501bd","Gonostoma denudatum",,"urn:lsid:marinespecies.org:taxname:127295","2015-08-29/2017-05-10","Brazil","Fernando de Noronha Ridge","FNR",-3.936455,-32.678409,165000,"WGS84","present","HumanObservation"
"brazilian-islands-eduardo-2022:occurrence:259a7cc8f4f7a0e99f4a86c3050f8f6b","Margrethia obtusirostra",,"urn:lsid:marinespecies.org:taxname:127297","2015-08-29/2017-05-10","Brazil","Fernando de Noronha Ridge","FNR",-3.936455,-32.678409,165000,"WGS84","present","HumanObservation"
"brazilian-islands-eduardo-2022:occurrence:6dcbde471956639c1f23d72462ca393f","Sigmops bathyphilus",,"urn:lsid:marinespecies.org:taxname:398363","2015-08-29/2017-05-10","Brazil","Fernando de Noronha Ridge","FNR",-3.936455,-32.678409,165000,"WGS84","present","HumanObservation"
"brazilian-islands-eduardo-2022:occurrence:37ca9fe5039b13b68b216267ffb2bc03","Sigmops elongatus",,"urn:lsid:marinespecies.org:taxname:221512","2015-08-29/2017-05-10","Brazil","Fernando de Noronha Ridge","FNR",-3.936455,-32.678409,165000,"WGS84","present","HumanObservation"
"brazilian-islands-eduardo-2022:occurrence:a50066896e1072c09976015aa8f25fda","Sigmops elongatus",,"urn:lsid:marinespecies.org:taxname:221512","2015-08-29/2017-05-10","Brazil","Paraı́ba","PB",-7.02007,-34.414249,80000,"WGS84","present","HumanObservation"
"brazilian-islands-eduardo-2022:occurrence:d647799cd1d5a9ed2844122d8f0b39fe","Sigmops elongatus",,"urn:lsid:marinespecies.org:taxname:221512","2015-08-29/2017-05-10","Brazil","Pernambuco","PE",-8.391812,-34.480167,100000,"WGS84","present","HumanObservation"
"brazilian-islands-eduardo-2022:occurrence:1f97ddb2ea8320fd1d2e9a228e3801c6","Sigmops elongatus",,"urn:lsid:marinespecies.org:taxname:221512","2015-08-29/2017-05-10","Brazil","Rio Grande do Norte","RN",-5.184906,-34.633975,165000,"WGS84","present","HumanObservation"
"brazilian-islands-eduardo-2022:occurrence:f6949c01b66075719e75210f54811272","Zaphotias pedaliotus",,"urn:lsid:marinespecies.org:taxname:322499","2015-08-29/2017-05-10","Brazil","Fernando de Noronha Ridge","FNR",-3.936455,-32.678409,165000,"WGS84","present","HumanObservation"
"brazilian-islands-eduardo-2022:occurrence:29abd530b4cca37a8f96c1df213275a5","Zaphotias pedaliotus",,"urn:lsid:marinespecies.org:taxname:322499","2015-08-29/2017-05-10","Brazil","Paraı́ba","PB",-7.02007,-34.414249,80000,"WGS84","present","HumanObservation"
"brazilian-islands-eduardo-2022:occurrence:ebda9183b80926690e4899c8781e2f03","Argyropelecus aculeatus",,"urn:lsid:marinespecies.org:taxname:127306","2015-08-29/2017-05-10","Brazil","Fernando de Noronha Ridge","FNR",-3.936455,-32.678409,165000,"WGS84","present","HumanObservation"
"brazilian-islands-eduardo-2022:occurrence:7336ebd696b3945e442a3729e46a643c","Argyropelecus aculeatus",,"urn:lsid:marinespecies.org:taxname:127306","2015-08-29/2017-05-10","Brazil","Paraı́ba","PB",-7.02007,-34.414249,80000,"WGS84","present","HumanObservation"
"brazilian-islands-eduardo-2022:occurrence:20cccc181036f7236aff7b694ddf96e0","Argyropelecus aculeatus",,"urn:lsid:marinespecies.org:taxname:127306","2015-08-29/2017-05-10","Brazil","Pernambuco","PE",-8.391812,-34.480167,100000,"WGS84","present","HumanObservation"
"brazilian-islands-eduardo-2022:occurrence:16647d1f0154e3f70b345947df2d40ad","Argyropelecus aculeatus",,"urn:lsid:marinespecies.org:taxname:127306","2015-08-29/2017-05-10","Brazil","Rio Grande do Norte","RN",-5.184906,-34.633975,165000,"WGS84","present","HumanObservation"
"brazilian-islands-eduardo-2022:occurrence:b07afd096dc51a352e5de5af191a80f2","Argyropelecus affinis",,"urn:lsid:marinespecies.org:taxname:127307","2015-08-29/2017-05-10","Brazil","Fernando de Noronha Ridge","FNR",-3.936455,-32.678409,165000,"WGS84","present","HumanObservation"
"brazilian-islands-eduardo-2022:occurrence:7d2eacd753b0193f17417c2f42da3754","Argyropelecus affinis",,"urn:lsid:marinespecies.org:taxname:127307","2015-08-29/2017-05-10","Brazil","Paraı́ba","PB",-7.02007,-34.414249,80000,"WGS84","present","HumanObservation"
"brazilian-islands-eduardo-2022:occurrence:f0e68d4c87bb104597731208db27e4f7","Argyropelecus affinis",,"urn:lsid:marinespecies.org:taxname:127307","2015-08-29/2017-05-10","Brazil","Rio Grande do Norte","RN",-5.184906,-34.633975,165000,"WGS84","present","HumanObservation"
"brazilian-islands-eduardo-2022:occurrence:b21f9e5dfec32fdca27f29b2e0b058d9","Argyropelecus gigas",,"urn:lsid:marinespecies.org:taxname:127308","2015-08-29/2017-05-10","Brazil","Fernando de Noronha Ridge","FNR",-3.936455,-32.678409,165000,"WGS84","present","HumanObservation"
"brazilian-islands-eduardo-2022:occurrence:f9354cabf41f80fc9e34705b19dea8a7","Argyropelecus gigas",,"urn:lsid:marinespecies.org:taxname:127308","2015-08-29/2017-05-10","Brazil","Rio Grande do Norte","RN",-5.184906,-34.633975,165000,"WGS84","present","HumanObservation"
"brazilian-islands-eduardo-2022:occurrence:0ed67bd771541ec6a3b89094145f547c","Argyropelecus hemigymnus",,"urn:lsid:marinespecies.org:taxname:127309","2015-08-29/2017-05-10","Brazil","Fernando de Noronha Ridge","FNR",-3.936455,-32.678409,165000,"WGS84","present","HumanObservation"
"brazilian-islands-eduardo-2022:occurrence:a7cc9b1655df2dbceacbeedf2e6d284c","Argyropelecus hemigymnus",,"urn:lsid:marinespecies.org:taxname:127309","2015-08-29/2017-05-10","Brazil","Pernambuco","PE",-8.391812,-34.480167,100000,"WGS84","present","HumanObservation"
"brazilian-islands-eduardo-2022:occurrence:cc8a0bab57900bb1e61fcd5ea19743e9","Argyropelecus hemigymnus",,"urn:lsid:marinespecies.org:taxname:127309","2015-08-29/2017-05-10","Brazil","Rio Grande do Norte","RN",-5.184906,-34.633975,165000,"WGS84","present","HumanObservation"
"brazilian-islands-eduardo-2022:occurrence:1707b5d228598e9c0ce0db4c5c6cc024","Argyropelecus sladeni",,"urn:lsid:marinespecies.org:taxname:158837","2015-08-29/2017-05-10","Brazil","Fernando de Noronha Ridge","FNR",-3.936455,-32.678409,165000,"WGS84","present","HumanObservation"
"brazilian-islands-eduardo-2022:occurrence:61c0ec0790ca2974603d0defc08882e2","Sternoptyx diaphana",,"urn:lsid:marinespecies.org:taxname:127314","2015-08-29/2017-05-10","Brazil","Fernando de Noronha Ridge","FNR",-3.936455,-32.678409,165000,"WGS84","present","HumanObservation"
"brazilian-islands-eduardo-2022:occurrence:18f6e8166b4179389ba84431eeae3f8b","Sternoptyx diaphana",,"urn:lsid:marinespecies.org:taxname:127314","2015-08-29/2017-05-10","Brazil","Paraı́ba","PB",-7.02007,-34.414249,80000,"WGS84","present","HumanObservation"
"brazilian-islands-eduardo-2022:occurrence:dd92fc7e719c850640f58ab3fc258f06","Sternoptyx diaphana",,"urn:lsid:marinespecies.org:taxname:127314","2015-08-29/2017-05-10","Brazil","Pernambuco","PE",-8.391812,-34.480167,100000,"WGS84","present","HumanObservation"
"brazilian-islands-eduardo-2022:occurrence:81c208342f3b5a63ff0d2d0e3680f02b","Sternoptyx diaphana",,"urn:lsid:marinespecies.org:taxname:127314","2015-08-29/2017-05-10","Brazil","Rio Grande do Norte","RN",-5.184906,-34.633975,165000,"WGS84","present","HumanObservation"
"brazilian-islands-eduardo-2022:occurrence:4a4c84651aba654a3136e00506367775","Sternoptyx pseudobscura",,"urn:lsid:marinespecies.org:taxname:127315","2015-08-29/2017-05-10","Brazil","Fernando de Noronha Ridge","FNR",-3.936455,-32.678409,165000,"WGS84","present","HumanObservation"
"brazilian-islands-eduardo-2022:occurrence:2db287b9881f8ad4648fbd7829bb9b0d","Sternoptyx pseudobscura",,"urn:lsid:marinespecies.org:taxname:127315","2015-08-29/2017-05-10","Brazil","Paraı́ba","PB",-7.02007,-34.414249,80000,"WGS84","present","HumanObservation"
"brazilian-islands-eduardo-2022:occurrence:b9255cff1c9243cc8dde1cdb89ea29c3","Sternoptyx pseudobscura",,"urn:lsid:marinespecies.org:taxname:127315","2015-08-29/2017-05-10","Brazil","Pernambuco","PE",-8.391812,-34.480167,100000,"WGS84","present","HumanObservation"
"brazilian-islands-eduardo-2022:occurrence:db891a81c639b8296c10a490b94c6d54","Sternoptyx pseudodiaphana",,"urn:lsid:marinespecies.org:taxname:275005","2015-08-29/2017-05-10","Brazil","Fernando de Noronha Ridge","FNR",-3.936455,-32.678409,165000,"WGS84","present","HumanObservation"
"brazilian-islands-eduardo-2022:occurrence:0557da42cdd038391368c8047d351a95","Valenciennellus tripunctulatus",,"urn:lsid:marinespecies.org:taxname:127316","2015-08-29/2017-05-10","Brazil","Fernando de Noronha Ridge","FNR",-3.936455,-32.678409,165000,"WGS84","present","HumanObservation"
"brazilian-islands-eduardo-2022:occurrence:932f82f1cb40868cdd21b147248a3dea","Valenciennellus tripunctulatus",,"urn:lsid:marinespecies.org:taxname:127316","2015-08-29/2017-05-10","Brazil","Pernambuco","PE",-8.391812,-34.480167,100000,"WGS84","present","HumanObservation"
"brazilian-islands-eduardo-2022:occurrence:084d64341e29e33809114689077bd960","Ichthyococcus polli",,"urn:lsid:marinespecies.org:taxname:274956","2015-08-29/2017-05-10","Brazil","Fernando de Noronha Ridge","FNR",-3.936455,-32.678409,165000,"WGS84","present","HumanObservation"
"brazilian-islands-eduardo-2022:occurrence:aac70dc97360f7412a8ee3fdc0e93c6f","Ichthyococcus polli",,"urn:lsid:marinespecies.org:taxname:274956","2015-08-29/2017-05-10","Brazil","Paraı́ba","PB",-7.02007,-34.414249,80000,"WGS84","present","HumanObservation"
"brazilian-islands-eduardo-2022:occurrence:be089d7870000d4966fc5b6db731f4da","Phosichthys argenteus",,"urn:lsid:marinespecies.org:taxname:220007","2015-08-29/2017-05-10","Brazil","Rio Grande do Norte","RN",-5.184906,-34.633975,165000,"WGS84","present","HumanObservation"
"brazilian-islands-eduardo-2022:occurrence:c3f3d64b89a0148ad7579f245794b4dc","Pollichthys mauli",,"urn:lsid:marinespecies.org:taxname:127299","2015-08-29/2017-05-10","Brazil","Rio Grande do Norte","RN",-5.184906,-34.633975,165000,"WGS84","present","HumanObservation"
"brazilian-islands-eduardo-2022:occurrence:548a2d797e3cabc75eb935aea6f781f5","Vinciguerria nimbaria",,"urn:lsid:marinespecies.org:taxname:127303","2015-08-29/2017-05-10","Brazil","Fernando de Noronha Ridge","FNR",-3.936455,-32.678409,165000,"WGS84","present","HumanObservation"
"brazilian-islands-eduardo-2022:occurrence:2e87c6df7e9fb6de94b487e68d53749f","Vinciguerria nimbaria",,"urn:lsid:marinespecies.org:taxname:127303","2015-08-29/2017-05-10","Brazil","Paraı́ba","PB",-7.02007,-34.414249,80000,"WGS84","present","HumanObservation"
"brazilian-islands-eduardo-2022:occurrence:923bed110cf85d5f3db9f9e31355556c","Vinciguerria nimbaria",,"urn:lsid:marinespecies.org:taxname:127303","2015-08-29/2017-05-10","Brazil","Pernambuco","PE",-8.391812,-34.480167,100000,"WGS84","present","HumanObservation"
"brazilian-islands-eduardo-2022:occurrence:5f9be72e213e2c1eceac5c55cd864fcb","Vinciguerria nimbaria",,"urn:lsid:marinespecies.org:taxname:127303","2015-08-29/2017-05-10","Brazil","Rio Grande do Norte","RN",-5.184906,-34.633975,165000,"WGS84","present","HumanObservation"
"brazilian-islands-eduardo-2022:occurrence:f0fa34b00501c6acec07628722550ef6","Aristostomias grimaldii",,"urn:lsid:marinespecies.org:taxname:127317","2015-08-29/2017-05-10","Brazil","Fernando de Noronha Ridge","FNR",-3.936455,-32.678409,165000,"WGS84","present","HumanObservation"
"brazilian-islands-eduardo-2022:occurrence:d7ef7e17c5df9870039b82fbfcbf98c0","Aristostomias tittmanni",,"urn:lsid:marinespecies.org:taxname:127319","2015-08-29/2017-05-10","Brazil","Fernando de Noronha Ridge","FNR",-3.936455,-32.678409,165000,"WGS84","present","HumanObservation"
"brazilian-islands-eduardo-2022:occurrence:e0a0b2ea4cd778aba4f4a38be4718765","Aristostomias tittmanni",,"urn:lsid:marinespecies.org:taxname:127319","2015-08-29/2017-05-10","Brazil","Paraı́ba","PB",-7.02007,-34.414249,80000,"WGS84","present","HumanObservation"
"brazilian-islands-eduardo-2022:occurrence:020e6f6b4bf9afa05a9130fc7ec2d668","Astronesthes atlanticus",,"urn:lsid:marinespecies.org:taxname:217337","2015-08-29/2017-05-10","Brazil","Fernando de Noronha Ridge","FNR",-3.936455,-32.678409,165000,"WGS84","present","HumanObservation"
"brazilian-islands-eduardo-2022:occurrence:89ed2886ab3126d7e78588c3bac00526","Astronesthes gemmifer",,"urn:lsid:marinespecies.org:taxname:127322","2015-08-29/2017-05-10","Brazil","Fernando de Noronha Ridge","FNR",-3.936455,-32.678409,165000,"WGS84","present","HumanObservation"
"brazilian-islands-eduardo-2022:occurrence:17cf1ff41f21e7669ed2a63704b8a61e","Astronesthes gudrunae",,"urn:lsid:marinespecies.org:taxname:275019","2015-08-29/2017-05-10","Brazil","Fernando de Noronha Ridge","FNR",-3.936455,-32.678409,165000,"WGS84","present","HumanObservation"
"brazilian-islands-eduardo-2022:occurrence:2159c909d2cf3e345300a9e7edd07d6a","Astronesthes richardsoni",,"urn:lsid:marinespecies.org:taxname:158843","2015-08-29/2017-05-10","Brazil","Fernando de Noronha Ridge","FNR",-3.936455,-32.678409,165000,"WGS84","present","HumanObservation"
"brazilian-islands-eduardo-2022:occurrence:8fcf641cb3928474047c189ee33a53c7","Astronesthes similus",,"urn:lsid:marinespecies.org:taxname:275036","2015-08-29/2017-05-10","Brazil","Fernando de Noronha Ridge","FNR",-3.936455,-32.678409,165000,"WGS84","present","HumanObservation"
"brazilian-islands-eduardo-2022:occurrence:44bd02f1cd77554c061a258f8836f8c9","Astronesthes similus",,"urn:lsid:marinespecies.org:taxname:275036","2015-08-29/2017-05-10","Brazil","Paraı́ba","PB",-7.02007,-34.414249,80000,"WGS84","present","HumanObservation"
"brazilian-islands-eduardo-2022:occurrence:1bb4a3282a4dd6fb92da3bfa8d81b4ce","Bathophilus nigerrimus",,"urn:lsid:marinespecies.org:taxname:127331","2015-08-29/2017-05-10","Brazil","Fernando de Noronha Ridge","FNR",-3.936455,-32.678409,165000,"WGS84","present","HumanObservation"
"brazilian-islands-eduardo-2022:occurrence:405a268b86686822aac66d815c6c541d","Bathophilus pawneei",,"urn:lsid:marinespecies.org:taxname:127332","2015-08-29/2017-05-10","Brazil","Fernando de Noronha Ridge","FNR",-3.936455,-32.678409,165000,"WGS84","present","HumanObservation"
"brazilian-islands-eduardo-2022:occurrence:fbc805f0f8580fd6447effe30d5bb5ff","Borostomias elucens",,"urn:lsid:marinespecies.org:taxname:127335","2015-08-29/2017-05-10","Brazil","Fernando de Noronha Ridge","FNR",-3.936455,-32.678409,165000,"WGS84","present","HumanObservation"
"brazilian-islands-eduardo-2022:occurrence:e039d534aeabeaf79295f4f716fceb3e","Chauliodus sloani",,"urn:lsid:marinespecies.org:taxname:127338","2015-08-29/2017-05-10","Brazil","Fernando de Noronha Ridge","FNR",-3.936455,-32.678409,165000,"WGS84","present","HumanObservation"
"brazilian-islands-eduardo-2022:occurrence:47155b09b3afcc1eac9ff92632e1414d","Chauliodus sloani",,"urn:lsid:marinespecies.org:taxname:127338","2015-08-29/2017-05-10","Brazil","Paraı́ba","PB",-7.02007,-34.414249,80000,"WGS84","present","HumanObservation"
"brazilian-islands-eduardo-2022:occurrence:01432ac95508f41a86cea439d9cd5d08","Chauliodus sloani",,"urn:lsid:marinespecies.org:taxname:127338","2015-08-29/2017-05-10","Brazil","Pernambuco","PE",-8.391812,-34.480167,100000,"WGS84","present","HumanObservation"
"brazilian-islands-eduardo-2022:occurrence:147c1c22053b7ce7a4ce37ae027f3c93","Chauliodus sloani",,"urn:lsid:marinespecies.org:taxname:127338","2015-08-29/2017-05-10","Brazil","Rio Grande do Norte","RN",-5.184906,-34.633975,165000,"WGS84","present","HumanObservation"
"brazilian-islands-eduardo-2022:occurrence:8b37811d08a532f87a4f7f57414ba120","Eustomias bibulbosus",,"urn:lsid:marinespecies.org:taxname:158850","2015-08-29/2017-05-10","Brazil","Pernambuco","PE",-8.391812,-34.480167,100000,"WGS84","present","HumanObservation"
"brazilian-islands-eduardo-2022:occurrence:b133acce151df97bd5d50c36d6219f9d","Eustomias braueri",,"urn:lsid:marinespecies.org:taxname:127341","2015-08-29/2017-05-10","Brazil","Pernambuco","PE",-8.391812,-34.480167,100000,"WGS84","present","HumanObservation"
"brazilian-islands-eduardo-2022:occurrence:01fc4f647c43bbf8fd0d55b74fe151fd","Eustomias brevibarbatus",,"urn:lsid:marinespecies.org:taxname:158852","2015-08-29/2017-05-10","Brazil","Fernando de Noronha Ridge","FNR",-3.936455,-32.678409,165000,"WGS84","present","HumanObservation"
"brazilian-islands-eduardo-2022:occurrence:04a44eda17c99d443655a94f05e82a45","Eustomias enbarbatus",,"urn:lsid:marinespecies.org:taxname:158854","2015-08-29/2017-05-10","Brazil","Fernando de Noronha Ridge","FNR",-3.936455,-32.678409,165000,"WGS84","present","HumanObservation"
"brazilian-islands-eduardo-2022:occurrence:e7c247ee7d4c9ed3473393279ff3cb07","Eustomias enbarbatus",,"urn:lsid:marinespecies.org:taxname:158854","2015-08-29/2017-05-10","Brazil","Pernambuco","PE",-8.391812,-34.480167,100000,"WGS84","present","HumanObservation"
"brazilian-islands-eduardo-2022:occurrence:6337de88f386330e6288658c4d7c048b","Eustomias minimus",,"urn:lsid:marinespecies.org:taxname:275117","2015-08-29/2017-05-10","Brazil","Fernando de Noronha Ridge","FNR",-3.936455,-32.678409,165000,"WGS84","present","HumanObservation"
"brazilian-islands-eduardo-2022:occurrence:2d617af338d784d11c44c9165d6af084","Eustomias schmidti",,"urn:lsid:marinespecies.org:taxname:127348","2015-08-29/2017-05-10","Brazil","Fernando de Noronha Ridge","FNR",-3.936455,-32.678409,165000,"WGS84","present","HumanObservation"
"brazilian-islands-eduardo-2022:occurrence:84ef19f3ddbf260b09d6129a4cb9f8d3","Eustomias","sp. 1","urn:lsid:marinespecies.org:taxname:126208","2015-08-29/2017-05-10","Brazil","Fernando de Noronha Ridge","FNR",-3.936455,-32.678409,165000,"WGS84","present","HumanObservation"
"brazilian-islands-eduardo-2022:occurrence:62a8d2cadc0dda441d574f0f7b79dd0e","Eustomias","sp. 2","urn:lsid:marinespecies.org:taxname:126208","2015-08-29/2017-05-10","Brazil","Fernando de Noronha Ridge","FNR",-3.936455,-32.678409,165000,"WGS84","present","HumanObservation"
"brazilian-islands-eduardo-2022:occurrence:122ee86263784993e50b0e57d24eeace","Eustomias","sp. 3","urn:lsid:marinespecies.org:taxname:126208","2015-08-29/2017-05-10","Brazil","Fernando de Noronha Ridge","FNR",-3.936455,-32.678409,165000,"WGS84","present","HumanObservation"
"brazilian-islands-eduardo-2022:occurrence:16e109933a753f20efce29fc55ecba93","Eustomias","sp. 4","urn:lsid:marinespecies.org:taxname:126208","2015-08-29/2017-05-10","Brazil","Fernando de Noronha Ridge","FNR",-3.936455,-32.678409,165000,"WGS84","present","HumanObservation"
"brazilian-islands-eduardo-2022:occurrence:2d8c3dfc791848fb2d693be757d2462b","Eustomias","sp. 5","urn:lsid:marinespecies.org:taxname:126208","2015-08-29/2017-05-10","Brazil","Fernando de Noronha Ridge","FNR",-3.936455,-32.678409,165000,"WGS84","present","HumanObservation"
"brazilian-islands-eduardo-2022:occurrence:15a42a81c7c37911a6a2071524ac9316","Grammatostomias dentatus",,"urn:lsid:marinespecies.org:taxname:158731","2015-08-29/2017-05-10","Brazil","Pernambuco","PE",-8.391812,-34.480167,100000,"WGS84","present","HumanObservation"
"brazilian-islands-eduardo-2022:occurrence:a679e4d24b8172a55be654d76a5a0df8","Grammatostomias ovatus",,"urn:lsid:marinespecies.org:taxname:835210","2015-08-29/2017-05-10","Brazil","Pernambuco","PE",-8.391812,-34.480167,100000,"WGS84","present","HumanObservation"
"brazilian-islands-eduardo-2022:occurrence:a34b796260d8df9d4150550ba3e8a9e0","Heterophotus ophistoma",,"urn:lsid:marinespecies.org:taxname:158733","2015-08-29/2017-05-10","Brazil","Fernando de Noronha Ridge","FNR",-3.936455,-32.678409,165000,"WGS84","present","HumanObservation"
"brazilian-islands-eduardo-2022:occurrence:3686e9b28b205a87cc3c5eafd93dd6b5","Leptostomias gladiator",,"urn:lsid:marinespecies.org:taxname:127355","2015-08-29/2017-05-10","Brazil","Fernando de Noronha Ridge","FNR",-3.936455,-32.678409,165000,"WGS84","present","HumanObservation"
"brazilian-islands-eduardo-2022:occurrence:a2e716ff135500db1ad36b7b201c8996","Malacosteus niger",,"urn:lsid:marinespecies.org:taxname:127358","2015-08-29/2017-05-10","Brazil","Fernando de Noronha Ridge","FNR",-3.936455,-32.678409,165000,"WGS84","present","HumanObservation"
"brazilian-islands-eduardo-2022:occurrence:7761de4a42237eac8be35236a24cf9b2","Melanostomias bartonbeani",,"urn:lsid:marinespecies.org:taxname:127359","2015-08-29/2017-05-10","Brazil","Fernando de Noronha Ridge","FNR",-3.936455,-32.678409,165000,"WGS84","present","HumanObservation"
"brazilian-islands-eduardo-2022:occurrence:1859e3d258ae67975ed3c072c5785842","Melanostomias bartonbeani",,"urn:lsid:marinespecies.org:taxname:127359","2015-08-29/2017-05-10","Brazil","Paraı́ba","PB",-7.02007,-34.414249,80000,"WGS84","present","HumanObservation"
"brazilian-islands-eduardo-2022:occurrence:9bb885417d8c2d1756b5e801d442ca8f","Melanostomias biseriatus",,"urn:lsid:marinespecies.org:taxname:127360","2015-08-29/2017-05-10","Brazil","Fernando de Noronha Ridge","FNR",-3.936455,-32.678409,165000,"WGS84","present","HumanObservation"
"brazilian-islands-eduardo-2022:occurrence:8af61d1fc53dd2e0c2cb0a15b0e35c81","Melanostomias biseriatus",,"urn:lsid:marinespecies.org:taxname:127360","2015-08-29/2017-05-10","Brazil","Pernambuco","PE",-8.391812,-34.480167,100000,"WGS84","present","HumanObservation"
"brazilian-islands-eduardo-2022:occurrence:ce911e80196eaf357e46283097436a62","Melanostomias tentaculatus",,"urn:lsid:marinespecies.org:taxname:127364","2015-08-29/2017-05-10","Brazil","Fernando de Noronha Ridge","FNR",-3.936455,-32.678409,165000,"WGS84","present","HumanObservation"
"brazilian-islands-eduardo-2022:occurrence:379ab962a54ee305521ddc65c0455290","Melanostomias tentaculatus",,"urn:lsid:marinespecies.org:taxname:127364","2015-08-29/2017-05-10","Brazil","Paraı́ba","PB",-7.02007,-34.414249,80000,"WGS84","present","HumanObservation"
"brazilian-islands-eduardo-2022:occurrence:a42b4d95a1172947a9b083c3cc509cf2","Melanostomias tentaculatus",,"urn:lsid:marinespecies.org:taxname:127364","2015-08-29/2017-05-10","Brazil","Pernambuco","PE",-8.391812,-34.480167,100000,"WGS84","present","HumanObservation"
"brazilian-islands-eduardo-2022:occurrence:faaeefaf08833f12600b8db3a4dd5ec4","Melanostomias",,"urn:lsid:marinespecies.org:taxname:126214","2015-08-29/2017-05-10","Brazil","Fernando de Noronha Ridge","FNR",-3.936455,-32.678409,165000,"WGS84","present","HumanObservation"
"brazilian-islands-eduardo-2022:occurrence:08ec01c4d59521ca310959f8823c69f2","Pachystomias microdon",,"urn:lsid:marinespecies.org:taxname:127367","2015-08-29/2017-05-10","Brazil","Fernando de Noronha Ridge","FNR",-3.936455,-32.678409,165000,"WGS84","present","HumanObservation"
"brazilian-islands-eduardo-2022:occurrence:e4705152c77a3870c464224d2b6c19cc","Photonectes achirus",,"urn:lsid:marinespecies.org:taxname:275170","2015-08-29/2017-05-10","Brazil","Paraı́ba","PB",-7.02007,-34.414249,80000,"WGS84","present","HumanObservation"
"brazilian-islands-eduardo-2022:occurrence:9b5940d58a1b05e76cef11de6d3eeffe","Photonectes achirus",,"urn:lsid:marinespecies.org:taxname:275170","2015-08-29/2017-05-10","Brazil","Rio Grande do Norte","RN",-5.184906,-34.633975,165000,"WGS84","present","HumanObservation"
"brazilian-islands-eduardo-2022:occurrence:60ca4f93eafd3e840f7389d1cfe2236b","Photostomias atrox",,"urn:lsid:marinespecies.org:taxname:398365","2015-08-29/2017-05-10","Brazil","Pernambuco","PE",-8.391812,-34.480167,100000,"WGS84","present","HumanObservation"
"brazilian-islands-eduardo-2022:occurrence:4e6770e544b880f6fdeeca7f3411f56f","Photostomias goodyeari",,"urn:lsid:marinespecies.org:taxname:389385","2015-08-29/2017-05-10","Brazil","Fernando de Noronha Ridge","FNR",-3.936455,-32.678409,165000,"WGS84","present","HumanObservation"
"brazilian-islands-eduardo-2022:occurrence:0816eeff87daf508370e8800948494d7","Stomias danae",,"urn:lsid:marinespecies.org:taxname:275179","2015-08-29/2017-05-10","Brazil","Paraı́ba","PB",-7.02007,-34.414249,80000,"WGS84","present","HumanObservation"
"brazilian-islands-eduardo-2022:occurrence:123e1f73092aa26f1d73f28cabbe7a5f","Stomias longibarbatus",,"urn:lsid:marinespecies.org:taxname:127376","2015-08-29/2017-05-10","Brazil","Fernando de Noronha Ridge","FNR",-3.936455,-32.678409,165000,"WGS84","present","HumanObservation"
"brazilian-islands-eduardo-2022:occurrence:6c7038ce81971f45498f138edc9f942e","Thysanactis dentex",,"urn:lsid:marinespecies.org:taxname:282973","2015-08-29/2017-05-10","Brazil","Fernando de Noronha Ridge","FNR",-3.936455,-32.678409,165000,"WGS84","present","HumanObservation"
"brazilian-islands-eduardo-2022:occurrence:1c39e85a93587ea8206427400c3ef372","Thysanactis dentex",,"urn:lsid:marinespecies.org:taxname:282973","2015-08-29/2017-05-10","Brazil","Rio Grande do Norte","RN",-5.184906,-34.633975,165000,"WGS84","present","HumanObservation"
"brazilian-islands-eduardo-2022:occurrence:b8e55da9b9d239fbb7ad8a8f6624ec57","Ateleopodidae",,"urn:lsid:marinespecies.org:taxname:125437","2015-08-29/2017-05-10","Brazil","Fernando de Noronha Ridge","FNR",-3.936455,-32.678409,165000,"WGS84","present","HumanObservation"
"brazilian-islands-eduardo-2022:occurrence:deb8554aa9cb9229de29862f774e924b","Anotopterus pharao",,"urn:lsid:marinespecies.org:taxname:126334","2015-08-29/2017-05-10","Brazil","Rio Grande do Norte","RN",-5.184906,-34.633975,165000,"WGS84","present","HumanObservation"
"brazilian-islands-eduardo-2022:occurrence:fcdfb01a42b68451bc4f3f049a1704b4","Gigantura chuni",,"urn:lsid:marinespecies.org:taxname:275830","2015-08-29/2017-05-10","Brazil","Fernando de Noronha Ridge","FNR",-3.936455,-32.678409,165000,"WGS84","present","HumanObservation"
"brazilian-islands-eduardo-2022:occurrence:c5037925f91755dbf354ba0e7ce1276b","Gigantura indica",,"urn:lsid:marinespecies.org:taxname:158858","2015-08-29/2017-05-10","Brazil","Fernando de Noronha Ridge","FNR",-3.936455,-32.678409,165000,"WGS84","present","HumanObservation"
"brazilian-islands-eduardo-2022:occurrence:7ed7d4d9793e73528eecd7ae036dfbec","Gigantura indica",,"urn:lsid:marinespecies.org:taxname:158858","2015-08-29/2017-05-10","Brazil","Paraı́ba","PB",-7.02007,-34.414249,80000,"WGS84","present","HumanObservation"
"brazilian-islands-eduardo-2022:occurrence:ef9487779d7c8d208f98eb37aa4827eb","Gigantura indica",,"urn:lsid:marinespecies.org:taxname:158858","2015-08-29/2017-05-10","Brazil","Pernambuco","PE",-8.391812,-34.480167,100000,"WGS84","present","HumanObservation"
"brazilian-islands-eduardo-2022:occurrence:66882af77ce96df1c90ef88ca2b0f940","Parasudis truculenta",,"urn:lsid:marinespecies.org:taxname:158868","2015-08-29/2017-05-10","Brazil","Fernando de Noronha Ridge","FNR",-3.936455,-32.678409,165000,"WGS84","present","HumanObservation"
"brazilian-islands-eduardo-2022:occurrence:a328f0b0e5551aed10e451ebf2a95b9d","Ahliesaurus berryi",,"urn:lsid:marinespecies.org:taxname:126347","2015-08-29/2017-05-10","Brazil","Fernando de Noronha Ridge","FNR",-3.936455,-32.678409,165000,"WGS84","present","HumanObservation"
"brazilian-islands-eduardo-2022:occurrence:5937a98c915fc575252f5fdd801ebdd4","Scopelosaurus smithii",,"urn:lsid:marinespecies.org:taxname:126350","2015-08-29/2017-05-10","Brazil","Pernambuco","PE",-8.391812,-34.480167,100000,"WGS84","present","HumanObservation"
"brazilian-islands-eduardo-2022:occurrence:c1d443589de13e04812fca22aca7b07e","Benthalbella infans",,"urn:lsid:marinespecies.org:taxname:126365","2015-08-29/2017-05-10","Brazil","Rio Grande do Norte","RN",-5.184906,-34.633975,165000,"WGS84","present","HumanObservation"
"brazilian-islands-eduardo-2022:occurrence:412d2043944a9ff8178f8745c5d87721","Rosenblattichthys hubbsi",,"urn:lsid:marinespecies.org:taxname:126366","2015-08-29/2017-05-10","Brazil","Paraı́ba","PB",-7.02007,-34.414249,80000,"WGS84","present","HumanObservation"
"brazilian-islands-eduardo-2022:occurrence:2734acee26a705603dec99e9734bfbff","Scopelarchoides danae",,"urn:lsid:marinespecies.org:taxname:158755","2015-08-29/2017-05-10","Brazil","Fernando de Noronha Ridge","FNR",-3.936455,-32.678409,165000,"WGS84","present","HumanObservation"
"brazilian-islands-eduardo-2022:occurrence:2e451ea8d9ac7596e6a6abdadf629702","Scopelarchus analis",,"urn:lsid:marinespecies.org:taxname:126367","2015-08-29/2017-05-10","Brazil","Fernando de Noronha Ridge","FNR",-3.936455,-32.678409,165000,"WGS84","present","HumanObservation"
"brazilian-islands-eduardo-2022:occurrence:88e9bc3d651178f473f99975c7dabfc0","Scopelarchus guentheri",,"urn:lsid:marinespecies.org:taxname:217724","2015-08-29/2017-05-10","Brazil","Fernando de Noronha Ridge","FNR",-3.936455,-32.678409,165000,"WGS84","present","HumanObservation"
"brazilian-islands-eduardo-2022:occurrence:e43303813816bc8a9940dfe92d635220","Scopelarchus guentheri",,"urn:lsid:marinespecies.org:taxname:217724","2015-08-29/2017-05-10","Brazil","Paraı́ba","PB",-7.02007,-34.414249,80000,"WGS84","present","HumanObservation"
"brazilian-islands-eduardo-2022:occurrence:97ebf1ab7a1d188e1119b37c95e91fe2","Scopelarchus guentheri",,"urn:lsid:marinespecies.org:taxname:217724","2015-08-29/2017-05-10","Brazil","Rio Grande do Norte","RN",-5.184906,-34.633975,165000,"WGS84","present","HumanObservation"
"brazilian-islands-eduardo-2022:occurrence:3c93a488f871e468c0d29c13c6c98b99","Odontostomops normalops",,"urn:lsid:marinespecies.org:taxname:126340","2015-08-29/2017-05-10","Brazil","Fernando de Noronha Ridge","FNR",-3.936455,-32.678409,165000,"WGS84","present","HumanObservation"
"brazilian-islands-eduardo-2022:occurrence:bea240d6e8db24e4044ac073ba62f486","Lestidiops affinis",,"urn:lsid:marinespecies.org:taxname:126353","2015-08-29/2017-05-10","Brazil","Fernando de Noronha Ridge","FNR",-3.936455,-32.678409,165000,"WGS84","present","HumanObservation"
"brazilian-islands-eduardo-2022:occurrence:bda828d8de80fc6e75af2491512f38c2","Lestrolepis intermedia",,"urn:lsid:marinespecies.org:taxname:158873","2015-08-29/2017-05-10","Brazil","Fernando de Noronha Ridge","FNR",-3.936455,-32.678409,165000,"WGS84","present","HumanObservation"
"brazilian-islands-eduardo-2022:occurrence:8c3b0299d359695f6071a4017b2139cb","Stemonosudis gracilis",,"urn:lsid:marinespecies.org:taxname:220333","2015-08-29/2017-05-10","Brazil","Fernando de Noronha Ridge","FNR",-3.936455,-32.678409,165000,"WGS84","present","HumanObservation"
"brazilian-islands-eduardo-2022:occurrence:4299d7edb21c8b75bce88fac8ade4eb7","Stemonosudis intermedia",,"urn:lsid:marinespecies.org:taxname:158750","2015-08-29/2017-05-10","Brazil","Fernando de Noronha Ridge","FNR",-3.936455,-32.678409,165000,"WGS84","present","HumanObservation"
"brazilian-islands-eduardo-2022:occurrence:df464979647b1aaa5f62385f41bef535","Stemonosudis intermedia",,"urn:lsid:marinespecies.org:taxname:158750","2015-08-29/2017-05-10","Brazil","Paraı́ba","PB",-7.02007,-34.414249,80000,"WGS84","present","HumanObservation"
"brazilian-islands-eduardo-2022:occurrence:26f99552fd129719e1ee01545354cecb","Stemonosudis siliquiventer",,"urn:lsid:marinespecies.org:taxname:275614","2015-08-29/2017-05-10","Brazil","Fernando de Noronha Ridge","FNR",-3.936455,-32.678409,165000,"WGS84","present","HumanObservation"
"brazilian-islands-eduardo-2022:occurrence:96be34f3039b0fedb24ab91536a9b2c5","Omosudis lowii",,"urn:lsid:marinespecies.org:taxname:272087","2015-08-29/2017-05-10","Brazil","Fernando de Noronha Ridge","FNR",-3.936455,-32.678409,165000,"WGS84","present","HumanObservation"
"brazilian-islands-eduardo-2022:occurrence:1885cf6938934a999609f30425400923","Scopelengys tristis",,"urn:lsid:marinespecies.org:taxname:126636","2015-08-29/2017-05-10","Brazil","Fernando de Noronha Ridge","FNR",-3.936455,-32.678409,165000,"WGS84","present","HumanObservation"
"brazilian-islands-eduardo-2022:occurrence:a2d386bc0d4cfa41d3b2c3f28f1de9f4","Benthosema suborbitale",,"urn:lsid:marinespecies.org:taxname:126581","2015-08-29/2017-05-10","Brazil","Fernando de Noronha Ridge","FNR",-3.936455,-32.678409,165000,"WGS84","present","HumanObservation"
"brazilian-islands-eduardo-2022:occurrence:124cf890f980ffde52c97fedfa99e944","Benthosema suborbitale",,"urn:lsid:marinespecies.org:taxname:126581","2015-08-29/2017-05-10","Brazil","Paraı́ba","PB",-7.02007,-34.414249,80000,"WGS84","present","HumanObservation"
"brazilian-islands-eduardo-2022:occurrence:cfd2f5596ce52a90aa55bf1006869186","Benthosema suborbitale",,"urn:lsid:marinespecies.org:taxname:126581","2015-08-29/2017-05-10","Brazil","Rio Grande do Norte","RN",-5.184906,-34.633975,165000,"WGS84","present","HumanObservation"
"brazilian-islands-eduardo-2022:occurrence:0f63deb2f457198e481d733c192be24b","Bolinichthys distofax",,"urn:lsid:marinespecies.org:taxname:272649","2015-08-29/2017-05-10","Brazil","Fernando de Noronha Ridge","FNR",-3.936455,-32.678409,165000,"WGS84","present","HumanObservation"
"brazilian-islands-eduardo-2022:occurrence:4cf52bbfef90bf64cfc0331654a9b987","Bolinichthys distofax",,"urn:lsid:marinespecies.org:taxname:272649","2015-08-29/2017-05-10","Brazil","Paraı́ba","PB",-7.02007,-34.414249,80000,"WGS84","present","HumanObservation"
"brazilian-islands-eduardo-2022:occurrence:4b5012b43049ea54b9d7c3bf28a93ebe","Bolinichthys distofax",,"urn:lsid:marinespecies.org:taxname:272649","2015-08-29/2017-05-10","Brazil","Pernambuco","PE",-8.391812,-34.480167,100000,"WGS84","present","HumanObservation"
"brazilian-islands-eduardo-2022:occurrence:25724d4a2949fe2847fd61ed802d0d9d","Bolinichthys distofax",,"urn:lsid:marinespecies.org:taxname:272649","2015-08-29/2017-05-10","Brazil","Rio Grande do Norte","RN",-5.184906,-34.633975,165000,"WGS84","present","HumanObservation"
"brazilian-islands-eduardo-2022:occurrence:23b65d63c577742d59ee130349aa5345","Bolinichthys photothorax",,"urn:lsid:marinespecies.org:taxname:158886","2015-08-29/2017-05-10","Brazil","Fernando de Noronha Ridge","FNR",-3.936455,-32.678409,165000,"WGS84","present","HumanObservation"
"brazilian-islands-eduardo-2022:occurrence:e8f1154daad203b4bd552f225cebabd4","Bolinichthys photothorax",,"urn:lsid:marinespecies.org:taxname:158886","2015-08-29/2017-05-10","Brazil","Paraı́ba","PB",-7.02007,-34.414249,80000,"WGS84","present","HumanObservation"
"brazilian-islands-eduardo-2022:occurrence:c3e619748db4f9e8cd7cbce1ca2c6dea","Bolinichthys supralateralis",,"urn:lsid:marinespecies.org:taxname:126583","2015-08-29/2017-05-10","Brazil","Fernando de Noronha Ridge","FNR",-3.936455,-32.678409,165000,"WGS84","present","HumanObservation"
"brazilian-islands-eduardo-2022:occurrence:39395cef23da0d104d7dd618772d28be","Ceratoscopelus warmingii",,"urn:lsid:marinespecies.org:taxname:126586","2015-08-29/2017-05-10","Brazil","Fernando de Noronha Ridge","FNR",-3.936455,-32.678409,165000,"WGS84","present","HumanObservation"
"brazilian-islands-eduardo-2022:occurrence:2161394f47d699cce6762ed6d7df1480","Ceratoscopelus warmingii",,"urn:lsid:marinespecies.org:taxname:126586","2015-08-29/2017-05-10","Brazil","Rio Grande do Norte","RN",-5.184906,-34.633975,165000,"WGS84","present","HumanObservation"
"brazilian-islands-eduardo-2022:occurrence:31b10e7197fb6ebff4bb7afe5f490c14","Dasyscopelus asper",,"urn:lsid:marinespecies.org:taxname:317659","2015-08-29/2017-05-10","Brazil","Fernando de Noronha Ridge","FNR",-3.936455,-32.678409,165000,"WGS84","present","HumanObservation"
"brazilian-islands-eduardo-2022:occurrence:38c84fe366b00051a75342245c2deefe","Dasyscopelus asper",,"urn:lsid:marinespecies.org:taxname:317659","2015-08-29/2017-05-10","Brazil","Pernambuco","PE",-8.391812,-34.480167,100000,"WGS84","present","HumanObservation"
"brazilian-islands-eduardo-2022:occurrence:dd667d4e7637f4b4a0221c10baa67167","Dasyscopelus asper",,"urn:lsid:marinespecies.org:taxname:317659","2015-08-29/2017-05-10","Brazil","Rio Grande do Norte","RN",-5.184906,-34.633975,165000,"WGS84","present","HumanObservation"
"brazilian-islands-eduardo-2022:occurrence:927eae89070a8a8846177afda8a4325d","Dasyscopelus obtusirostris",,"urn:lsid:marinespecies.org:taxname:1525495","2015-08-29/2017-05-10","Brazil","Fernando de Noronha Ridge","FNR",-3.936455,-32.678409,165000,"WGS84","present","HumanObservation"
"brazilian-islands-eduardo-2022:occurrence:a2221550f43476e9041420e4f8e15dcd","Dasyscopelus obtusirostris",,"urn:lsid:marinespecies.org:taxname:1525495","2015-08-29/2017-05-10","Brazil","Paraı́ba","PB",-7.02007,-34.414249,80000,"WGS84","present","HumanObservation"
"brazilian-islands-eduardo-2022:occurrence:0853758a1597041dd132e060efae6169","Dasyscopelus obtusirostris",,"urn:lsid:marinespecies.org:taxname:1525495","2015-08-29/2017-05-10","Brazil","Pernambuco","PE",-8.391812,-34.480167,100000,"WGS84","present","HumanObservation"
"brazilian-islands-eduardo-2022:occurrence:31ee38ef4085f4d3c6f92f2f2ff961df","Dasyscopelus obtusirostris",,"urn:lsid:marinespecies.org:taxname:1525495","2015-08-29/2017-05-10","Brazil","Rio Grande do Norte","RN",-5.184906,-34.633975,165000,"WGS84","present","HumanObservation"
"brazilian-islands-eduardo-2022:occurrence:a8e2e91e7fbc95641cedd391e3f3b767","Dasyscopelus selenops",,"urn:lsid:marinespecies.org:taxname:1525496","2015-08-29/2017-05-10","Brazil","Fernando de Noronha Ridge","FNR",-3.936455,-32.678409,165000,"WGS84","present","HumanObservation"
"brazilian-islands-eduardo-2022:occurrence:59da78e2d2528d8ce9b8fe06de465f00","Dasyscopelus selenops",,"urn:lsid:marinespecies.org:taxname:1525496","2015-08-29/2017-05-10","Brazil","Pernambuco","PE",-8.391812,-34.480167,100000,"WGS84","present","HumanObservation"
"brazilian-islands-eduardo-2022:occurrence:96ffda386c7a56155590bd38dccf991a","Diaphus bertelseni",,"urn:lsid:marinespecies.org:taxname:126588","2015-08-29/2017-05-10","Brazil","Fernando de Noronha Ridge","FNR",-3.936455,-32.678409,165000,"WGS84","present","HumanObservation"
"brazilian-islands-eduardo-2022:occurrence:f1c3c1fa0feb7848bfa61101aaaa601d","Diaphus bertelseni",,"urn:lsid:marinespecies.org:taxname:126588","2015-08-29/2017-05-10","Brazil","Rio Grande do Norte","RN",-5.184906,-34.633975,165000,"WGS84","present","HumanObservation"
"brazilian-islands-eduardo-2022:occurrence:9cee837512a0dc66f3b9029fc41de4bd","Diaphus brachycephalus",,"urn:lsid:marinespecies.org:taxname:126589","2015-08-29/2017-05-10","Brazil","Fernando de Noronha Ridge","FNR",-3.936455,-32.678409,165000,"WGS84","present","HumanObservation"
"brazilian-islands-eduardo-2022:occurrence:c809c4cf101ab19221b80d14b4fa6809","Diaphus brachycephalus",,"urn:lsid:marinespecies.org:taxname:126589","2015-08-29/2017-05-10","Brazil","Pernambuco","PE",-8.391812,-34.480167,100000,"WGS84","present","HumanObservation"
"brazilian-islands-eduardo-2022:occurrence:b2600cc21dcd9de068984597dc1994ca","Diaphus brachycephalus",,"urn:lsid:marinespecies.org:taxname:126589","2015-08-29/2017-05-10","Brazil","Rio Grande do Norte","RN",-5.184906,-34.633975,165000,"WGS84","present","HumanObservation"
"brazilian-islands-eduardo-2022:occurrence:057cf0335e811e865aef833a996af1e5","Diaphus dumerilii",,"urn:lsid:marinespecies.org:taxname:126590","2015-08-29/2017-05-10","Brazil","Fernando de Noronha Ridge","FNR",-3.936455,-32.678409,165000,"WGS84","present","HumanObservation"
"brazilian-islands-eduardo-2022:occurrence:19e7532ed3ec7472c7fa9ceabcd5e8b3","Diaphus dumerilii",,"urn:lsid:marinespecies.org:taxname:126590","2015-08-29/2017-05-10","Brazil","Paraı́ba","PB",-7.02007,-34.414249,80000,"WGS84","present","HumanObservation"
"brazilian-islands-eduardo-2022:occurrence:9aa80fea73fb6264702fa51bba91a31a","Diaphus dumerilii",,"urn:lsid:marinespecies.org:taxname:126590","2015-08-29/2017-05-10","Brazil","Pernambuco","PE",-8.391812,-34.480167,100000,"WGS84","present","HumanObservation"
"brazilian-islands-eduardo-2022:occurrence:84518edf20e478954eb3bd1be3ae31e7","Diaphus dumerilii",,"urn:lsid:marinespecies.org:taxname:126590","2015-08-29/2017-05-10","Brazil","Rio Grande do Norte","RN",-5.184906,-34.633975,165000,"WGS84","present","HumanObservation"
"brazilian-islands-eduardo-2022:occurrence:aad89d7b3271234f592705cc0e1adea2","Diaphus fragilis",,"urn:lsid:marinespecies.org:taxname:158887","2015-08-29/2017-05-10","Brazil","Fernando de Noronha Ridge","FNR",-3.936455,-32.678409,165000,"WGS84","present","HumanObservation"
"brazilian-islands-eduardo-2022:occurrence:573b98bd87f66309bcf74fb55647c960","Diaphus fragilis",,"urn:lsid:marinespecies.org:taxname:158887","2015-08-29/2017-05-10","Brazil","Paraı́ba","PB",-7.02007,-34.414249,80000,"WGS84","present","HumanObservation"
"brazilian-islands-eduardo-2022:occurrence:a88023b151672d33567f090c6ae42947","Diaphus fragilis",,"urn:lsid:marinespecies.org:taxname:158887","2015-08-29/2017-05-10","Brazil","Pernambuco","PE",-8.391812,-34.480167,100000,"WGS84","present","HumanObservation"
"brazilian-islands-eduardo-2022:occurrence:98289477c0cc59fdb6540c78bc0cf803","Diaphus fragilis",,"urn:lsid:marinespecies.org:taxname:158887","2015-08-29/2017-05-10","Brazil","Rio Grande do Norte","RN",-5.184906,-34.633975,165000,"WGS84","present","HumanObservation"
"brazilian-islands-eduardo-2022:occurrence:e30f14e4dca20a582227f2aec52784e7","Diaphus garmani",,"urn:lsid:marinespecies.org:taxname:158888","2015-08-29/2017-05-10","Brazil","Fernando de Noronha Ridge","FNR",-3.936455,-32.678409,165000,"WGS84","present","HumanObservation"
"brazilian-islands-eduardo-2022:occurrence:e190117952303f606aa385b3f2068709","Diaphus garmani",,"urn:lsid:marinespecies.org:taxname:158888","2015-08-29/2017-05-10","Brazil","Pernambuco","PE",-8.391812,-34.480167,100000,"WGS84","present","HumanObservation"
"brazilian-islands-eduardo-2022:occurrence:83fb513087f0cb812ec025e0c2dcb9bc","Diaphus garmani",,"urn:lsid:marinespecies.org:taxname:158888","2015-08-29/2017-05-10","Brazil","Rio Grande do Norte","RN",-5.184906,-34.633975,165000,"WGS84","present","HumanObservation"
"brazilian-islands-eduardo-2022:occurrence:2719d219a2548e02f6eaa5f733be2a85","Diaphus lucidus",,"urn:lsid:marinespecies.org:taxname:126593","2015-08-29/2017-05-10","Brazil","Fernando de Noronha Ridge","FNR",-3.936455,-32.678409,165000,"WGS84","present","HumanObservation"
"brazilian-islands-eduardo-2022:occurrence:f5622018600a86e5230f54cdb67bee7d","Diaphus lucidus",,"urn:lsid:marinespecies.org:taxname:126593","2015-08-29/2017-05-10","Brazil","Paraı́ba","PB",-7.02007,-34.414249,80000,"WGS84","present","HumanObservation"
"brazilian-islands-eduardo-2022:occurrence:261fe96c1950ed36a9ab69c1e105153a","Diaphus lucidus",,"urn:lsid:marinespecies.org:taxname:126593","2015-08-29/2017-05-10","Brazil","Pernambuco","PE",-8.391812,-34.480167,100000,"WGS84","present","HumanObservation"
"brazilian-islands-eduardo-2022:occurrence:2203f76ecc62a352e4e3d1b5c19b0edd","Diaphus lucidus",,"urn:lsid:marinespecies.org:taxname:126593","2015-08-29/2017-05-10","Brazil","Rio Grande do Norte","RN",-5.184906,-34.633975,165000,"WGS84","present","HumanObservation"
"brazilian-islands-eduardo-2022:occurrence:b94de45853eb29195866bce232b81068","Diaphus mollis",,"urn:lsid:marinespecies.org:taxname:126595","2015-08-29/2017-05-10","Brazil","Fernando de Noronha Ridge","FNR",-3.936455,-32.678409,165000,"WGS84","present","HumanObservation"
"brazilian-islands-eduardo-2022:occurrence:564bda8b09e6af0191fa535b03ac6733","Diaphus mollis",,"urn:lsid:marinespecies.org:taxname:126595","2015-08-29/2017-05-10","Brazil","Rio Grande do Norte","RN",-5.184906,-34.633975,165000,"WGS84","present","HumanObservation"
"brazilian-islands-eduardo-2022:occurrence:5d085c0a45df43fb03b31894ac927cab","Diaphus perspicillatus",,"urn:lsid:marinespecies.org:taxname:158890","2015-08-29/2017-05-10","Brazil","Fernando de Noronha Ridge","FNR",-3.936455,-32.678409,165000,"WGS84","present","HumanObservation"
"brazilian-islands-eduardo-2022:occurrence:f781e62a1e676ac5cf32ecba07bcafb4","Diaphus perspicillatus",,"urn:lsid:marinespecies.org:taxname:158890","2015-08-29/2017-05-10","Brazil","Paraı́ba","PB",-7.02007,-34.414249,80000,"WGS84","present","HumanObservation"
"brazilian-islands-eduardo-2022:occurrence:5ada131353c3bde0f9a39dd69cc6ea47","Diaphus perspicillatus",,"urn:lsid:marinespecies.org:taxname:158890","2015-08-29/2017-05-10","Brazil","Pernambuco","PE",-8.391812,-34.480167,100000,"WGS84","present","HumanObservation"
"brazilian-islands-eduardo-2022:occurrence:7f489b081b66eb2fb9ec032e849e4f20","Diaphus perspicillatus",,"urn:lsid:marinespecies.org:taxname:158890","2015-08-29/2017-05-10","Brazil","Rio Grande do Norte","RN",-5.184906,-34.633975,165000,"WGS84","present","HumanObservation"
"brazilian-islands-eduardo-2022:occurrence:75eb58bf56e6b1ed357608ce09262159","Diaphus problematicus",,"urn:lsid:marinespecies.org:taxname:158891","2015-08-29/2017-05-10","Brazil","Fernando de Noronha Ridge","FNR",-3.936455,-32.678409,165000,"WGS84","present","HumanObservation"
"brazilian-islands-eduardo-2022:occurrence:9528c27b0a4df61a9284fae13a233fbc","Diaphus splendidus",,"urn:lsid:marinespecies.org:taxname:158893","2015-08-29/2017-05-10","Brazil","Fernando de Noronha Ridge","FNR",-3.936455,-32.678409,165000,"WGS84","present","HumanObservation"
"brazilian-islands-eduardo-2022:occurrence:a405129edbfc4121484834e5883c941a","Diaphus splendidus",,"urn:lsid:marinespecies.org:taxname:158893","2015-08-29/2017-05-10","Brazil","Paraı́ba","PB",-7.02007,-34.414249,80000,"WGS84","present","HumanObservation"
"brazilian-islands-eduardo-2022:occurrence:b89fab420d420a7f08b5e33d3f3715ac","Diaphus splendidus",,"urn:lsid:marinespecies.org:taxname:158893","2015-08-29/2017-05-10","Brazil","Pernambuco","PE",-8.391812,-34.480167,100000,"WGS84","present","HumanObservation"
"brazilian-islands-eduardo-2022:occurrence:079f467c77b2a6ebb765f5b44d64ebf6","Diaphus splendidus",,"urn:lsid:marinespecies.org:taxname:158893","2015-08-29/2017-05-10","Brazil","Rio Grande do Norte","RN",-5.184906,-34.633975,165000,"WGS84","present","HumanObservation"
"brazilian-islands-eduardo-2022:occurrence:de335d96cdc3734888e6b5ab735ae9f2","Diogenichthys atlanticus",,"urn:lsid:marinespecies.org:taxname:126599","2015-08-29/2017-05-10","Brazil","Fernando de Noronha Ridge","FNR",-3.936455,-32.678409,165000,"WGS84","present","HumanObservation"
"brazilian-islands-eduardo-2022:occurrence:d498ca4b2dc12a76edb71461b7e02f09","Electrona risso",,"urn:lsid:marinespecies.org:taxname:126600","2015-08-29/2017-05-10","Brazil","Fernando de Noronha Ridge","FNR",-3.936455,-32.678409,165000,"WGS84","present","HumanObservation"
"brazilian-islands-eduardo-2022:occurrence:cf1fc0afaed56422949b7d6f62db4afe","Electrona risso",,"urn:lsid:marinespecies.org:taxname:126600","2015-08-29/2017-05-10","Brazil","Paraı́ba","PB",-7.02007,-34.414249,80000,"WGS84","present","HumanObservation"
"brazilian-islands-eduardo-2022:occurrence:89d43b153bd35d1e187a3500f5c43de2","Electrona risso",,"urn:lsid:marinespecies.org:taxname:126600","2015-08-29/2017-05-10","Brazil","Rio Grande do Norte","RN",-5.184906,-34.633975,165000,"WGS84","present","HumanObservation"
"brazilian-islands-eduardo-2022:occurrence:ea4ace7a824434eeb5a83de9e18f13d6","Hygophum hygomii",,"urn:lsid:marinespecies.org:taxname:126603","2015-08-29/2017-05-10","Brazil","Fernando de Noronha Ridge","FNR",-3.936455,-32.678409,165000,"WGS84","present","HumanObservation"
"brazilian-islands-eduardo-2022:occurrence:ebb7e2ca399f8757085cf116f382e904","Hygophum macrochir",,"urn:lsid:marinespecies.org:taxname:158895","2015-08-29/2017-05-10","Brazil","Fernando de Noronha Ridge","FNR",-3.936455,-32.678409,165000,"WGS84","present","HumanObservation"
"brazilian-islands-eduardo-2022:occurrence:41ba6270520e0e96c5b8b40e0d52e02e","Hygophum macrochir",,"urn:lsid:marinespecies.org:taxname:158895","2015-08-29/2017-05-10","Brazil","Paraı́ba","PB",-7.02007,-34.414249,80000,"WGS84","present","HumanObservation"
"brazilian-islands-eduardo-2022:occurrence:d545e2fb9fac5c7f61d594ca195ab31f","Hygophum reinhardtii",,"urn:lsid:marinespecies.org:taxname:126604","2015-08-29/2017-05-10","Brazil","Fernando de Noronha Ridge","FNR",-3.936455,-32.678409,165000,"WGS84","present","HumanObservation"
"brazilian-islands-eduardo-2022:occurrence:1660dab7d87b016d99e68e5d939e7e2d","Hygophum taaningi",,"urn:lsid:marinespecies.org:taxname:126605","2015-08-29/2017-05-10","Brazil","Fernando de Noronha Ridge","FNR",-3.936455,-32.678409,165000,"WGS84","present","HumanObservation"
"brazilian-islands-eduardo-2022:occurrence:8282ea373f6898dcec2b5469d6069704","Hygophum taaningi",,"urn:lsid:marinespecies.org:taxname:126605","2015-08-29/2017-05-10","Brazil","Rio Grande do Norte","RN",-5.184906,-34.633975,165000,"WGS84","present","HumanObservation"
"brazilian-islands-eduardo-2022:occurrence:0a30f2913203f73f829557a83bbeccee","Lampadena luminosa",,"urn:lsid:marinespecies.org:taxname:158896","2015-08-29/2017-05-10","Brazil","Fernando de Noronha Ridge","FNR",-3.936455,-32.678409,165000,"WGS84","present","HumanObservation"
"brazilian-islands-eduardo-2022:occurrence:21a462d9303707abd738eda3177ea947","Lampadena luminosa",,"urn:lsid:marinespecies.org:taxname:158896","2015-08-29/2017-05-10","Brazil","Paraı́ba","PB",-7.02007,-34.414249,80000,"WGS84","present","HumanObservation"
"brazilian-islands-eduardo-2022:occurrence:90cb19f74df15159866ed4e774024c92","Lampadena luminosa",,"urn:lsid:marinespecies.org:taxname:158896","2015-08-29/2017-05-10","Brazil","Rio Grande do Norte","RN",-5.184906,-34.633975,165000,"WGS84","present","HumanObservation"
"brazilian-islands-eduardo-2022:occurrence:3e5b0bfdf0c7d2c75587d41660be82e2","Lampanyctus alatus",,"urn:lsid:marinespecies.org:taxname:126610","2015-08-29/2017-05-10","Brazil","Fernando de Noronha Ridge","FNR",-3.936455,-32.678409,165000,"WGS84","present","HumanObservation"
"brazilian-islands-eduardo-2022:occurrence:c6237075fc0f8d3a899604611db9cdf0","Lampanyctus lineatus",,"urn:lsid:marinespecies.org:taxname:126616","2015-08-29/2017-05-10","Brazil","Fernando de Noronha Ridge","FNR",-3.936455,-32.678409,165000,"WGS84","present","HumanObservation"
"brazilian-islands-eduardo-2022:occurrence:367e4cd850cd314763277efaa93eb6d9","Lampanyctus lineatus",,"urn:lsid:marinespecies.org:taxname:126616","2015-08-29/2017-05-10","Brazil","Paraı́ba","PB",-7.02007,-34.414249,80000,"WGS84","present","HumanObservation"
"brazilian-islands-eduardo-2022:occurrence:13c6621ee685d7eebcc6434e07503e84","Lampanyctus festivus",,"urn:lsid:marinespecies.org:taxname:126614","2015-08-29/2017-05-10","Brazil","Fernando de Noronha Ridge","FNR",-3.936455,-32.678409,165000,"WGS84","present","HumanObservation"
"brazilian-islands-eduardo-2022:occurrence:faecabe1cfa80620a135970b26ec3ff4","Lampanyctus nobilis",,"urn:lsid:marinespecies.org:taxname:158897","2015-08-29/2017-05-10","Brazil","Fernando de Noronha Ridge","FNR",-3.936455,-32.678409,165000,"WGS84","present","HumanObservation"
"brazilian-islands-eduardo-2022:occurrence:709f79939ec4327e0c5e246bcd893923","Lampanyctus nobilis",,"urn:lsid:marinespecies.org:taxname:158897","2015-08-29/2017-05-10","Brazil","Paraı́ba","PB",-7.02007,-34.414249,80000,"WGS84","present","HumanObservation"
"brazilian-islands-eduardo-2022:occurrence:3bf054ce310702fc8e0fe99f3eb7f81a","Lampanyctus nobilis",,"urn:lsid:marinespecies.org:taxname:158897","2015-08-29/2017-05-10","Brazil","Pernambuco","PE",-8.391812,-34.480167,100000,"WGS84","present","HumanObservation"
"brazilian-islands-eduardo-2022:occurrence:22509d4475c00cf927b7c6f1566b5ee7","Lampanyctus nobilis",,"urn:lsid:marinespecies.org:taxname:158897","2015-08-29/2017-05-10","Brazil","Rio Grande do Norte","RN",-5.184906,-34.633975,165000,"WGS84","present","HumanObservation"
"brazilian-islands-eduardo-2022:occurrence:d049dcd2348ab4774a4fda6094b5125f","Lampanyctus tenuiformis",,"urn:lsid:marinespecies.org:taxname:158898","2015-08-29/2017-05-10","Brazil","Fernando de Noronha Ridge","FNR",-3.936455,-32.678409,165000,"WGS84","present","HumanObservation"
"brazilian-islands-eduardo-2022:occurrence:d7b9c5b98da5f8377612642954ed2dfa","Lampanyctus tenuiformis",,"urn:lsid:marinespecies.org:taxname:158898","2015-08-29/2017-05-10","Brazil","Pernambuco","PE",-8.391812,-34.480167,100000,"WGS84","present","HumanObservation"
"brazilian-islands-eduardo-2022:occurrence:1c2ea33ff319e7d1473c4b1342fe1ca9","Lampanyctus tenuiformis",,"urn:lsid:marinespecies.org:taxname:158898","2015-08-29/2017-05-10","Brazil","Rio Grande do Norte","RN",-5.184906,-34.633975,165000,"WGS84","present","HumanObservation"
"brazilian-islands-eduardo-2022:occurrence:5b66ce7a200247767d98238dae30f0f3","Lepidophanes guentheri",,"urn:lsid:marinespecies.org:taxname:126621","2015-08-29/2017-05-10","Brazil","Fernando de Noronha Ridge","FNR",-3.936455,-32.678409,165000,"WGS84","present","HumanObservation"
"brazilian-islands-eduardo-2022:occurrence:fd98ea6ebc380a0fc14a6b67797f2d2f","Lepidophanes guentheri",,"urn:lsid:marinespecies.org:taxname:126621","2015-08-29/2017-05-10","Brazil","Paraı́ba","PB",-7.02007,-34.414249,80000,"WGS84","present","HumanObservation"
"brazilian-islands-eduardo-2022:occurrence:96ab3397374e8393437207e55c7dd473","Lepidophanes guentheri",,"urn:lsid:marinespecies.org:taxname:126621","2015-08-29/2017-05-10","Brazil","Pernambuco","PE",-8.391812,-34.480167,100000,"WGS84","present","HumanObservation"
"brazilian-islands-eduardo-2022:occurrence:bdbbf75a164f044ff154c61d2eaad3d6","Lepidophanes guentheri",,"urn:lsid:marinespecies.org:taxname:126621","2015-08-29/2017-05-10","Brazil","Rio Grande do Norte","RN",-5.184906,-34.633975,165000,"WGS84","present","HumanObservation"
"brazilian-islands-eduardo-2022:occurrence:c4a19cecde730d26ab1842f4e21d68f8","Myctophum nitidulum",,"urn:lsid:marinespecies.org:taxname:126626","2015-08-29/2017-05-10","Brazil","Fernando de Noronha Ridge","FNR",-3.936455,-32.678409,165000,"WGS84","present","HumanObservation"
"brazilian-islands-eduardo-2022:occurrence:14f6948f4eaf4fb0b3574ab246c2f4bf","Myctophum nitidulum",,"urn:lsid:marinespecies.org:taxname:126626","2015-08-29/2017-05-10","Brazil","Paraı́ba","PB",-7.02007,-34.414249,80000,"WGS84","present","HumanObservation"
"brazilian-islands-eduardo-2022:occurrence:8f6a0f6d8c072d14e76d03c603aaa17e","Myctophum nitidulum",,"urn:lsid:marinespecies.org:taxname:126626","2015-08-29/2017-05-10","Brazil","Rio Grande do Norte","RN",-5.184906,-34.633975,165000,"WGS84","present","HumanObservation"
"brazilian-islands-eduardo-2022:occurrence:d3c87be75b2454b30d5b9a50ad238e3e","Notoscopelus resplendens",,"urn:lsid:marinespecies.org:taxname:158916","2015-08-29/2017-05-10","Brazil","Fernando de Noronha Ridge","FNR",-3.936455,-32.678409,165000,"WGS84","present","HumanObservation"
"brazilian-islands-eduardo-2022:occurrence:631b8755fd907847a9f3a858c2e2a2a9","Taaningichthys bathyphilus",,"urn:lsid:marinespecies.org:taxname:126631","2015-08-29/2017-05-10","Brazil","Fernando de Noronha Ridge","FNR",-3.936455,-32.678409,165000,"WGS84","present","HumanObservation"
"brazilian-islands-eduardo-2022:occurrence:ba0c3b0302798acf4332570ea03e2d4a","Eumecichthys fiski",,"urn:lsid:marinespecies.org:taxname:217888","2015-08-29/2017-05-10","Brazil","Fernando de Noronha Ridge","FNR",-3.936455,-32.678409,165000,"WGS84","present","HumanObservation"
"brazilian-islands-eduardo-2022:occurrence:941a74f82c198e741c0fad111d05aca4","Desmodema polystictum",,"urn:lsid:marinespecies.org:taxname:158922","2015-08-29/2017-05-10","Brazil","Fernando de Noronha Ridge","FNR",-3.936455,-32.678409,165000,"WGS84","present","HumanObservation"
"brazilian-islands-eduardo-2022:occurrence:9a3acba2129dac394a9362106c6d3756","Trachipterus",,"urn:lsid:marinespecies.org:taxname:125788","2015-08-29/2017-05-10","Brazil","Fernando de Noronha Ridge","FNR",-3.936455,-32.678409,165000,"WGS84","present","HumanObservation"
"brazilian-islands-eduardo-2022:occurrence:d00c25f39275c55929680cc069e491ff","Trachipterus",,"urn:lsid:marinespecies.org:taxname:125788","2015-08-29/2017-05-10","Brazil","Pernambuco","PE",-8.391812,-34.480167,100000,"WGS84","present","HumanObservation"
"brazilian-islands-eduardo-2022:occurrence:35ebb2e6501f6f19c46dc686f9262ba8","Trachipterus",,"urn:lsid:marinespecies.org:taxname:125788","2015-08-29/2017-05-10","Brazil","Rio Grande do Norte","RN",-5.184906,-34.633975,165000,"WGS84","present","HumanObservation"
"brazilian-islands-eduardo-2022:occurrence:18f9c950c91c9eb3fddf08b28e5f185d","Zu cristatus",,"urn:lsid:marinespecies.org:taxname:126529","2015-08-29/2017-05-10","Brazil","Fernando de Noronha Ridge","FNR",-3.936455,-32.678409,165000,"WGS84","present","HumanObservation"
"brazilian-islands-eduardo-2022:occurrence:174375563d5e1f3c36132b220070c0ee","Zu cristatus",,"urn:lsid:marinespecies.org:taxname:126529","2015-08-29/2017-05-10","Brazil","Rio Grande do Norte","RN",-5.184906,-34.633975,165000,"WGS84","present","HumanObservation"
"brazilian-islands-eduardo-2022:occurrence:32f0dc4aef628b29141fceb52d451b18","Stylephorus chordatus",,"urn:lsid:marinespecies.org:taxname:126526","2015-08-29/2017-05-10","Brazil","Fernando de Noronha Ridge","FNR",-3.936455,-32.678409,165000,"WGS84","present","HumanObservation"
"brazilian-islands-eduardo-2022:occurrence:b6aca5715f970015d8a86ed41059e671","Stylephorus chordatus",,"urn:lsid:marinespecies.org:taxname:126526","2015-08-29/2017-05-10","Brazil","Paraı́ba","PB",-7.02007,-34.414249,80000,"WGS84","present","HumanObservation"
"brazilian-islands-eduardo-2022:occurrence:ffabca651ab4aeffc0d64450e6854ebd","Stylephorus chordatus",,"urn:lsid:marinespecies.org:taxname:126526","2015-08-29/2017-05-10","Brazil","Rio Grande do Norte","RN",-5.184906,-34.633975,165000,"WGS84","present","HumanObservation"
"brazilian-islands-eduardo-2022:occurrence:07b3463fa766c00ad2edcaf2b1c45f1c","Melanonus zugmayeri",,"urn:lsid:marinespecies.org:taxname:126483","2015-08-29/2017-05-10","Brazil","Fernando de Noronha Ridge","FNR",-3.936455,-32.678409,165000,"WGS84","present","HumanObservation"
"brazilian-islands-eduardo-2022:occurrence:0a7f2ba59ad579425fd3be49447256c7","Bathygadus",,"urn:lsid:marinespecies.org:taxname:125745","2015-08-29/2017-05-10","Brazil","Fernando de Noronha Ridge","FNR",-3.936455,-32.678409,165000,"WGS84","present","HumanObservation"
"brazilian-islands-eduardo-2022:occurrence:0e1a785b8a6ccf2d9b3b31e36f8b4bf2","Macrouroides inflaticeps",,"urn:lsid:marinespecies.org:taxname:281486","2015-08-29/2017-05-10","Brazil","Fernando de Noronha Ridge","FNR",-3.936455,-32.678409,165000,"WGS84","present","HumanObservation"
"brazilian-islands-eduardo-2022:occurrence:6777f9581bcc44ffe0efa548e96af185","Bregmaceros atlanticus",,"urn:lsid:marinespecies.org:taxname:126431","2015-08-29/2017-05-10","Brazil","Fernando de Noronha Ridge","FNR",-3.936455,-32.678409,165000,"WGS84","present","HumanObservation"
"brazilian-islands-eduardo-2022:occurrence:59d2a4a2408602c64a86edb1b0fb7db8","Bregmaceros atlanticus",,"urn:lsid:marinespecies.org:taxname:126431","2015-08-29/2017-05-10","Brazil","Rio Grande do Norte","RN",-5.184906,-34.633975,165000,"WGS84","present","HumanObservation"
"brazilian-islands-eduardo-2022:occurrence:712040f516e4263b6af99ba96d689759","Anoplogaster cornuta",,"urn:lsid:marinespecies.org:taxname:126393","2015-08-29/2017-05-10","Brazil","Fernando de Noronha Ridge","FNR",-3.936455,-32.678409,165000,"WGS84","present","HumanObservation"
"brazilian-islands-eduardo-2022:occurrence:64df89db4e3cbdf5873207ee35a84869","Anoplogaster cornuta",,"urn:lsid:marinespecies.org:taxname:126393","2015-08-29/2017-05-10","Brazil","Rio Grande do Norte","RN",-5.184906,-34.633975,165000,"WGS84","present","HumanObservation"
"brazilian-islands-eduardo-2022:occurrence:6f5a1fc8a0dd038a9d63f8c481da4597","Diretmoides pauciradiatus",,"urn:lsid:marinespecies.org:taxname:126397","2015-08-29/2017-05-10","Brazil","Fernando de Noronha Ridge","FNR",-3.936455,-32.678409,165000,"WGS84","present","HumanObservation"
"brazilian-islands-eduardo-2022:occurrence:c07831ce57fd92f3c9868a099b6091bd","Diretmus argenteus",,"urn:lsid:marinespecies.org:taxname:126398","2015-08-29/2017-05-10","Brazil","Fernando de Noronha Ridge","FNR",-3.936455,-32.678409,165000,"WGS84","present","HumanObservation"
"brazilian-islands-eduardo-2022:occurrence:0d8ee95f1108cdd6f0fbd23f64870bac","Aulotrachichthys argyrophanus",,"urn:lsid:marinespecies.org:taxname:313816","2015-08-29/2017-05-10","Brazil","Fernando de Noronha Ridge","FNR",-3.936455,-32.678409,165000,"WGS84","present","HumanObservation"
"brazilian-islands-eduardo-2022:occurrence:ad7f13cf687f698a5dc31fab6dca376c","Rondeletia loricata",,"urn:lsid:marinespecies.org:taxname:126412","2015-08-29/2017-05-10","Brazil","Fernando de Noronha Ridge","FNR",-3.936455,-32.678409,165000,"WGS84","present","HumanObservation"
"brazilian-islands-eduardo-2022:occurrence:d6f798df4c67c6670f1f4af9c0f28648","Cetomimus",,"urn:lsid:marinespecies.org:taxname:125707","2015-08-29/2017-05-10","Brazil","Fernando de Noronha Ridge","FNR",-3.936455,-32.678409,165000,"WGS84","present","HumanObservation"
"brazilian-islands-eduardo-2022:occurrence:71551c56ee94e0522f38a65d225045b3","Cetomimus",,"urn:lsid:marinespecies.org:taxname:125707","2015-08-29/2017-05-10","Brazil","Pernambuco","PE",-8.391812,-34.480167,100000,"WGS84","present","HumanObservation"
"brazilian-islands-eduardo-2022:occurrence:53f1bedea84b53ea91c26dff317f3e32","Cetostoma regani",,"urn:lsid:marinespecies.org:taxname:126406","2015-08-29/2017-05-10","Brazil","Fernando de Noronha Ridge","FNR",-3.936455,-32.678409,165000,"WGS84","present","HumanObservation"
"brazilian-islands-eduardo-2022:occurrence:5c0bb2022524d6818f24fd62cbe864ce","Ditropichthys storeri",,"urn:lsid:marinespecies.org:taxname:126407","2015-08-29/2017-05-10","Brazil","Fernando de Noronha Ridge","FNR",-3.936455,-32.678409,165000,"WGS84","present","HumanObservation"
"brazilian-islands-eduardo-2022:occurrence:26211574fc5116585f4518e7abdb22c1","Gyrinomimus bruuni",,"urn:lsid:marinespecies.org:taxname:221399","2015-08-29/2017-05-10","Brazil","Fernando de Noronha Ridge","FNR",-3.936455,-32.678409,165000,"WGS84","present","HumanObservation"
"brazilian-islands-eduardo-2022:occurrence:1ad04edcf7111c5251e3f5577fb3d7fc","Melamphaes eulepis",,"urn:lsid:marinespecies.org:taxname:274926","2015-08-29/2017-05-10","Brazil","Fernando de Noronha Ridge","FNR",-3.936455,-32.678409,165000,"WGS84","present","HumanObservation"
"brazilian-islands-eduardo-2022:occurrence:933e5e4a6c158f1b8c13ba6b7b20db2c","Melamphaes leprus",,"urn:lsid:marinespecies.org:taxname:274931","2015-08-29/2017-05-10","Brazil","Fernando de Noronha Ridge","FNR",-3.936455,-32.678409,165000,"WGS84","present","HumanObservation"
"brazilian-islands-eduardo-2022:occurrence:668d53dc74aa490d6443061c68c09ca3","Melamphaes longivelis",,"urn:lsid:marinespecies.org:taxname:127267","2015-08-29/2017-05-10","Brazil","Fernando de Noronha Ridge","FNR",-3.936455,-32.678409,165000,"WGS84","present","HumanObservation"
"brazilian-islands-eduardo-2022:occurrence:767a17a49915dd10240de4586375d38e","Melamphaes polylepis",,"urn:lsid:marinespecies.org:taxname:159328","2015-08-29/2017-05-10","Brazil","Fernando de Noronha Ridge","FNR",-3.936455,-32.678409,165000,"WGS84","present","HumanObservation"
"brazilian-islands-eduardo-2022:occurrence:f59880d7915fb014c512afa9fee0e656","Melamphaes polylepis",,"urn:lsid:marinespecies.org:taxname:159328","2015-08-29/2017-05-10","Brazil","Pernambuco","PE",-8.391812,-34.480167,100000,"WGS84","present","HumanObservation"
"brazilian-islands-eduardo-2022:occurrence:0cd7c243b1bedc7d69287157aeec8631","Melamphaes typhlops",,"urn:lsid:marinespecies.org:taxname:127271","2015-08-29/2017-05-10","Brazil","Fernando de Noronha Ridge","FNR",-3.936455,-32.678409,165000,"WGS84","present","HumanObservation"
"brazilian-islands-eduardo-2022:occurrence:d9f2a2e118dea4361d0c19c30bcba784","Melamphaes typhlops",,"urn:lsid:marinespecies.org:taxname:127271","2015-08-29/2017-05-10","Brazil","Pernambuco","PE",-8.391812,-34.480167,100000,"WGS84","present","HumanObservation"
"brazilian-islands-eduardo-2022:occurrence:afa347845c77405d98df8dc966f481f8","Melamphaes",,"urn:lsid:marinespecies.org:taxname:126181","2015-08-29/2017-05-10","Brazil","Fernando de Noronha Ridge","FNR",-3.936455,-32.678409,165000,"WGS84","present","HumanObservation"
"brazilian-islands-eduardo-2022:occurrence:1accec0bcf95953c79ead490acae692e","Poromitra megalops",,"urn:lsid:marinespecies.org:taxname:127274","2015-08-29/2017-05-10","Brazil","Fernando de Noronha Ridge","FNR",-3.936455,-32.678409,165000,"WGS84","present","HumanObservation"
"brazilian-islands-eduardo-2022:occurrence:b6714fe595ede700db17b46dc6a90926","Poromitra megalops",,"urn:lsid:marinespecies.org:taxname:127274","2015-08-29/2017-05-10","Brazil","Rio Grande do Norte","RN",-5.184906,-34.633975,165000,"WGS84","present","HumanObservation"
"brazilian-islands-eduardo-2022:occurrence:e7d1a57b79956a6e46b58cdbc2de7c22","Poromitra",,"urn:lsid:marinespecies.org:taxname:126182","2015-08-29/2017-05-10","Brazil","Fernando de Noronha Ridge","FNR",-3.936455,-32.678409,165000,"WGS84","present","HumanObservation"
"brazilian-islands-eduardo-2022:occurrence:bea0e1711fbe946b958efa01dbd48579","Poromitra",,"urn:lsid:marinespecies.org:taxname:126182","2015-08-29/2017-05-10","Brazil","Pernambuco","PE",-8.391812,-34.480167,100000,"WGS84","present","HumanObservation"
"brazilian-islands-eduardo-2022:occurrence:96ce284abc8bf4613598e7f1e8eeb250","Poromitra",,"urn:lsid:marinespecies.org:taxname:126182","2015-08-29/2017-05-10","Brazil","Rio Grande do Norte","RN",-5.184906,-34.633975,165000,"WGS84","present","HumanObservation"
"brazilian-islands-eduardo-2022:occurrence:75f7590d6a50196d0894cca43a56a5b9","Scopeloberyx opercularis",,"urn:lsid:marinespecies.org:taxname:306620","2015-08-29/2017-05-10","Brazil","Fernando de Noronha Ridge","FNR",-3.936455,-32.678409,165000,"WGS84","present","HumanObservation"
"brazilian-islands-eduardo-2022:occurrence:39100471d5004c8f7cb1d69622c6b907","Scopeloberyx opisthopterus",,"urn:lsid:marinespecies.org:taxname:127275","2015-08-29/2017-05-10","Brazil","Fernando de Noronha Ridge","FNR",-3.936455,-32.678409,165000,"WGS84","present","HumanObservation"
"brazilian-islands-eduardo-2022:occurrence:3d862370e9d708b46d8b1eb85690e0f5","Scopelogadus mizolepis",,"urn:lsid:marinespecies.org:taxname:127279","2015-08-29/2017-05-10","Brazil","Fernando de Noronha Ridge","FNR",-3.936455,-32.678409,165000,"WGS84","present","HumanObservation"
"brazilian-islands-eduardo-2022:occurrence:bd44235fc307d454a6575a37fc8d12d4","Bythitidae",,"urn:lsid:marinespecies.org:taxname:125503","2015-08-29/2017-05-10","Brazil","Fernando de Noronha Ridge","FNR",-3.936455,-32.678409,165000,"WGS84","present","HumanObservation"
"brazilian-islands-eduardo-2022:occurrence:57cc0ca09a3167eadc08cdfda98ba0b0","Bythitidae",,"urn:lsid:marinespecies.org:taxname:125503","2015-08-29/2017-05-10","Brazil","Pernambuco","PE",-8.391812,-34.480167,100000,"WGS84","present","HumanObservation"
"brazilian-islands-eduardo-2022:occurrence:8bbfd4c46639516e99b1c2516f43363d","Paroncheilus affinis",,"urn:lsid:marinespecies.org:taxname:320100","2015-08-29/2017-05-10","Brazil","Rio Grande do Norte","RN",-5.184906,-34.633975,165000,"WGS84","present","HumanObservation"
"brazilian-islands-eduardo-2022:occurrence:c3475c2699ab5279cd88d034f1c9a56d","Bathysphyraenops simplex",,"urn:lsid:marinespecies.org:taxname:159845","2015-08-29/2017-05-10","Brazil","Fernando de Noronha Ridge","FNR",-3.936455,-32.678409,165000,"WGS84","present","HumanObservation"
"brazilian-islands-eduardo-2022:occurrence:d25714e9052e75d62dc86c2915241c35","Howella atlantica",,"urn:lsid:marinespecies.org:taxname:1011297","2015-08-29/2017-05-10","Brazil","Fernando de Noronha Ridge","FNR",-3.936455,-32.678409,165000,"WGS84","present","HumanObservation"
"brazilian-islands-eduardo-2022:occurrence:3f26112304db1dfef30058d38060c388","Howella atlantica",,"urn:lsid:marinespecies.org:taxname:1011297","2015-08-29/2017-05-10","Brazil","Pernambuco","PE",-8.391812,-34.480167,100000,"WGS84","present","HumanObservation"
"brazilian-islands-eduardo-2022:occurrence:b14dfc9ae5b5fe69874c2010a791524f","Brama brama",,"urn:lsid:marinespecies.org:taxname:126783","2015-08-29/2017-05-10","Brazil","Fernando de Noronha Ridge","FNR",-3.936455,-32.678409,165000,"WGS84","present","HumanObservation"
"brazilian-islands-eduardo-2022:occurrence:710ccb9bb2cfabb41ab57e06df44e1e7","Brama caribbea",,"urn:lsid:marinespecies.org:taxname:273147","2015-08-29/2017-05-10","Brazil","Fernando de Noronha Ridge","FNR",-3.936455,-32.678409,165000,"WGS84","present","HumanObservation"
"brazilian-islands-eduardo-2022:occurrence:b684aa7a4a84b991a4de76adc9652e3d","Brama caribbea",,"urn:lsid:marinespecies.org:taxname:273147","2015-08-29/2017-05-10","Brazil","Pernambuco","PE",-8.391812,-34.480167,100000,"WGS84","present","HumanObservation"
"brazilian-islands-eduardo-2022:occurrence:c0a439884aa245912745f23c1a799514","Brama caribbea",,"urn:lsid:marinespecies.org:taxname:273147","2015-08-29/2017-05-10","Brazil","Rio Grande do Norte","RN",-5.184906,-34.633975,165000,"WGS84","present","HumanObservation"
"brazilian-islands-eduardo-2022:occurrence:8ca94bbf584cd8ce52253a3242cb6ae8","Taractichthys longipinnis",,"urn:lsid:marinespecies.org:taxname:126788","2015-08-29/2017-05-10","Brazil","Pernambuco","PE",-8.391812,-34.480167,100000,"WGS84","present","HumanObservation"
"brazilian-islands-eduardo-2022:occurrence:f43803d6cf43df462a0218a8737e407d","Paracaristius nudarcus",,"urn:lsid:marinespecies.org:taxname:712726","2015-08-29/2017-05-10","Brazil","Fernando de Noronha Ridge","FNR",-3.936455,-32.678409,165000,"WGS84","present","HumanObservation"
"brazilian-islands-eduardo-2022:occurrence:6aebd81028910fa477b1aa1be0748d64","Platyberyx andriashevi",,"urn:lsid:marinespecies.org:taxname:1007713","2015-08-29/2017-05-10","Brazil","Fernando de Noronha Ridge","FNR",-3.936455,-32.678409,165000,"WGS84","present","HumanObservation"
"brazilian-islands-eduardo-2022:occurrence:7ab305e0b25380052c2454a8b43aaabd","Platyberyx paucus",,"urn:lsid:marinespecies.org:taxname:835101","2015-08-29/2017-05-10","Brazil","Fernando de Noronha Ridge","FNR",-3.936455,-32.678409,165000,"WGS84","present","HumanObservation"
"brazilian-islands-eduardo-2022:occurrence:f609f0ce8071544b115f2d8decb49ad9","Platyberyx paucus",,"urn:lsid:marinespecies.org:taxname:835101","2015-08-29/2017-05-10","Brazil","Rio Grande do Norte","RN",-5.184906,-34.633975,165000,"WGS84","present","HumanObservation"
"brazilian-islands-eduardo-2022:occurrence:65d9450535a2af18e26c46e0f5aae526","Platyberyx pietschi",,"urn:lsid:marinespecies.org:taxname:835102","2015-08-29/2017-05-10","Brazil","Rio Grande do Norte","RN",-5.184906,-34.633975,165000,"WGS84","present","HumanObservation"
"brazilian-islands-eduardo-2022:occurrence:a1024547a02f4bc351292b52987aff88","Scombrolabrax heterolepis",,"urn:lsid:marinespecies.org:taxname:127030","2015-08-29/2017-05-10","Brazil","Fernando de Noronha Ridge","FNR",-3.936455,-32.678409,165000,"WGS84","present","HumanObservation"
"brazilian-islands-eduardo-2022:occurrence:b6f21cf0cfdbb813241061102d1be9cd","Gempylus serpens",,"urn:lsid:marinespecies.org:taxname:126862","2015-08-29/2017-05-10","Brazil","Fernando de Noronha Ridge","FNR",-3.936455,-32.678409,165000,"WGS84","present","HumanObservation"
"brazilian-islands-eduardo-2022:occurrence:b19e4c542066c4b317a27d0a043d384e","Lepidocybium flavobrunneum",,"urn:lsid:marinespecies.org:taxname:126863","2015-08-29/2017-05-10","Brazil","Fernando de Noronha Ridge","FNR",-3.936455,-32.678409,165000,"WGS84","present","HumanObservation"
"brazilian-islands-eduardo-2022:occurrence:ef653a6caddd8c15c2645f5ee3e15609","Nesiarchus nasutus",,"urn:lsid:marinespecies.org:taxname:126865","2015-08-29/2017-05-10","Brazil","Fernando de Noronha Ridge","FNR",-3.936455,-32.678409,165000,"WGS84","present","HumanObservation"
"brazilian-islands-eduardo-2022:occurrence:5c2bf146bf9d95c679ee1f2fd8b17222","Promethichthys prometheus",,"urn:lsid:marinespecies.org:taxname:126866","2015-08-29/2017-05-10","Brazil","Fernando de Noronha Ridge","FNR",-3.936455,-32.678409,165000,"WGS84","present","HumanObservation"
"brazilian-islands-eduardo-2022:occurrence:003589178606ebf10b030b3f7b92fefc","Cubiceps pauciradiatus",,"urn:lsid:marinespecies.org:taxname:159424","2015-08-29/2017-05-10","Brazil","Fernando de Noronha Ridge","FNR",-3.936455,-32.678409,165000,"WGS84","present","HumanObservation"
"brazilian-islands-eduardo-2022:occurrence:7a3e496fe1a3b8e113177fae06741883","Psenes cyanophrys",,"urn:lsid:marinespecies.org:taxname:159427","2015-08-29/2017-05-10","Brazil","Fernando de Noronha Ridge","FNR",-3.936455,-32.678409,165000,"WGS84","present","HumanObservation"
"brazilian-islands-eduardo-2022:occurrence:de54a05367a305f6df64aeb5445637c6","Aphanopus intermedius",,"urn:lsid:marinespecies.org:taxname:159833","2015-08-29/2017-05-10","Brazil","Fernando de Noronha Ridge","FNR",-3.936455,-32.678409,165000,"WGS84","present","HumanObservation"
"brazilian-islands-eduardo-2022:occurrence:59cdc501d0999a750f343f728d2ff27e","Chiasmodon braueri",,"urn:lsid:marinespecies.org:taxname:273378","2015-08-29/2017-05-10","Brazil","Fernando de Noronha Ridge","FNR",-3.936455,-32.678409,165000,"WGS84","present","HumanObservation"
"brazilian-islands-eduardo-2022:occurrence:9d3de081c9daba7b9c96b6b69e46b90a","Chiasmodon niger",,"urn:lsid:marinespecies.org:taxname:126840","2015-08-29/2017-05-10","Brazil","Fernando de Noronha Ridge","FNR",-3.936455,-32.678409,165000,"WGS84","present","HumanObservation"
"brazilian-islands-eduardo-2022:occurrence:ba0e4fe284b6379f10d6fec4a14af6bc","Kali kerberti",,"urn:lsid:marinespecies.org:taxname:302801","2015-08-29/2017-05-10","Brazil","Fernando de Noronha Ridge","FNR",-3.936455,-32.678409,165000,"WGS84","present","HumanObservation"
"brazilian-islands-eduardo-2022:occurrence:b3a73d987d136e89135ece3b2fe8b00d","Pseudoscopelus cordilluminatus",,"urn:lsid:marinespecies.org:taxname:712797","2015-08-29/2017-05-10","Brazil","Fernando de Noronha Ridge","FNR",-3.936455,-32.678409,165000,"WGS84","present","HumanObservation"
"brazilian-islands-eduardo-2022:occurrence:d8cce8f495f856c7c8763df007cd8a95","Pseudoscopelus cordilluminatus",,"urn:lsid:marinespecies.org:taxname:712797","2015-08-29/2017-05-10","Brazil","Pernambuco","PE",-8.391812,-34.480167,100000,"WGS84","present","HumanObservation"
"brazilian-islands-eduardo-2022:occurrence:c3889342578683e8281dde84e4b32a71","Pseudoscopelus scutatus",,"urn:lsid:marinespecies.org:taxname:221509","2015-08-29/2017-05-10","Brazil","Fernando de Noronha Ridge","FNR",-3.936455,-32.678409,165000,"WGS84","present","HumanObservation"
"brazilian-islands-eduardo-2022:occurrence:db3b08a4ed893bf7148b9c87fdadf05c","Ectreposebastes imus",,"urn:lsid:marinespecies.org:taxname:159566","2015-08-29/2017-05-10","Brazil","Fernando de Noronha Ridge","FNR",-3.936455,-32.678409,165000,"WGS84","present","HumanObservation"
"brazilian-islands-eduardo-2022:occurrence:2048f9be182979292ec36dfd14d675a3","Antigonia capros",,"urn:lsid:marinespecies.org:taxname:127418","2015-08-29/2017-05-10","Brazil","Fernando de Noronha Ridge","FNR",-3.936455,-32.678409,165000,"WGS84","present","HumanObservation"
"brazilian-islands-eduardo-2022:occurrence:ae9fd73e43b10ea773eaf8de6c70bb47","Antigonia combatia",,"urn:lsid:marinespecies.org:taxname:159429","2015-08-29/2017-05-10","Brazil","Fernando de Noronha Ridge","FNR",-3.936455,-32.678409,165000,"WGS84","present","HumanObservation"
"brazilian-islands-eduardo-2022:occurrence:3a07299a2c74b046550a34493da18e67","Ceratias uranoscopus",,"urn:lsid:marinespecies.org:taxname:158796","2015-08-29/2017-05-10","Brazil","Fernando de Noronha Ridge","FNR",-3.936455,-32.678409,165000,"WGS84","present","HumanObservation"
"brazilian-islands-eduardo-2022:occurrence:2470f05708c58abbdc33de83ff43a374","Himantolophus",,"urn:lsid:marinespecies.org:taxname:125799","2015-08-29/2017-05-10","Brazil","Fernando de Noronha Ridge","FNR",-3.936455,-32.678409,165000,"WGS84","present","HumanObservation"
"brazilian-islands-eduardo-2022:occurrence:ce7311cfda76d56552bea9b6d7709c09","Himantolophus",,"urn:lsid:marinespecies.org:taxname:125799","2015-08-29/2017-05-10","Brazil","Rio Grande do Norte","RN",-5.184906,-34.633975,165000,"WGS84","present","HumanObservation"
"brazilian-islands-eduardo-2022:occurrence:5c7e4082e0f4ab75dcff7100190b27e2","Melanocetus johnsonii",,"urn:lsid:marinespecies.org:taxname:126556","2015-08-29/2017-05-10","Brazil","Fernando de Noronha Ridge","FNR",-3.936455,-32.678409,165000,"WGS84","present","HumanObservation"
"brazilian-islands-eduardo-2022:occurrence:53b22b5f97326d1e565cf4bcd25dee38","Thaumatichthys",,"urn:lsid:marinespecies.org:taxname:271075","2015-08-29/2017-05-10","Brazil","Fernando de Noronha Ridge","FNR",-3.936455,-32.678409,165000,"WGS84","present","HumanObservation"
"brazilian-islands-eduardo-2022:occurrence:d4c9a02e2baf125458c88f0376483ba4","Chaenophryne draco",,"urn:lsid:marinespecies.org:taxname:126559","2015-08-29/2017-05-10","Brazil","Fernando de Noronha Ridge","FNR",-3.936455,-32.678409,165000,"WGS84","present","HumanObservation"
"brazilian-islands-eduardo-2022:occurrence:f4944564f35a8a74cf976b47680756db","Chaenophryne draco",,"urn:lsid:marinespecies.org:taxname:126559","2015-08-29/2017-05-10","Brazil","Pernambuco","PE",-8.391812,-34.480167,100000,"WGS84","present","HumanObservation"
"brazilian-islands-eduardo-2022:occurrence:762757a7043fa0a1dd7f53e50f32abda","Chaenophryne ramifera",,"urn:lsid:marinespecies.org:taxname:272617","2015-08-29/2017-05-10","Brazil","Fernando de Noronha Ridge","FNR",-3.936455,-32.678409,165000,"WGS84","present","HumanObservation"
"brazilian-islands-eduardo-2022:occurrence:437e1f3e66126e1471ce9f7594d93645","Chaenophryne ramifera",,"urn:lsid:marinespecies.org:taxname:272617","2015-08-29/2017-05-10","Brazil","Pernambuco","PE",-8.391812,-34.480167,100000,"WGS84","present","HumanObservation"
"brazilian-islands-eduardo-2022:occurrence:dc16a5f195009e0eb57eab9399aae346","Dolopichthys",,"urn:lsid:marinespecies.org:taxname:125807","2015-08-29/2017-05-10","Brazil","Fernando de Noronha Ridge","FNR",-3.936455,-32.678409,165000,"WGS84","present","HumanObservation"
"brazilian-islands-eduardo-2022:occurrence:9391af1ceb97b3b40257bcae11a54e4d","Oneirodes anisacanthus",,"urn:lsid:marinespecies.org:taxname:126569","2015-08-29/2017-05-10","Brazil","Fernando de Noronha Ridge","FNR",-3.936455,-32.678409,165000,"WGS84","present","HumanObservation"
"brazilian-islands-eduardo-2022:occurrence:887fc29771d4e514d18c7f8f54d59735","Oneirodes carlsbergi",,"urn:lsid:marinespecies.org:taxname:126570","2015-08-29/2017-05-10","Brazil","Fernando de Noronha Ridge","FNR",-3.936455,-32.678409,165000,"WGS84","present","HumanObservation"
"brazilian-islands-eduardo-2022:occurrence:f3b6915f4e11eeee92c0bb6191cea90e","Oneirodes carlsbergi",,"urn:lsid:marinespecies.org:taxname:126570","2015-08-29/2017-05-10","Brazil","Pernambuco","PE",-8.391812,-34.480167,100000,"WGS84","present","HumanObservation"
"brazilian-islands-eduardo-2022:occurrence:664b47b158ab60ecc60224279cc10438","Caulophryne",,"urn:lsid:marinespecies.org:taxname:125792","2015-08-29/2017-05-10","Brazil","Fernando de Noronha Ridge","FNR",-3.936455,-32.678409,165000,"WGS84","present","HumanObservation"
"brazilian-islands-eduardo-2022:occurrence:8f80dc160beacf23433bcc1f0fb117e2","Gigantactis watermani",,"urn:lsid:marinespecies.org:taxname:272571","2015-08-29/2017-05-10","Brazil","Fernando de Noronha Ridge","FNR",-3.936455,-32.678409,165000,"WGS84","present","HumanObservation"
"brazilian-islands-eduardo-2022:occurrence:8ed574aee8981eb92e0a0cea43dcb9f0","Rhynchactis",,"urn:lsid:marinespecies.org:taxname:270752","2015-08-29/2017-05-10","Brazil","Fernando de Noronha Ridge","FNR",-3.936455,-32.678409,165000,"WGS84","present","HumanObservation"
"brazilian-islands-eduardo-2022:occurrence:81e15318e28cee147897b7215ae8b58a","Rhynchactis",,"urn:lsid:marinespecies.org:taxname:270752","2015-08-29/2017-05-10","Brazil","Rio Grande do Norte","RN",-5.184906,-34.633975,165000,"WGS84","present","HumanObservation"
