<?xml version="1.0" encoding="UTF-8"?>
<archive xmlns="http://rs.tdwg.org/dwc/text/" xmlns:xsi="http://www.w3.org/2001/XMLSchema-instance" xmlns:xs="http://www.w3.org/2001/XMLSchema" xsi:schemaLocation="http://rs.tdwg.org/dwc/text/ http://rs.tdwg.org/dwc/text/tdwg_dwc_text.xsd">
  <core rowType="http://rs.tdwg.org/dwc/terms/Occurrence" ignoreHeaderLines="1">
    <files>
      <location>occurrence.csv</location>
    </files>
    <field index="0" term="http://rs.tdwg.org/dwc/terms/occurrenceID"/>
    <field index="1" term="http://rs.tdwg.org/dwc/terms/scientificName"/>
    <field index="2" term="http://rs.tdwg.org/dwc/terms/scientificNameID"/>
    <field index="3" term="http://rs.tdwg.org/dwc/terms/identificationQualifier"/>
    <field term="http://rs.tdwg.org/dwc/terms/eventDate" default=""/>
    <field term="http://rs.tdwg.org/dwc/terms/country" default="Mexico"/>
    <field term="http://rs.tdwg.org/dwc/terms/locality" default="Archipiélago de Revillagigedo"/>
    <field term="http://rs.tdwg.org/dwc/terms/decimalLatitude" default="18.8360713724027"/>
    <field term="http://rs.tdwg.org/dwc/terms/decimalLongitude" default="-112.774499999999"/>
    <field term="http://rs.tdwg.org/dwc/terms/coordinateUncertaintyInMeters" default="313687.153448477"/>
    <field term="http://rs.tdwg.org/dwc/terms/footprintWKT" default="POLYGON ((-115.471 17.6553, -110.078 17.6553, -110.078 20.0086, -115.471 20.0086, -115.471 17.6553))"/>
    <field term="http://rs.tdwg.org/dwc/terms/geodeticDatum" default="WGS84"/>
    <field term="http://rs.tdwg.org/dwc/terms/occurrenceStatus" default="present"/>
    <field term="http://rs.tdwg.org/dwc/terms/basisOfRecord" default="HumanObservation"/>
  </core>
</archive>
