<?xml version="1.0" encoding="UTF-8"?>
<archive xmlns="http://rs.tdwg.org/dwc/text/" xmlns:xsi="http://www.w3.org/2001/XMLSchema-instance" xmlns:xs="http://www.w3.org/2001/XMLSchema" xsi:schemaLocation="http://rs.tdwg.org/dwc/text/ http://rs.tdwg.org/dwc/text/tdwg_dwc_text.xsd">
  <core rowType="http://rs.tdwg.org/dwc/terms/Occurrence" ignoreHeaderLines="1">
    <files>
      <location>occurrence.csv</location>
    </files>
    <field index="0" term="http://rs.tdwg.org/dwc/terms/occurrenceID"/>
    <field index="1" term="http://rs.tdwg.org/dwc/terms/scientificName"/>
    <field index="2" term="http://rs.tdwg.org/dwc/terms/scientificNameID"/>
    <field term="http://rs.tdwg.org/dwc/terms/eventDate" default=""/>
    <field term="http://rs.tdwg.org/dwc/terms/country" default="Argentina"/>
    <field term="http://rs.tdwg.org/dwc/terms/locality" default="Península Valdés"/>
    <field term="http://rs.tdwg.org/dwc/terms/decimalLatitude" default="-42.4404234004333"/>
    <field term="http://rs.tdwg.org/dwc/terms/decimalLongitude" default="-64.3746127779084"/>
    <field term="http://rs.tdwg.org/dwc/terms/coordinateUncertaintyInMeters" default="89132.8777384864"/>
    <field term="http://rs.tdwg.org/dwc/terms/footprintWKT" default="POLYGON ((-65.064 -42.0229, -65.2967 -42.0229, -65.2914 -42.1152, -65.2337 -42.167, -65.2037 -42.2131, -65.198 -42.2507, -65.1951 -42.3242, -65.0809 -42.6093, -65.1197 -42.7717, -65.0906 -42.7617, -65.0492 -42.7759, -65.03 -42.7692, -65.0367 -42.7572, -65.0363 -42.7315, -65.0321 -42.7234, -65.0098 -42.7063, -64.9958 -42.6975, -64.847 -42.709, -64.369 -42.7465, -64.3263 -42.7507, -64.3217 -42.7795, -64.3092 -42.7961, -64.2605 -42.8444, -64.2165 -42.894, -64.1984 -42.9005, -64.1251 -42.9241, -64.0797 -42.9246, -63.9921 -42.9046, -63.8878 -42.8838, -63.8266 -42.8713, -63.7937 -42.8643, -63.7311 -42.8583, -63.6648 -42.8504, -63.6513 -42.842, -63.5637 -42.7897, -63.5498 -42.7646, -63.5507 -42.7414, -63.5572 -42.7183, -63.5582 -42.6965, -63.5271 -42.6311, -63.5239 -42.5987, -63.5276 -42.5514, -63.535 -42.5259, -63.5424 -42.4183, -63.5512 -42.2774, -63.5679 -42.2505, -63.5767 -42.2194, -63.5855 -42.2111, -63.6221 -42.1578, -63.6513 -42.1295, -63.6754 -42.0841, -63.6968 -42.0497, -63.7181 -42.0409, -63.7496 -42.0307, -63.7909 -42.0261, -63.8451 -42.028, -63.8614 -42.0321, -63.9188 -42.0502, -63.9995 -42.0845, -64.0927 -42.1341, -64.1743 -42.1601, -64.2601 -42.1791, -64.3542 -42.193, -64.4293 -42.1949, -64.4677 -42.1925, -64.547 -42.1902, -64.5911 -42.1833, -64.662 -42.1735, -64.7274 -42.1689, -64.7816 -42.1568, -64.8015 -42.1476, -64.8141 -42.1448, -64.815 -42.1545, -64.8182 -42.1587, -64.8368 -42.1559, -64.8572 -42.1513, -64.8688 -42.148, -64.8715 -42.1411, -64.885 -42.1299, -64.9021 -42.1133, -64.9406 -42.0929, -64.9805 -42.0715, -65.0097 -42.0484, -65.0245 -42.0354, -65.0329 -42.0224, -65.064 -42.0229))"/>
    <field term="http://rs.tdwg.org/dwc/terms/geodeticDatum" default="WGS84"/>
    <field term="http://rs.tdwg.org/dwc/terms/occurrenceStatus" default="present"/>
    <field term="http://rs.tdwg.org/dwc/terms/basisOfRecord" default="HumanObservation"/>
  </core>
</archive>
