<?xml version="1.0" encoding="UTF-8"?>
<archive xmlns="http://rs.tdwg.org/dwc/text/" xmlns:xsi="http://www.w3.org/2001/XMLSchema-instance" xmlns:xs="http://www.w3.org/2001/XMLSchema" xsi:schemaLocation="http://rs.tdwg.org/dwc/text/ http://rs.tdwg.org/dwc/text/tdwg_dwc_text.xsd">
  <core rowType="http://rs.tdwg.org/dwc/terms/Occurrence" ignoreHeaderLines="1">
    <files>
      <location>occurrence.csv</location>
    </files>
    <field index="0" term="http://rs.tdwg.org/dwc/terms/occurrenceID"/>
    <field index="1" term="http://rs.tdwg.org/dwc/terms/scientificName"/>
    <field index="2" term="http://rs.tdwg.org/dwc/terms/scientificNameID"/>
    <field index="3" term="http://rs.tdwg.org/dwc/terms/identificationQualifier"/>
    <field term="http://rs.tdwg.org/dwc/terms/eventDate" default=""/>
    <field term="http://rs.tdwg.org/dwc/terms/country" default="Panama"/>
    <field term="http://rs.tdwg.org/dwc/terms/locality" default="Coiba National Park"/>
    <field term="http://rs.tdwg.org/dwc/terms/decimalLatitude" default="7.50418833202063"/>
    <field term="http://rs.tdwg.org/dwc/terms/decimalLongitude" default="-81.8417925319385"/>
    <field term="http://rs.tdwg.org/dwc/terms/coordinateUncertaintyInMeters" default="49304.9068636427"/>
    <field term="http://rs.tdwg.org/dwc/terms/footprintWKT" default="POLYGON ((-82.2689 7.50333, -82.2689 7.42444, -81.8314 7.18806, -81.7778 7.16778, -81.5853 7.18528, -81.5431 7.17278, -81.5436 7.66667, -81.7769 7.89361, -81.8528 7.89139, -82.2689 7.50333))"/>
    <field term="http://rs.tdwg.org/dwc/terms/geodeticDatum" default="WGS84"/>
    <field term="http://rs.tdwg.org/dwc/terms/occurrenceStatus" default="present"/>
    <field term="http://rs.tdwg.org/dwc/terms/basisOfRecord" default="HumanObservation"/>
  </core>
</archive>
