<?xml version="1.0" encoding="UTF-8"?>
<archive xmlns="http://rs.tdwg.org/dwc/text/" xmlns:xsi="http://www.w3.org/2001/XMLSchema-instance" xmlns:xs="http://www.w3.org/2001/XMLSchema" xsi:schemaLocation="http://rs.tdwg.org/dwc/text/ http://rs.tdwg.org/dwc/text/tdwg_dwc_text.xsd">
  <core rowType="http://rs.tdwg.org/dwc/terms/Occurrence" ignoreHeaderLines="1">
    <files>
      <location>occurrence.csv</location>
    </files>
    <field index="0" term="http://rs.tdwg.org/dwc/terms/occurrenceID"/>
    <field index="1" term="http://rs.tdwg.org/dwc/terms/scientificName"/>
    <field index="2" term="http://rs.tdwg.org/dwc/terms/identificationQualifier"/>
    <field index="2" term="http://rs.tdwg.org/dwc/terms/scientificNameID"/>
    <field term="http://rs.tdwg.org/dwc/terms/eventDate" default="2003"/>
    <field term="http://rs.tdwg.org/dwc/terms/country" default="Australia"/>
    <field term="http://rs.tdwg.org/dwc/terms/locality" default="Lord Howe Island Group"/>
    <field term="http://rs.tdwg.org/dwc/terms/decimalLatitude" default="-31.623583266858"/>
    <field term="http://rs.tdwg.org/dwc/terms/decimalLongitude" default="159.167500000002"/>
    <field term="http://rs.tdwg.org/dwc/terms/coordinateUncertaintyInMeters" default="28017.4607427877"/>
    <field term="http://rs.tdwg.org/dwc/terms/footprintWKT" default="POLYGON ((159.334 -31.8317, 159.334 -31.768, 159.334 -31.4666, 159.334 -31.415, 159.001 -31.415, 159.001 -31.4733, 159.001 -31.5613, 159.001 -31.7912, 159.001 -31.8317, 159.017 -31.8317, 159.334 -31.8317))"/>
    <field term="http://rs.tdwg.org/dwc/terms/geodeticDatum" default="WGS84"/>
    <field term="http://rs.tdwg.org/dwc/terms/occurrenceStatus" default="present"/>
    <field term="http://rs.tdwg.org/dwc/terms/basisOfRecord" default="HumanObservation"/>
  </core>
</archive>
