"occurrenceID","scientificName","scientificNameID","eventDate","country","locality","fieldNumber","decimalLatitude","decimalLongitude","coordinateUncertaintyInMeters","geodeticDatum","occurrenceStatus","basisOfRecord"
"coiba-nunez-2010:occurrence:7bb9013992b2dd0654f3cebd6013fe2f","Oxyzygonectes dovii","urn:lsid:marinespecies.org:taxname:281963","2003-06-01/2003-12-31","Panama","Estero Boca Grande","BG","7.3382317","-81.5963628","50","WGS84","present","HumanObservation"
"coiba-nunez-2010:occurrence:e086c79af36654550b3f242fe430226d","Poeciliopsis elongata","urn:lsid:marinespecies.org:taxname:282304","2003-06-01/2003-12-31","Panama","Estero Boca Grande","BG","7.3382317","-81.5963628","50","WGS84","present","HumanObservation"
"coiba-nunez-2010:occurrence:3aa09a0560aa51ebb53611011c384094","Ctenogobius sagittula","urn:lsid:marinespecies.org:taxname:276489","2003-06-01/2003-12-31","Panama","Estero Boca Grande","BG","7.3382317","-81.5963628","50","WGS84","present","HumanObservation"
"coiba-nunez-2010:occurrence:93a13ef6e3ac0f232bc0132d31cb4a5d","Bathygobius andrei","urn:lsid:marinespecies.org:taxname:277620","2003-06-01/2003-12-31","Panama","Estero Boca Grande","BG","7.3382317","-81.5963628","50","WGS84","present","HumanObservation"
"coiba-nunez-2010:occurrence:ec4f4e3a5b1824c80f9dabb4680fa755","Bathygobius lineatus","urn:lsid:marinespecies.org:taxname:277629","2003-06-01/2003-12-31","Panama","Estero Rio San Juan","RSJ","7.4631989","-81.6998092","50","WGS84","present","HumanObservation"
"coiba-nunez-2010:occurrence:d1f79fcb4e2b28805ec54b77c573eaf7","Bathygobius ramosus","urn:lsid:marinespecies.org:taxname:277636","2003-06-01/2003-12-31","Panama","Estero Rio San Juan","RSJ","7.4631989","-81.6998092","50","WGS84","present","HumanObservation"
"coiba-nunez-2010:occurrence:ac13da1e380288640b8b949f5345768d","Awaous transandeanus","urn:lsid:marinespecies.org:taxname:310701","2003-06-01/2003-12-31","Panama","Estero Boca Grande","BG","7.3382317","-81.5963628","50","WGS84","present","HumanObservation"
"coiba-nunez-2010:occurrence:865756ddc3194283a886c0cab14b19d2","Gobioides peru","urn:lsid:marinespecies.org:taxname:280889","2003-06-01/2003-12-31","Panama","Estero Boca Grande","BG","7.3382317","-81.5963628","50","WGS84","present","HumanObservation"
"coiba-nunez-2010:occurrence:1ea197ef8ed0735eac2708f66e9532bf","Eleotris","urn:lsid:marinespecies.org:taxname:204889","2003-06-01/2003-12-31","Panama","Estero Boca Grande","BG","7.3382317","-81.5963628","50","WGS84","present","HumanObservation"
"coiba-nunez-2010:occurrence:6505a5ee98c798179dad240dc549a8de","Centropomus armatus","urn:lsid:marinespecies.org:taxname:280059","2003-06-01/2003-12-31","Panama","Estero Boca Grande","BG","7.3382317","-81.5963628","50","WGS84","present","HumanObservation"
"coiba-nunez-2010:occurrence:90aeb8a61e14ac8d0362e9db31dc4ddb","Centropomus unionensis","urn:lsid:marinespecies.org:taxname:280069","2003-06-01/2003-12-31","Panama","Estero Boca Grande","BG","7.3382317","-81.5963628","50","WGS84","present","HumanObservation"
"coiba-nunez-2010:occurrence:54d24a4ee83097d4f74136d51f16383b","Centropomus nigrescens","urn:lsid:marinespecies.org:taxname:280063","2003-06-01/2003-12-31","Panama","Estero Boca Grande","BG","7.3382317","-81.5963628","50","WGS84","present","HumanObservation"
"coiba-nunez-2010:occurrence:8e919315072b3aa161a535cf0fbb1bb0","Diapterus peruvianus","urn:lsid:marinespecies.org:taxname:276414","2003-06-01/2003-12-31","Panama","Estero Boca Grande","BG","7.3382317","-81.5963628","50","WGS84","present","HumanObservation"
"coiba-nunez-2010:occurrence:d46606f71c5a2fd43ef1ea6e642d2494","Diapterus aureolus","urn:lsid:marinespecies.org:taxname:276413","2003-06-01/2003-12-31","Panama","Estero Rio San Juan","RSJ","7.4631989","-81.6998092","50","WGS84","present","HumanObservation"
"coiba-nunez-2010:occurrence:d6b64c925016917970655bf17cbf1a74","Eucinostomus argenteus","urn:lsid:marinespecies.org:taxname:159732","2003-06-01/2003-12-31","Panama","Estero Rio San Juan","RSJ","7.4631989","-81.6998092","50","WGS84","present","HumanObservation"
"coiba-nunez-2010:occurrence:4a2d7e19569bbcf52a55fa083bdd01c7","Eucinostomus gracilis","urn:lsid:marinespecies.org:taxname:276419","2003-06-01/2003-12-31","Panama","Estero Rio San Juan","RSJ","7.4631989","-81.6998092","50","WGS84","present","HumanObservation"
"coiba-nunez-2010:occurrence:538cc006c91470b403a7a04eb847627d","Caranx caballus","urn:lsid:marinespecies.org:taxname:273271","2003-06-01/2003-12-31","Panama","Estero Boca Grande","BG","7.3382317","-81.5963628","50","WGS84","present","HumanObservation"
"coiba-nunez-2010:occurrence:c18e6a04082eb210a67c5ecec279ebce","Caranx caninus","urn:lsid:marinespecies.org:taxname:273272","2003-06-01/2003-12-31","Panama","Estero Boca Grande","BG","7.3382317","-81.5963628","50","WGS84","present","HumanObservation"
"coiba-nunez-2010:occurrence:912ccf0d92179273ca87608fd2fecc72","Hemicaranx leucurus","urn:lsid:marinespecies.org:taxname:276353","2003-06-01/2003-12-31","Panama","Estero Rio San Juan","RSJ","7.4631989","-81.6998092","50","WGS84","present","HumanObservation"
"coiba-nunez-2010:occurrence:db0842d8194ae069dd001acc8d9d3335","Naucrates ductor","urn:lsid:marinespecies.org:taxname:126811","2003-06-01/2003-12-31","Panama","Estero Rio San Juan","RSJ","7.4631989","-81.6998092","50","WGS84","present","HumanObservation"
"coiba-nunez-2010:occurrence:8613a8ad6b0867e7e506fcfcafce04a0","Oligoplites altus","urn:lsid:marinespecies.org:taxname:276355","2003-06-01/2003-12-31","Panama","Estero Boca Grande","BG","7.3382317","-81.5963628","50","WGS84","present","HumanObservation"
"coiba-nunez-2010:occurrence:fc27d7b5492f2fd2685f9374dce08c8b","Lutjanus argentiventris","urn:lsid:marinespecies.org:taxname:276524","2003-06-01/2003-12-31","Panama","Estero Boca Grande","BG","7.3382317","-81.5963628","50","WGS84","present","HumanObservation"
"coiba-nunez-2010:occurrence:3aa097e8eb05c371fc5b28378f4919ca","Lutjanus colorado","urn:lsid:marinespecies.org:taxname:276529","2003-06-01/2003-12-31","Panama","Estero Boca Grande","BG","7.3382317","-81.5963628","50","WGS84","present","HumanObservation"
"coiba-nunez-2010:occurrence:d2862c6f52e35af2450c33945cdd0e1f","Lutjanus novemfasciatus","urn:lsid:marinespecies.org:taxname:276544","2003-06-01/2003-12-31","Panama","Estero Boca Grande","BG","7.3382317","-81.5963628","50","WGS84","present","HumanObservation"
"coiba-nunez-2010:occurrence:978a5c4de2331ef98734b54938410f20","Lutjanus jordani","urn:lsid:marinespecies.org:taxname:276541","2003-06-01/2003-12-31","Panama","Estero Boca Grande","BG","7.3382317","-81.5963628","50","WGS84","present","HumanObservation"
"coiba-nunez-2010:occurrence:b3150d8725cf51722e0ed0f33fbf52b3","Mugil curema","urn:lsid:marinespecies.org:taxname:159416","2003-06-01/2003-12-31","Panama","Estero Boca Grande","BG","7.3382317","-81.5963628","50","WGS84","present","HumanObservation"
"coiba-nunez-2010:occurrence:553a46ade2c81c9440059c256b23c1ae","Mugil cephalus","urn:lsid:marinespecies.org:taxname:126983","2003-06-01/2003-12-31","Panama","Estero Boca Grande","BG","7.3382317","-81.5963628","50","WGS84","present","HumanObservation"
"coiba-nunez-2010:occurrence:7bbf85a2cfb9b2e6fb91707d67eb7531","Haemulon sexfasciatum","urn:lsid:marinespecies.org:taxname:275736","2003-06-01/2003-12-31","Panama","Estero Boca Grande","BG","7.3382317","-81.5963628","50","WGS84","present","HumanObservation"
"coiba-nunez-2010:occurrence:3ad17ec1d7a1c3b912c7f29bcd388dcd","Pomadasys panamensis","urn:lsid:marinespecies.org:taxname:273509","2003-06-01/2003-12-31","Panama","Estero Boca Grande","BG","7.3382317","-81.5963628","50","WGS84","present","HumanObservation"
"coiba-nunez-2010:occurrence:71e9fc54c59c16bbd586a6454b53c0da","Pomadasys empherus","urn:lsid:marinespecies.org:taxname:273506","2003-06-01/2003-12-31","Panama","Estero Rio San Juan","RSJ","7.4631989","-81.6998092","50","WGS84","present","HumanObservation"
"coiba-nunez-2010:occurrence:8646cbee9604725d45f27ffbb1bb1752","Bairdiella ensifera","urn:lsid:marinespecies.org:taxname:276070","2003-06-01/2003-12-31","Panama","Estero Boca Grande","BG","7.3382317","-81.5963628","50","WGS84","present","HumanObservation"
"coiba-nunez-2010:occurrence:3fe305bd5185b12e0dc41f6eb4784be9","Bairdiella armata","urn:lsid:marinespecies.org:taxname:276068","2003-06-01/2003-12-31","Panama","Estero Rio San Juan","RSJ","7.4631989","-81.6998092","50","WGS84","present","HumanObservation"
"coiba-nunez-2010:occurrence:26cdb3e2c44644685ca2ceba9413f655","Stellifer oscitans","urn:lsid:marinespecies.org:taxname:276166","2003-06-01/2003-12-31","Panama","Estero Rio San Juan","RSJ","7.4631989","-81.6998092","50","WGS84","present","HumanObservation"
"coiba-nunez-2010:occurrence:89d20e7d34febccaa13cf9feba285b9c","Arius seemanni","urn:lsid:marinespecies.org:taxname:308495","2003-06-01/2003-12-31","Panama","Estero Boca Grande","BG","7.3382317","-81.5963628","50","WGS84","present","HumanObservation"
"coiba-nunez-2010:occurrence:1ae5ca2721620c0246c3c7d717dcdf57","Trinectes fluviatilis","urn:lsid:marinespecies.org:taxname:275998","2003-06-01/2003-12-31","Panama","Estero Rio San Juan","RSJ","7.4631989","-81.6998092","50","WGS84","present","HumanObservation"
"coiba-nunez-2010:occurrence:3fadf26dee565186549ef94ef27174da","Cyclopsetta panamensis","urn:lsid:marinespecies.org:taxname:275702","2003-06-01/2003-12-31","Panama","Estero Boca Grande","BG","7.3382317","-81.5963628","50","WGS84","present","HumanObservation"
"coiba-nunez-2010:occurrence:f0c5929637539b427fa7108161d868ec","Pseudophallus starksii","urn:lsid:marinespecies.org:taxname:1026989","2003-06-01/2003-12-31","Panama","Estero Rio San Juan","RSJ","7.4631989","-81.6998092","50","WGS84","present","HumanObservation"
"coiba-nunez-2010:occurrence:e00f040a5212f4f334faf4edf5a45487","Atherinella argentea","urn:lsid:marinespecies.org:taxname:279794","2003-06-01/2003-12-31","Panama","Estero Boca Grande","BG","7.3382317","-81.5963628","50","WGS84","present","HumanObservation"
"coiba-nunez-2010:occurrence:fa28e1fbcf58d5c2f1d26de504807e62","Lile stolifera","urn:lsid:marinespecies.org:taxname:281353","2003-06-01/2003-12-31","Panama","Estero Boca Grande","BG","7.3382317","-81.5963628","50","WGS84","present","HumanObservation"
"coiba-nunez-2010:occurrence:7f85e7000a5d9ad6b0d6090f73d08dc3","Anchovia macrolepidota","urn:lsid:marinespecies.org:taxname:279608","2003-06-01/2003-12-31","Panama","Estero Boca Grande","BG","7.3382317","-81.5963628","50","WGS84","present","HumanObservation"
"coiba-nunez-2010:occurrence:bf44bd17a38ed1c846c0af16b51e66d1","Anchoa panamensis","urn:lsid:marinespecies.org:taxname:275529","2003-06-01/2003-12-31","Panama","Estero Boca Grande","BG","7.3382317","-81.5963628","50","WGS84","present","HumanObservation"
"coiba-nunez-2010:occurrence:44bb33c714dca61c4f610a38db1c8096","Anchoa eigenmannia","urn:lsid:marinespecies.org:taxname:275516","2003-06-01/2003-12-31","Panama","Estero Rio San Juan","RSJ","7.4631989","-81.6998092","50","WGS84","present","HumanObservation"
"coiba-nunez-2010:occurrence:9e2d027ed72398ca903d0536827122c5","Sphoeroides annulatus","urn:lsid:marinespecies.org:taxname:275272","2003-06-01/2003-12-31","Panama","Estero Boca Grande","BG","7.3382317","-81.5963628","50","WGS84","present","HumanObservation"
"coiba-nunez-2010:occurrence:dd386ef002c016328b50d44f0bc1f81a","Kyphosus analogus","urn:lsid:marinespecies.org:taxname:273519","2003-06-01/2003-12-31","Panama","Estero Boca Grande","BG","7.3382317","-81.5963628","50","WGS84","present","HumanObservation"
