<?xml version="1.0" encoding="UTF-8"?>
<archive xmlns="http://rs.tdwg.org/dwc/text/" xmlns:xsi="http://www.w3.org/2001/XMLSchema-instance" xmlns:xs="http://www.w3.org/2001/XMLSchema" xsi:schemaLocation="http://rs.tdwg.org/dwc/text/ http://rs.tdwg.org/dwc/text/tdwg_dwc_text.xsd">
  <core rowType="http://rs.tdwg.org/dwc/terms/Occurrence" ignoreHeaderLines="1">
    <files>
      <location>occurrence.csv</location>
    </files>
    <field index="0" term="http://rs.tdwg.org/dwc/terms/occurrenceID"/>
    <field index="1" term="http://rs.tdwg.org/dwc/terms/scientificName"/>
    <field index="2" term="http://rs.tdwg.org/dwc/terms/scientificNameID"/>
    <field term="http://rs.tdwg.org/dwc/terms/eventDate" default="2020-04-01/2020-04-30"/>
    <field term="http://rs.tdwg.org/dwc/terms/country" default="Mauritania"/>
    <field index="5" term="http://rs.tdwg.org/dwc/terms/locality"/>
    <field index="6" term="http://rs.tdwg.org/dwc/terms/fieldNumber"/>
    <field index="7" term="http://rs.tdwg.org/dwc/terms/decimalLatitude"/>
    <field index="8" term="http://rs.tdwg.org/dwc/terms/decimalLongitude"/>
    <field index="9" term="http://rs.tdwg.org/dwc/terms/coordinateUncertaintyInMeters"/>
    <field term="http://rs.tdwg.org/dwc/terms/geodeticDatum" default="WGS84"/>
    <field term="http://rs.tdwg.org/dwc/terms/occurrenceStatus" default="present"/>
    <field term="http://rs.tdwg.org/dwc/terms/basisOfRecord" default="HumanObservation"/>
  </core>
</archive>
