"occurrenceID","scientificName","scientificNameID","eventDate","country","locality","fieldNumber","decimalLatitude","decimalLongitude","coordinateUncertaintyInMeters","geodeticDatum","occurrenceStatus","basisOfRecord"
"banc_darguin-compain-2021:occurrence:6ae707b688a84d288205334a8ca945b9","Atherina boyeri","urn:lsid:marinespecies.org:taxname:272027","2020-04-01/2020-04-30","Mauritania","Banc d'Arguin: Mamghar (baie saint jean) vegetation","2","19.419167","-16.373056",50,"WGS84","present","HumanObservation"
"banc_darguin-compain-2021:occurrence:e2b04f1659cd222d8f6c1e0f711fc3ad","Atherina boyeri","urn:lsid:marinespecies.org:taxname:272027","2020-04-01/2020-04-30","Mauritania","Banc d'Arguin: Iwik (center) vegetation","3","19.883333","-16.292778",50,"WGS84","present","HumanObservation"
"banc_darguin-compain-2021:occurrence:7f6a493a909107be7f12444fc72d0a88","Atherina boyeri","urn:lsid:marinespecies.org:taxname:272027","2020-04-01/2020-04-30","Mauritania","Banc d'Arguin: Iwik (center) vegetation extra","4","19.890278","-16.288889",50,"WGS84","present","HumanObservation"
"banc_darguin-compain-2021:occurrence:1cdd71f5ae07572c642f3fea6f1f87fa","Atherina boyeri","urn:lsid:marinespecies.org:taxname:272027","2020-04-01/2020-04-30","Mauritania","Banc d'Arguin: Iwik (center) sand","5","19.905","-16.309722",50,"WGS84","present","HumanObservation"
"banc_darguin-compain-2021:occurrence:eefe67ad0c77231271bffd91dd98bb3f","Blenniidae","urn:lsid:marinespecies.org:taxname:125519","2020-12-01/2020-12-31","Mauritania","Banc d'Arguin: Iwik (center) sand","5","19.905","-16.309722",50,"WGS84","present","HumanObservation"
"banc_darguin-compain-2021:occurrence:fdb293f9c43a716ca1a4a276d55b349a","Blenniidae","urn:lsid:marinespecies.org:taxname:125519","2020-04-01/2020-04-30","Mauritania","Banc d'Arguin: Mamghar (baie saint jean) vegetation","2","19.419167","-16.373056",50,"WGS84","present","HumanObservation"
"banc_darguin-compain-2021:occurrence:9475920a220a4fee53746c50d21ea4c4","Blenniidae","urn:lsid:marinespecies.org:taxname:125519","2020-04-01/2020-04-30","Mauritania","Banc d'Arguin: Muzan vegetation","6","19.900278","-16.503056",50,"WGS84","present","HumanObservation"
"banc_darguin-compain-2021:occurrence:4f33a99db0c38392393796d71db541e7","Citharichthys stampflii","urn:lsid:marinespecies.org:taxname:275695","2020-04-01/2020-04-30","Mauritania","Banc d'Arguin: Mamghar (mangrove) sand","1","19.371111","-16.531111",50,"WGS84","present","HumanObservation"
"banc_darguin-compain-2021:occurrence:b27a44aed49d387489c151b88678ac42","Coptodon guineensis","urn:lsid:marinespecies.org:taxname:1021112","2020-12-01/2020-12-31","Mauritania","Banc d'Arguin: Mamghar (baie saint jean) vegetation","2","19.419167","-16.373056",50,"WGS84","present","HumanObservation"
"banc_darguin-compain-2021:occurrence:3adeefb818a367195cb8e46131b33245","Coptodon guineensis","urn:lsid:marinespecies.org:taxname:1021112","2020-12-01/2020-12-31","Mauritania","Banc d'Arguin: Iwik (center) vegetation","3","19.883333","-16.292778",50,"WGS84","present","HumanObservation"
"banc_darguin-compain-2021:occurrence:577ec9fb30742cc96ca7c33a8e67bd2f","Coptodon guineensis","urn:lsid:marinespecies.org:taxname:1021112","2020-04-01/2020-04-30","Mauritania","Banc d'Arguin: Mamghar (baie saint jean) vegetation","2","19.419167","-16.373056",50,"WGS84","present","HumanObservation"
"banc_darguin-compain-2021:occurrence:28ec60852be99b8cfb9d91d256ed167b","Coptodon guineensis","urn:lsid:marinespecies.org:taxname:1021112","2020-04-01/2020-04-30","Mauritania","Banc d'Arguin: Iwik (center) vegetation extra","4","19.890278","-16.288889",50,"WGS84","present","HumanObservation"
"banc_darguin-compain-2021:occurrence:be5e1df4cba3a62920afbba450600e3d","Coptodon guineensis","urn:lsid:marinespecies.org:taxname:1021112","2020-04-01/2020-04-30","Mauritania","Banc d'Arguin: Agnefour Vegetation","9","19.861667","-16.41",50,"WGS84","present","HumanObservation"
"banc_darguin-compain-2021:occurrence:5546e559b80813032ba2495dd89723ef","Cynoglossus senegalensis","urn:lsid:marinespecies.org:taxname:274226","2020-04-01/2020-04-30","Mauritania","Banc d'Arguin: Muzan vegetation","6","19.900278","-16.503056",50,"WGS84","present","HumanObservation"
"banc_darguin-compain-2021:occurrence:52488b1b440f520344519d34ff09b502","Cynoponticus ferox","urn:lsid:marinespecies.org:taxname:126295","2020-04-01/2020-04-30","Mauritania","Banc d'Arguin: Muzan vegetation","6","19.900278","-16.503056",50,"WGS84","present","HumanObservation"
"banc_darguin-compain-2021:occurrence:4cf32a50da499ea39402dad11deb0c6e","Dasyatis margarita","urn:lsid:marinespecies.org:taxname:271442","2020-12-01/2020-12-31","Mauritania","Banc d'Arguin: Nair Vegetation","8","19.868611","-16.391389",50,"WGS84","present","HumanObservation"
"banc_darguin-compain-2021:occurrence:6ec901d2a397b2f01ce5e992925dab34","Dasyatis margarita","urn:lsid:marinespecies.org:taxname:271442","2020-04-01/2020-04-30","Mauritania","Banc d'Arguin: Iwik (center) vegetation","3","19.883333","-16.292778",50,"WGS84","present","HumanObservation"
"banc_darguin-compain-2021:occurrence:a1291b4bf8ec27fa1ae98c563d4fbfef","Dasyatis margarita","urn:lsid:marinespecies.org:taxname:271442","2020-04-01/2020-04-30","Mauritania","Banc d'Arguin: Muzan vegetation","6","19.900278","-16.503056",50,"WGS84","present","HumanObservation"
"banc_darguin-compain-2021:occurrence:97bcf2b5244f35e06ad6c6c97bf1bd8e","Dasyatis margarita","urn:lsid:marinespecies.org:taxname:271442","2020-04-01/2020-04-30","Mauritania","Banc d'Arguin: Nair Vegetation","8","19.868611","-16.391389",50,"WGS84","present","HumanObservation"
"banc_darguin-compain-2021:occurrence:461364cbc7d2dcfa7daeb4246da6cd87","Dicentrarchus punctatus","urn:lsid:marinespecies.org:taxname:126976","2020-12-01/2020-12-31","Mauritania","Banc d'Arguin: Mamghar (mangrove) sand","1","19.371111","-16.531111",50,"WGS84","present","HumanObservation"
"banc_darguin-compain-2021:occurrence:986ab8938c8fd690b0a4043841c8786a","Dicentrarchus punctatus","urn:lsid:marinespecies.org:taxname:126976","2020-12-01/2020-12-31","Mauritania","Banc d'Arguin: Mamghar (baie saint jean) vegetation","2","19.419167","-16.373056",50,"WGS84","present","HumanObservation"
"banc_darguin-compain-2021:occurrence:06d0090b4e3253faba9b7405550a4d77","Dicentrarchus punctatus","urn:lsid:marinespecies.org:taxname:126976","2020-12-01/2020-12-31","Mauritania","Banc d'Arguin: Kiji Vegetation","7","19.721944","-16.501389",50,"WGS84","present","HumanObservation"
"banc_darguin-compain-2021:occurrence:4460afec2996173ce5c577c2d81fef33","Dicentrarchus punctatus","urn:lsid:marinespecies.org:taxname:126976","2020-04-01/2020-04-30","Mauritania","Banc d'Arguin: Mamghar (mangrove) sand","1","19.371111","-16.531111",50,"WGS84","present","HumanObservation"
"banc_darguin-compain-2021:occurrence:90a57fec457be8d085bf34cdd94d29a0","Dicentrarchus punctatus","urn:lsid:marinespecies.org:taxname:126976","2020-04-01/2020-04-30","Mauritania","Banc d'Arguin: Mamghar (baie saint jean) vegetation","2","19.419167","-16.373056",50,"WGS84","present","HumanObservation"
"banc_darguin-compain-2021:occurrence:8296b515e180990bd8ef77685c949ff3","Dicentrarchus punctatus","urn:lsid:marinespecies.org:taxname:126976","2020-04-01/2020-04-30","Mauritania","Banc d'Arguin: Iwik (center) vegetation","3","19.883333","-16.292778",50,"WGS84","present","HumanObservation"
"banc_darguin-compain-2021:occurrence:72fee3c1cba411ead98f94409b9d3353","Dicentrarchus punctatus","urn:lsid:marinespecies.org:taxname:126976","2020-04-01/2020-04-30","Mauritania","Banc d'Arguin: Muzan vegetation","6","19.900278","-16.503056",50,"WGS84","present","HumanObservation"
"banc_darguin-compain-2021:occurrence:74d7e6287ec6f77ae5acf0e10a7b4334","Dicentrarchus punctatus","urn:lsid:marinespecies.org:taxname:126976","2020-04-01/2020-04-30","Mauritania","Banc d'Arguin: Nair Vegetation","8","19.868611","-16.391389",50,"WGS84","present","HumanObservation"
"banc_darguin-compain-2021:occurrence:c67804a4dcf8743a5cd51e515e3773f2","Diplodus bellottii","urn:lsid:marinespecies.org:taxname:127050","2020-04-01/2020-04-30","Mauritania","Banc d'Arguin: Mamghar (baie saint jean) vegetation","2","19.419167","-16.373056",50,"WGS84","present","HumanObservation"
"banc_darguin-compain-2021:occurrence:2ded0e6da2d965845c972f67cdeb95f3","Diplodus sargus","urn:lsid:marinespecies.org:taxname:127053","2020-04-01/2020-04-30","Mauritania","Banc d'Arguin: Mamghar (baie saint jean) vegetation","2","19.419167","-16.373056",50,"WGS84","present","HumanObservation"
"banc_darguin-compain-2021:occurrence:b85f1518488879564e99a1c94eb6c21a","Diplodus sargus","urn:lsid:marinespecies.org:taxname:127053","2020-04-01/2020-04-30","Mauritania","Banc d'Arguin: Iwik (center) vegetation","3","19.883333","-16.292778",50,"WGS84","present","HumanObservation"
"banc_darguin-compain-2021:occurrence:d6282d5c8dff2a1521d328c206f05e6a","Diplodus sargus","urn:lsid:marinespecies.org:taxname:127053","2020-04-01/2020-04-30","Mauritania","Banc d'Arguin: Iwik (center) vegetation extra","4","19.890278","-16.288889",50,"WGS84","present","HumanObservation"
"banc_darguin-compain-2021:occurrence:4693d27963cc3cf6b362ae7309256c57","Diplodus sargus","urn:lsid:marinespecies.org:taxname:127053","2020-04-01/2020-04-30","Mauritania","Banc d'Arguin: Muzan vegetation","6","19.900278","-16.503056",50,"WGS84","present","HumanObservation"
"banc_darguin-compain-2021:occurrence:a2b81a2cbb0367829be337dffbafb336","Diplodus sargus","urn:lsid:marinespecies.org:taxname:127053","2020-04-01/2020-04-30","Mauritania","Banc d'Arguin: Nair Vegetation","8","19.868611","-16.391389",50,"WGS84","present","HumanObservation"
"banc_darguin-compain-2021:occurrence:319baeead5ecb24fdf0dbce9ae8e620a","Diplodus sargus","urn:lsid:marinespecies.org:taxname:127053","2020-04-01/2020-04-30","Mauritania","Banc d'Arguin: Agnefour Vegetation","9","19.861667","-16.41",50,"WGS84","present","HumanObservation"
"banc_darguin-compain-2021:occurrence:6ce1838b72db34660ad23aedc518d97e","Epinephelus aeneus","urn:lsid:marinespecies.org:taxname:127032","2020-04-01/2020-04-30","Mauritania","Banc d'Arguin: Mamghar (baie saint jean) vegetation","2","19.419167","-16.373056",50,"WGS84","present","HumanObservation"
"banc_darguin-compain-2021:occurrence:08a0e2a88dff8422bf25083f21a258ef","Epinephelus aeneus","urn:lsid:marinespecies.org:taxname:127032","2020-04-01/2020-04-30","Mauritania","Banc d'Arguin: Iwik (center) vegetation","3","19.883333","-16.292778",50,"WGS84","present","HumanObservation"
"banc_darguin-compain-2021:occurrence:45a996f06f7593425c91d9924f2e2930","Epinephelus aeneus","urn:lsid:marinespecies.org:taxname:127032","2020-04-01/2020-04-30","Mauritania","Banc d'Arguin: Iwik (center) vegetation extra","4","19.890278","-16.288889",50,"WGS84","present","HumanObservation"
"banc_darguin-compain-2021:occurrence:aad529cc6069c9b341c72a59760ea1a3","Epinephelus marginatus","urn:lsid:marinespecies.org:taxname:127036","2020-04-01/2020-04-30","Mauritania","Banc d'Arguin: Mamghar (baie saint jean) vegetation","2","19.419167","-16.373056",50,"WGS84","present","HumanObservation"
"banc_darguin-compain-2021:occurrence:5db5cb06d998c5d2f907f7390ccc7052","Ephippion guttifer","urn:lsid:marinespecies.org:taxname:127413","2020-12-01/2020-12-31","Mauritania","Banc d'Arguin: Iwik (center) vegetation","3","19.883333","-16.292778",50,"WGS84","present","HumanObservation"
"banc_darguin-compain-2021:occurrence:e7bfa363c0e91510dc44eab454903bc1","Ephippion guttifer","urn:lsid:marinespecies.org:taxname:127413","2020-12-01/2020-12-31","Mauritania","Banc d'Arguin: Kiji Vegetation","7","19.721944","-16.501389",50,"WGS84","present","HumanObservation"
"banc_darguin-compain-2021:occurrence:5cc6964c6eeb7c8bda299964b551a45d","Ephippion guttifer","urn:lsid:marinespecies.org:taxname:127413","2020-04-01/2020-04-30","Mauritania","Banc d'Arguin: Mamghar (baie saint jean) vegetation","2","19.419167","-16.373056",50,"WGS84","present","HumanObservation"
"banc_darguin-compain-2021:occurrence:12ec9756ff3096c94cee123a9dde24e6","Ephippion guttifer","urn:lsid:marinespecies.org:taxname:127413","2020-04-01/2020-04-30","Mauritania","Banc d'Arguin: Iwik (center) vegetation","3","19.883333","-16.292778",50,"WGS84","present","HumanObservation"
"banc_darguin-compain-2021:occurrence:66f902aeff11580d0e885b6abce0a1fc","Ephippion guttifer","urn:lsid:marinespecies.org:taxname:127413","2020-04-01/2020-04-30","Mauritania","Banc d'Arguin: Iwik (center) vegetation extra","4","19.890278","-16.288889",50,"WGS84","present","HumanObservation"
"banc_darguin-compain-2021:occurrence:65c5f6b4ed34bf4f31b249fa5c50b007","Ephippion guttifer","urn:lsid:marinespecies.org:taxname:127413","2020-04-01/2020-04-30","Mauritania","Banc d'Arguin: Muzan vegetation","6","19.900278","-16.503056",50,"WGS84","present","HumanObservation"
"banc_darguin-compain-2021:occurrence:ad6e9b4c40fbcfe2824a1de5b305e091","Ephippion guttifer","urn:lsid:marinespecies.org:taxname:127413","2020-04-01/2020-04-30","Mauritania","Banc d'Arguin: Agnefour Vegetation","9","19.861667","-16.41",50,"WGS84","present","HumanObservation"
"banc_darguin-compain-2021:occurrence:8910eceb2646dfb3ae757d05f2dc00a0","Ethmalosa fimbriata","urn:lsid:marinespecies.org:taxname:280725","2020-04-01/2020-04-30","Mauritania","Banc d'Arguin: Iwik (center) vegetation extra","4","19.890278","-16.288889",50,"WGS84","present","HumanObservation"
"banc_darguin-compain-2021:occurrence:bce9ee683cd36cc3f5e2d18c5eaf5f5d","Eucinostomus melanopterus","urn:lsid:marinespecies.org:taxname:276423","2020-12-01/2020-12-31","Mauritania","Banc d'Arguin: Mamghar (mangrove) sand","1","19.371111","-16.531111",50,"WGS84","present","HumanObservation"
"banc_darguin-compain-2021:occurrence:7389623c82b67ff7371f69ce71ad897c","Eucinostomus melanopterus","urn:lsid:marinespecies.org:taxname:276423","2020-12-01/2020-12-31","Mauritania","Banc d'Arguin: Mamghar (baie saint jean) vegetation","2","19.419167","-16.373056",50,"WGS84","present","HumanObservation"
"banc_darguin-compain-2021:occurrence:985670034a1bef22ded3d49632b67996","Eucinostomus melanopterus","urn:lsid:marinespecies.org:taxname:276423","2020-12-01/2020-12-31","Mauritania","Banc d'Arguin: Iwik (center) vegetation","3","19.883333","-16.292778",50,"WGS84","present","HumanObservation"
"banc_darguin-compain-2021:occurrence:8056c06cba7b1a18a6b22bb9b2918170","Eucinostomus melanopterus","urn:lsid:marinespecies.org:taxname:276423","2020-12-01/2020-12-31","Mauritania","Banc d'Arguin: Kiji Vegetation","7","19.721944","-16.501389",50,"WGS84","present","HumanObservation"
"banc_darguin-compain-2021:occurrence:ccabf06e90082773458c2f519c1f05a5","Eucinostomus melanopterus","urn:lsid:marinespecies.org:taxname:276423","2020-12-01/2020-12-31","Mauritania","Banc d'Arguin: Nair Vegetation","8","19.868611","-16.391389",50,"WGS84","present","HumanObservation"
"banc_darguin-compain-2021:occurrence:c9fdba7570352f0b6aeb28c5130b5900","Eucinostomus melanopterus","urn:lsid:marinespecies.org:taxname:276423","2020-04-01/2020-04-30","Mauritania","Banc d'Arguin: Iwik (center) vegetation","3","19.883333","-16.292778",50,"WGS84","present","HumanObservation"
"banc_darguin-compain-2021:occurrence:ffcb0733529b63c8dfc32535c5ec7f8c","Fistularia tabacaria","urn:lsid:marinespecies.org:taxname:159440","2020-12-01/2020-12-31","Mauritania","Banc d'Arguin: Mamghar (mangrove) sand","1","19.371111","-16.531111",50,"WGS84","present","HumanObservation"
"banc_darguin-compain-2021:occurrence:0e4c1aa6c69be5c70847958bf132ebe0","Fistularia tabacaria","urn:lsid:marinespecies.org:taxname:159440","2020-12-01/2020-12-31","Mauritania","Banc d'Arguin: Mamghar (baie saint jean) vegetation","2","19.419167","-16.373056",50,"WGS84","present","HumanObservation"
"banc_darguin-compain-2021:occurrence:964c195da5a7b2933973c19df3116081","Fistularia tabacaria","urn:lsid:marinespecies.org:taxname:159440","2020-04-01/2020-04-30","Mauritania","Banc d'Arguin: Mamghar (baie saint jean) vegetation","2","19.419167","-16.373056",50,"WGS84","present","HumanObservation"
"banc_darguin-compain-2021:occurrence:9be4ebf7c28b395cc1a2af574409877a","Glaucostegus cemiculus","urn:lsid:marinespecies.org:taxname:1016062","2020-12-01/2020-12-31","Mauritania","Banc d'Arguin: Nair Vegetation","8","19.868611","-16.391389",50,"WGS84","present","HumanObservation"
"banc_darguin-compain-2021:occurrence:e8eb58d4ded4748e516e734fd86aa0c0","Gobiidae","urn:lsid:marinespecies.org:taxname:125537","2020-12-01/2020-12-31","Mauritania","Banc d'Arguin: Mamghar (baie saint jean) vegetation","2","19.419167","-16.373056",50,"WGS84","present","HumanObservation"
"banc_darguin-compain-2021:occurrence:a256068c5f2d86b4c80d35e5809347e4","Gobiidae","urn:lsid:marinespecies.org:taxname:125537","2020-12-01/2020-12-31","Mauritania","Banc d'Arguin: Iwik (center) vegetation","3","19.883333","-16.292778",50,"WGS84","present","HumanObservation"
"banc_darguin-compain-2021:occurrence:34e294aa332a79a8c3c71ac747d2647a","Gobiidae","urn:lsid:marinespecies.org:taxname:125537","2020-04-01/2020-04-30","Mauritania","Banc d'Arguin: Mamghar (baie saint jean) vegetation","2","19.419167","-16.373056",50,"WGS84","present","HumanObservation"
"banc_darguin-compain-2021:occurrence:b3fed4ed07e340be1f9772b9341d400f","Gobiidae","urn:lsid:marinespecies.org:taxname:125537","2020-04-01/2020-04-30","Mauritania","Banc d'Arguin: Iwik (center) vegetation","3","19.883333","-16.292778",50,"WGS84","present","HumanObservation"
"banc_darguin-compain-2021:occurrence:2ae6d422ec3584cebfe43ec8855ca65f","Gobiidae","urn:lsid:marinespecies.org:taxname:125537","2020-04-01/2020-04-30","Mauritania","Banc d'Arguin: Iwik (center) vegetation extra","4","19.890278","-16.288889",50,"WGS84","present","HumanObservation"
"banc_darguin-compain-2021:occurrence:e341040d37451d678013eebf69a55287","Gobiidae","urn:lsid:marinespecies.org:taxname:125537","2020-04-01/2020-04-30","Mauritania","Banc d'Arguin: Muzan vegetation","6","19.900278","-16.503056",50,"WGS84","present","HumanObservation"
"banc_darguin-compain-2021:occurrence:8b187b4069aaa5466aee0233c12527f9","Halobatrachus didactylus","urn:lsid:marinespecies.org:taxname:126374","2020-12-01/2020-12-31","Mauritania","Banc d'Arguin: Mamghar (baie saint jean) vegetation","2","19.419167","-16.373056",50,"WGS84","present","HumanObservation"
"banc_darguin-compain-2021:occurrence:919398ceca3d5c2433ca19165ae581df","Halobatrachus didactylus","urn:lsid:marinespecies.org:taxname:126374","2020-12-01/2020-12-31","Mauritania","Banc d'Arguin: Iwik (center) vegetation","3","19.883333","-16.292778",50,"WGS84","present","HumanObservation"
"banc_darguin-compain-2021:occurrence:1686d30a086dbb8b9cc063f6754b282c","Halobatrachus didactylus","urn:lsid:marinespecies.org:taxname:126374","2020-12-01/2020-12-31","Mauritania","Banc d'Arguin: Kiji Vegetation","7","19.721944","-16.501389",50,"WGS84","present","HumanObservation"
"banc_darguin-compain-2021:occurrence:a71481d75afc8bee2ae87e3e58a8d396","Halobatrachus didactylus","urn:lsid:marinespecies.org:taxname:126374","2020-04-01/2020-04-30","Mauritania","Banc d'Arguin: Mamghar (baie saint jean) vegetation","2","19.419167","-16.373056",50,"WGS84","present","HumanObservation"
"banc_darguin-compain-2021:occurrence:d20599e5f2934a9b2433fa85786cb290","Halobatrachus didactylus","urn:lsid:marinespecies.org:taxname:126374","2020-04-01/2020-04-30","Mauritania","Banc d'Arguin: Agnefour Vegetation","9","19.861667","-16.41",50,"WGS84","present","HumanObservation"
"banc_darguin-compain-2021:occurrence:d626a8d05696ae04084ee23f3508f0a5","Hippocampus","urn:lsid:marinespecies.org:taxname:126224","2020-04-01/2020-04-30","Mauritania","Banc d'Arguin: Mamghar (baie saint jean) vegetation","2","19.419167","-16.373056",50,"WGS84","present","HumanObservation"
"banc_darguin-compain-2021:occurrence:85921c84d2acef3aa60f97d46e77ae13","Hippolyte inermis","urn:lsid:marinespecies.org:taxname:107511","2020-12-01/2020-12-31","Mauritania","Banc d'Arguin: Kiji Vegetation","7","19.721944","-16.501389",50,"WGS84","present","HumanObservation"
"banc_darguin-compain-2021:occurrence:0b8256f7cf01c8f55b3263e669569616","Liza dumerilii","urn:lsid:marinespecies.org:taxname:402222","2020-12-01/2020-12-31","Mauritania","Banc d'Arguin: Mamghar (mangrove) sand","1","19.371111","-16.531111",50,"WGS84","present","HumanObservation"
"banc_darguin-compain-2021:occurrence:0ae813dbe6145439ec208cf86194e3a7","Liza dumerilii","urn:lsid:marinespecies.org:taxname:402222","2020-12-01/2020-12-31","Mauritania","Banc d'Arguin: Mamghar (baie saint jean) vegetation","2","19.419167","-16.373056",50,"WGS84","present","HumanObservation"
"banc_darguin-compain-2021:occurrence:318b2cd7769db5530a10a729a6035358","Liza dumerilii","urn:lsid:marinespecies.org:taxname:402222","2020-12-01/2020-12-31","Mauritania","Banc d'Arguin: Iwik (center) vegetation","3","19.883333","-16.292778",50,"WGS84","present","HumanObservation"
"banc_darguin-compain-2021:occurrence:98bdb5cd2a0d17dd56275b24f2299c9c","Liza dumerilii","urn:lsid:marinespecies.org:taxname:402222","2020-12-01/2020-12-31","Mauritania","Banc d'Arguin: Iwik (center) sand","5","19.905","-16.309722",50,"WGS84","present","HumanObservation"
"banc_darguin-compain-2021:occurrence:d91717e5000fb374b33a3089ba8c7199","Liza dumerilii","urn:lsid:marinespecies.org:taxname:402222","2020-12-01/2020-12-31","Mauritania","Banc d'Arguin: Nair Vegetation","8","19.868611","-16.391389",50,"WGS84","present","HumanObservation"
"banc_darguin-compain-2021:occurrence:4c762ceeb0c4f28de4c3757a82e90507","Liza dumerilii","urn:lsid:marinespecies.org:taxname:402222","2020-04-01/2020-04-30","Mauritania","Banc d'Arguin: Mamghar (mangrove) sand","1","19.371111","-16.531111",50,"WGS84","present","HumanObservation"
"banc_darguin-compain-2021:occurrence:1f38b2039892eb6d6528d7abb24f0a95","Liza dumerilii","urn:lsid:marinespecies.org:taxname:402222","2020-04-01/2020-04-30","Mauritania","Banc d'Arguin: Mamghar (baie saint jean) vegetation","2","19.419167","-16.373056",50,"WGS84","present","HumanObservation"
"banc_darguin-compain-2021:occurrence:254f9cbcb11292ed1b6498d2a270ab74","Liza dumerilii","urn:lsid:marinespecies.org:taxname:402222","2020-04-01/2020-04-30","Mauritania","Banc d'Arguin: Nair Vegetation","8","19.868611","-16.391389",50,"WGS84","present","HumanObservation"
"banc_darguin-compain-2021:occurrence:371ef916ee54d40e4d99a80cafd7bd56","Liza aurata","urn:lsid:marinespecies.org:taxname:126978","2020-12-01/2020-12-31","Mauritania","Banc d'Arguin: Mamghar (baie saint jean) vegetation","2","19.419167","-16.373056",50,"WGS84","present","HumanObservation"
"banc_darguin-compain-2021:occurrence:ad78e1c2d0b63c0cad571dac6266a87c","Liza aurata","urn:lsid:marinespecies.org:taxname:126978","2020-04-01/2020-04-30","Mauritania","Banc d'Arguin: Kiji Vegetation","7","19.721944","-16.501389",50,"WGS84","present","HumanObservation"
"banc_darguin-compain-2021:occurrence:bc3d2ec10bf0b204b22014784c78625e","Liza aurata","urn:lsid:marinespecies.org:taxname:126978","2020-04-01/2020-04-30","Mauritania","Banc d'Arguin: Nair Vegetation","8","19.868611","-16.391389",50,"WGS84","present","HumanObservation"
"banc_darguin-compain-2021:occurrence:cbf89e7430dc87af36dbb7d037cc6183","Liza ramada","urn:lsid:marinespecies.org:taxname:126980","2020-12-01/2020-12-31","Mauritania","Banc d'Arguin: Mamghar (mangrove) sand","1","19.371111","-16.531111",50,"WGS84","present","HumanObservation"
"banc_darguin-compain-2021:occurrence:4b3b9d9c458c1f2d8965ecbaf2974b18","Lutjanus goreensis","urn:lsid:marinespecies.org:taxname:276538","2020-12-01/2020-12-31","Mauritania","Banc d'Arguin: Mamghar (baie saint jean) vegetation","2","19.419167","-16.373056",50,"WGS84","present","HumanObservation"
"banc_darguin-compain-2021:occurrence:d207087a7462fcbf12f588d10490c761","Lutjanus goreensis","urn:lsid:marinespecies.org:taxname:276538","2020-04-01/2020-04-30","Mauritania","Banc d'Arguin: Mamghar (baie saint jean) vegetation","2","19.419167","-16.373056",50,"WGS84","present","HumanObservation"
"banc_darguin-compain-2021:occurrence:d459749c0a8f3e0f4009a97e01035507","Lithognathus mormyrus","urn:lsid:marinespecies.org:taxname:127055","2020-12-01/2020-12-31","Mauritania","Banc d'Arguin: Kiji Vegetation","7","19.721944","-16.501389",50,"WGS84","present","HumanObservation"
"banc_darguin-compain-2021:occurrence:2dcdf4d01f5bf41ef610269914443c2b","Mugil capurii","urn:lsid:marinespecies.org:taxname:402237","2020-12-01/2020-12-31","Mauritania","Banc d'Arguin: Mamghar (mangrove) sand","1","19.371111","-16.531111",50,"WGS84","present","HumanObservation"
"banc_darguin-compain-2021:occurrence:06db0978b3a7ea4f9a2b0c053112b512","Mugil capurii","urn:lsid:marinespecies.org:taxname:402237","2020-12-01/2020-12-31","Mauritania","Banc d'Arguin: Mamghar (baie saint jean) vegetation","2","19.419167","-16.373056",50,"WGS84","present","HumanObservation"
"banc_darguin-compain-2021:occurrence:03f14c0f5edea04dcbc48a20c6d6d12b","Mugil capurii","urn:lsid:marinespecies.org:taxname:402237","2020-12-01/2020-12-31","Mauritania","Banc d'Arguin: Iwik (center) vegetation","3","19.883333","-16.292778",50,"WGS84","present","HumanObservation"
"banc_darguin-compain-2021:occurrence:20bb3f06db235994394b1627afbda035","Mugil capurii","urn:lsid:marinespecies.org:taxname:402237","2020-12-01/2020-12-31","Mauritania","Banc d'Arguin: Kiji Vegetation","7","19.721944","-16.501389",50,"WGS84","present","HumanObservation"
"banc_darguin-compain-2021:occurrence:176e0da5a8af92d5b51da6a887c0ab18","Mugil capurii","urn:lsid:marinespecies.org:taxname:402237","2020-04-01/2020-04-30","Mauritania","Banc d'Arguin: Mamghar (baie saint jean) vegetation","2","19.419167","-16.373056",50,"WGS84","present","HumanObservation"
"banc_darguin-compain-2021:occurrence:abebb4590f939e9ee760867e7506b384","Mugil capurii","urn:lsid:marinespecies.org:taxname:402237","2020-04-01/2020-04-30","Mauritania","Banc d'Arguin: Iwik (center) vegetation","3","19.883333","-16.292778",50,"WGS84","present","HumanObservation"
"banc_darguin-compain-2021:occurrence:3e531a74b8e01af25911719bb4da5178","Mugil capurii","urn:lsid:marinespecies.org:taxname:402237","2020-04-01/2020-04-30","Mauritania","Banc d'Arguin: Iwik (center) vegetation extra","4","19.890278","-16.288889",50,"WGS84","present","HumanObservation"
"banc_darguin-compain-2021:occurrence:a6239029afe633262a869f8f368dfc4e","Mugil capurii","urn:lsid:marinespecies.org:taxname:402237","2020-04-01/2020-04-30","Mauritania","Banc d'Arguin: Kiji Vegetation","7","19.721944","-16.501389",50,"WGS84","present","HumanObservation"
"banc_darguin-compain-2021:occurrence:338fbb1dd4b805dd02f95d0467b58a3e","Mugil capurii","urn:lsid:marinespecies.org:taxname:402237","2020-04-01/2020-04-30","Mauritania","Banc d'Arguin: Nair Vegetation","8","19.868611","-16.391389",50,"WGS84","present","HumanObservation"
"banc_darguin-compain-2021:occurrence:585d1fad34cceebefc3b8b6b2ba02a88","Mugil capurii","urn:lsid:marinespecies.org:taxname:402237","2020-04-01/2020-04-30","Mauritania","Banc d'Arguin: Agnefour Vegetation","9","19.861667","-16.41",50,"WGS84","present","HumanObservation"
"banc_darguin-compain-2021:occurrence:396b832bf193eb0774ce3ba619dbbd26","Nicholsina usta","urn:lsid:marinespecies.org:taxname:159298","2020-04-01/2020-04-30","Mauritania","Banc d'Arguin: Iwik (center) vegetation","3","19.883333","-16.292778",50,"WGS84","present","HumanObservation"
"banc_darguin-compain-2021:occurrence:9faff8d75abd0c21306bfbe0144809f4","Pagellus bellottii","urn:lsid:marinespecies.org:taxname:127058","2020-04-01/2020-04-30","Mauritania","Banc d'Arguin: Iwik (center) vegetation extra","4","19.890278","-16.288889",50,"WGS84","present","HumanObservation"
"banc_darguin-compain-2021:occurrence:2163695dd77760f96db1e4d9abdd03b0","Palaemon elegans","urn:lsid:marinespecies.org:taxname:107614","2020-04-01/2020-04-30","Mauritania","Banc d'Arguin: Iwik (center) vegetation","3","19.883333","-16.292778",50,"WGS84","present","HumanObservation"
"banc_darguin-compain-2021:occurrence:1f6afd550ee88590d27f78c74605d7a5","Pegusa lascaris","urn:lsid:marinespecies.org:taxname:127156","2020-12-01/2020-12-31","Mauritania","Banc d'Arguin: Mamghar (baie saint jean) vegetation","2","19.419167","-16.373056",50,"WGS84","present","HumanObservation"
"banc_darguin-compain-2021:occurrence:a6dba1d196f32a8f7ccd5511ad7db08e","Pegusa lascaris","urn:lsid:marinespecies.org:taxname:127156","2020-04-01/2020-04-30","Mauritania","Banc d'Arguin: Iwik (center) vegetation","3","19.883333","-16.292778",50,"WGS84","present","HumanObservation"
"banc_darguin-compain-2021:occurrence:b95879d3b896edc3d95d13e4fb181e30","Pegusa lascaris","urn:lsid:marinespecies.org:taxname:127156","2020-04-01/2020-04-30","Mauritania","Banc d'Arguin: Iwik (center) vegetation extra","4","19.890278","-16.288889",50,"WGS84","present","HumanObservation"
"banc_darguin-compain-2021:occurrence:66bb5026802c53b0f529e58861a4c4ec","Pegusa triophthalma","urn:lsid:marinespecies.org:taxname:274308","2020-04-01/2020-04-30","Mauritania","Banc d'Arguin: Mamghar (mangrove) sand","1","19.371111","-16.531111",50,"WGS84","present","HumanObservation"
"banc_darguin-compain-2021:occurrence:c03a810c17fefa37d40b20fc1afbcfa8","Penaeus","urn:lsid:marinespecies.org:taxname:106822","2020-12-01/2020-12-31","Mauritania","Banc d'Arguin: Mamghar (baie saint jean) vegetation","2","19.419167","-16.373056",50,"WGS84","present","HumanObservation"
"banc_darguin-compain-2021:occurrence:9021c2d0bf68e89cf84478ac28d737ce","Penaeus","urn:lsid:marinespecies.org:taxname:106822","2020-12-01/2020-12-31","Mauritania","Banc d'Arguin: Iwik (center) vegetation","3","19.883333","-16.292778",50,"WGS84","present","HumanObservation"
"banc_darguin-compain-2021:occurrence:faf46dc5e5304d5298b7d35fc1730a37","Penaeus","urn:lsid:marinespecies.org:taxname:106822","2020-12-01/2020-12-31","Mauritania","Banc d'Arguin: Kiji Vegetation","7","19.721944","-16.501389",50,"WGS84","present","HumanObservation"
"banc_darguin-compain-2021:occurrence:024ec6473e954462fd85d0eaf979f82d","Penaeus","urn:lsid:marinespecies.org:taxname:106822","2020-12-01/2020-12-31","Mauritania","Banc d'Arguin: Nair Vegetation","8","19.868611","-16.391389",50,"WGS84","present","HumanObservation"
"banc_darguin-compain-2021:occurrence:c914b29818d3bca8c110149c2c4a0a6c","Penaeus","urn:lsid:marinespecies.org:taxname:106822","2020-04-01/2020-04-30","Mauritania","Banc d'Arguin: Mamghar (mangrove) sand","1","19.371111","-16.531111",50,"WGS84","present","HumanObservation"
"banc_darguin-compain-2021:occurrence:9e161e459d7d3833c34720b2c60ea94c","Penaeus","urn:lsid:marinespecies.org:taxname:106822","2020-04-01/2020-04-30","Mauritania","Banc d'Arguin: Mamghar (baie saint jean) vegetation","2","19.419167","-16.373056",50,"WGS84","present","HumanObservation"
"banc_darguin-compain-2021:occurrence:601bf77b097c4684dbca4ae1332edbd8","Penaeus","urn:lsid:marinespecies.org:taxname:106822","2020-04-01/2020-04-30","Mauritania","Banc d'Arguin: Iwik (center) vegetation","3","19.883333","-16.292778",50,"WGS84","present","HumanObservation"
"banc_darguin-compain-2021:occurrence:e205eceea118cc4738886b5ae73e9456","Penaeus","urn:lsid:marinespecies.org:taxname:106822","2020-04-01/2020-04-30","Mauritania","Banc d'Arguin: Iwik (center) vegetation extra","4","19.890278","-16.288889",50,"WGS84","present","HumanObservation"
"banc_darguin-compain-2021:occurrence:636563ef79c31eae44a023c4557d3201","Penaeus","urn:lsid:marinespecies.org:taxname:106822","2020-04-01/2020-04-30","Mauritania","Banc d'Arguin: Muzan vegetation","6","19.900278","-16.503056",50,"WGS84","present","HumanObservation"
"banc_darguin-compain-2021:occurrence:da90790709f6c1103886f1dec345104e","Penaeus","urn:lsid:marinespecies.org:taxname:106822","2020-04-01/2020-04-30","Mauritania","Banc d'Arguin: Kiji Vegetation","7","19.721944","-16.501389",50,"WGS84","present","HumanObservation"
"banc_darguin-compain-2021:occurrence:0a5f8ee0624070f27ff19baa479f9000","Pomadasys incisus","urn:lsid:marinespecies.org:taxname:126947","2020-12-01/2020-12-31","Mauritania","Banc d'Arguin: Mamghar (mangrove) sand","1","19.371111","-16.531111",50,"WGS84","present","HumanObservation"
"banc_darguin-compain-2021:occurrence:31af84add11525136d15f919cee546bb","Pomadasys incisus","urn:lsid:marinespecies.org:taxname:126947","2020-12-01/2020-12-31","Mauritania","Banc d'Arguin: Mamghar (baie saint jean) vegetation","2","19.419167","-16.373056",50,"WGS84","present","HumanObservation"
"banc_darguin-compain-2021:occurrence:1286bf42579e902f0c2fb9cc3d032782","Pomadasys incisus","urn:lsid:marinespecies.org:taxname:126947","2020-12-01/2020-12-31","Mauritania","Banc d'Arguin: Iwik (center) vegetation","3","19.883333","-16.292778",50,"WGS84","present","HumanObservation"
"banc_darguin-compain-2021:occurrence:5b9cc56c576b963df8ee753abdce0aa6","Pomadasys incisus","urn:lsid:marinespecies.org:taxname:126947","2020-04-01/2020-04-30","Mauritania","Banc d'Arguin: Mamghar (mangrove) sand","1","19.371111","-16.531111",50,"WGS84","present","HumanObservation"
"banc_darguin-compain-2021:occurrence:dda8c6dd814cc69dd27a53a05492a085","Pomadasys incisus","urn:lsid:marinespecies.org:taxname:126947","2020-04-01/2020-04-30","Mauritania","Banc d'Arguin: Mamghar (baie saint jean) vegetation","2","19.419167","-16.373056",50,"WGS84","present","HumanObservation"
"banc_darguin-compain-2021:occurrence:f610b6fce08419cf193078ee6c978e0c","Pomadasys incisus","urn:lsid:marinespecies.org:taxname:126947","2020-04-01/2020-04-30","Mauritania","Banc d'Arguin: Iwik (center) vegetation extra","4","19.890278","-16.288889",50,"WGS84","present","HumanObservation"
"banc_darguin-compain-2021:occurrence:f0a6d53e19de0d86bfda5a76165ef2ab","Pomadasys incisus","urn:lsid:marinespecies.org:taxname:126947","2020-04-01/2020-04-30","Mauritania","Banc d'Arguin: Nair Vegetation","8","19.868611","-16.391389",50,"WGS84","present","HumanObservation"
"banc_darguin-compain-2021:occurrence:172ac766cc5b78a2282c09d2a78155f0","Pomadasys rogerii","urn:lsid:marinespecies.org:taxname:273513","2020-12-01/2020-12-31","Mauritania","Banc d'Arguin: Mamghar (mangrove) sand","1","19.371111","-16.531111",50,"WGS84","present","HumanObservation"
"banc_darguin-compain-2021:occurrence:11a79859f7970e92f43e6df577d52270","Pomadasys rogerii","urn:lsid:marinespecies.org:taxname:273513","2020-12-01/2020-12-31","Mauritania","Banc d'Arguin: Mamghar (baie saint jean) vegetation","2","19.419167","-16.373056",50,"WGS84","present","HumanObservation"
"banc_darguin-compain-2021:occurrence:2021f4639652b9483777ba74b8ae51e7","Pomadasys rogerii","urn:lsid:marinespecies.org:taxname:273513","2020-04-01/2020-04-30","Mauritania","Banc d'Arguin: Mamghar (mangrove) sand","1","19.371111","-16.531111",50,"WGS84","present","HumanObservation"
"banc_darguin-compain-2021:occurrence:9e78588524ccf8de59058f44c83ca4fe","Pomadasys rogerii","urn:lsid:marinespecies.org:taxname:273513","2020-04-01/2020-04-30","Mauritania","Banc d'Arguin: Mamghar (baie saint jean) vegetation","2","19.419167","-16.373056",50,"WGS84","present","HumanObservation"
"banc_darguin-compain-2021:occurrence:da7d272229fc75b2437a9995e81673cf","Psettodes belcheri","urn:lsid:marinespecies.org:taxname:276823","2020-04-01/2020-04-30","Mauritania","Banc d'Arguin: Muzan vegetation","6","19.900278","-16.503056",50,"WGS84","present","HumanObservation"
"banc_darguin-compain-2021:occurrence:38184d57c96d4a16ca807d2f7bd54442","Psettodes belcheri","urn:lsid:marinespecies.org:taxname:276823","2020-04-01/2020-04-30","Mauritania","Banc d'Arguin: Nair Vegetation","8","19.868611","-16.391389",50,"WGS84","present","HumanObservation"
"banc_darguin-compain-2021:occurrence:a8239bc3d3389d6886b5e8124e3b61a3","Rhinobatos rhinobatos","urn:lsid:marinespecies.org:taxname:105898","2020-04-01/2020-04-30","Mauritania","Banc d'Arguin: Iwik (center) vegetation","3","19.883333","-16.292778",50,"WGS84","present","HumanObservation"
"banc_darguin-compain-2021:occurrence:5f1d352ce365a7a0ea583b423317f195","Rhinobatos rhinobatos","urn:lsid:marinespecies.org:taxname:105898","2020-04-01/2020-04-30","Mauritania","Banc d'Arguin: Iwik (center) vegetation extra","4","19.890278","-16.288889",50,"WGS84","present","HumanObservation"
"banc_darguin-compain-2021:occurrence:1365e406128a1c695cdc9146963653e1","Rhinobatos rhinobatos","urn:lsid:marinespecies.org:taxname:105898","2020-04-01/2020-04-30","Mauritania","Banc d'Arguin: Nair Vegetation","8","19.868611","-16.391389",50,"WGS84","present","HumanObservation"
"banc_darguin-compain-2021:occurrence:b6525852e4367d0ee82a9c1634340d63","Rypticus saponaceus","urn:lsid:marinespecies.org:taxname:275963","2020-04-01/2020-04-30","Mauritania","Banc d'Arguin: Mamghar (baie saint jean) vegetation","2","19.419167","-16.373056",50,"WGS84","present","HumanObservation"
"banc_darguin-compain-2021:occurrence:b844fde339ab10c58737af80783b2738","Sepia officinalis","urn:lsid:marinespecies.org:taxname:141444","2020-12-01/2020-12-31","Mauritania","Banc d'Arguin: Mamghar (baie saint jean) vegetation","2","19.419167","-16.373056",50,"WGS84","present","HumanObservation"
"banc_darguin-compain-2021:occurrence:122ab8b72e37e336815965aa81c8a6c5","Sepia officinalis","urn:lsid:marinespecies.org:taxname:141444","2020-04-01/2020-04-30","Mauritania","Banc d'Arguin: Iwik (center) vegetation","3","19.883333","-16.292778",50,"WGS84","present","HumanObservation"
"banc_darguin-compain-2021:occurrence:ec6e771adf1643165fcd8222bd3c04f8","Sepia officinalis","urn:lsid:marinespecies.org:taxname:141444","2020-04-01/2020-04-30","Mauritania","Banc d'Arguin: Iwik (center) vegetation extra","4","19.890278","-16.288889",50,"WGS84","present","HumanObservation"
"banc_darguin-compain-2021:occurrence:2a632c53e726769c63375ef6f5a32280","Sepia officinalis","urn:lsid:marinespecies.org:taxname:141444","2020-04-01/2020-04-30","Mauritania","Banc d'Arguin: Muzan vegetation","6","19.900278","-16.503056",50,"WGS84","present","HumanObservation"
"banc_darguin-compain-2021:occurrence:64f8d90bda25886859d7278fbfaaf5b7","Sepia officinalis","urn:lsid:marinespecies.org:taxname:141444","2020-04-01/2020-04-30","Mauritania","Banc d'Arguin: Agnefour Vegetation","9","19.861667","-16.41",50,"WGS84","present","HumanObservation"
"banc_darguin-compain-2021:occurrence:1e5d61a9b13544d4e7babe817c6b4010","Serranus scriba","urn:lsid:marinespecies.org:taxname:127043","2020-12-01/2020-12-31","Mauritania","Banc d'Arguin: Mamghar (baie saint jean) vegetation","2","19.419167","-16.373056",50,"WGS84","present","HumanObservation"
"banc_darguin-compain-2021:occurrence:2e5f4f1a9b020f5b832c89571647892e","Serranus scriba","urn:lsid:marinespecies.org:taxname:127043","2020-04-01/2020-04-30","Mauritania","Banc d'Arguin: Mamghar (baie saint jean) vegetation","2","19.419167","-16.373056",50,"WGS84","present","HumanObservation"
"banc_darguin-compain-2021:occurrence:0607928f674334d0ec515de2ca48c00a","Serranus scriba","urn:lsid:marinespecies.org:taxname:127043","2020-04-01/2020-04-30","Mauritania","Banc d'Arguin: Agnefour Vegetation","9","19.861667","-16.41",50,"WGS84","present","HumanObservation"
"banc_darguin-compain-2021:occurrence:56a094408b27a91529fec0e6b47d4538","Sicyonia carinata","urn:lsid:marinespecies.org:taxname:107114","2020-12-01/2020-12-31","Mauritania","Banc d'Arguin: Iwik (center) vegetation","3","19.883333","-16.292778",50,"WGS84","present","HumanObservation"
"banc_darguin-compain-2021:occurrence:2504bd740a408880807af5839ce8f756","Sicyonia carinata","urn:lsid:marinespecies.org:taxname:107114","2020-12-01/2020-12-31","Mauritania","Banc d'Arguin: Kiji Vegetation","7","19.721944","-16.501389",50,"WGS84","present","HumanObservation"
"banc_darguin-compain-2021:occurrence:7e12417dadd5dcf3995f0532def31aad","Solea senegalensis","urn:lsid:marinespecies.org:taxname:127159","2020-12-01/2020-12-31","Mauritania","Banc d'Arguin: Mamghar (mangrove) sand","1","19.371111","-16.531111",50,"WGS84","present","HumanObservation"
"banc_darguin-compain-2021:occurrence:ab583383c5926a43b476e92d77a04945","Solea senegalensis","urn:lsid:marinespecies.org:taxname:127159","2020-12-01/2020-12-31","Mauritania","Banc d'Arguin: Kiji Vegetation","7","19.721944","-16.501389",50,"WGS84","present","HumanObservation"
"banc_darguin-compain-2021:occurrence:b9f637d51c29a289632b7c6fb0d42a01","Solea senegalensis","urn:lsid:marinespecies.org:taxname:127159","2020-04-01/2020-04-30","Mauritania","Banc d'Arguin: Mamghar (mangrove) sand","1","19.371111","-16.531111",50,"WGS84","present","HumanObservation"
"banc_darguin-compain-2021:occurrence:9ecd3d4d29359b6e7d571f1f0adc3e3f","Solea senegalensis","urn:lsid:marinespecies.org:taxname:127159","2020-04-01/2020-04-30","Mauritania","Banc d'Arguin: Iwik (center) vegetation","3","19.883333","-16.292778",50,"WGS84","present","HumanObservation"
"banc_darguin-compain-2021:occurrence:4cdd929dd76f3ee0174689feeaa957ec","Solea senegalensis","urn:lsid:marinespecies.org:taxname:127159","2020-04-01/2020-04-30","Mauritania","Banc d'Arguin: Iwik (center) vegetation extra","4","19.890278","-16.288889",50,"WGS84","present","HumanObservation"
"banc_darguin-compain-2021:occurrence:bcacb64dc7dddc23917552a8de52747f","Solea senegalensis","urn:lsid:marinespecies.org:taxname:127159","2020-04-01/2020-04-30","Mauritania","Banc d'Arguin: Iwik (center) sand","5","19.905","-16.309722",50,"WGS84","present","HumanObservation"
"banc_darguin-compain-2021:occurrence:90ce31ad76b7d83dec533843bb2f11af","Solea senegalensis","urn:lsid:marinespecies.org:taxname:127159","2020-04-01/2020-04-30","Mauritania","Banc d'Arguin: Muzan vegetation","6","19.900278","-16.503056",50,"WGS84","present","HumanObservation"
"banc_darguin-compain-2021:occurrence:6967c7e2ee414e4537b5bdf118f963a1","Solea senegalensis","urn:lsid:marinespecies.org:taxname:127159","2020-04-01/2020-04-30","Mauritania","Banc d'Arguin: Nair Vegetation","8","19.868611","-16.391389",50,"WGS84","present","HumanObservation"
"banc_darguin-compain-2021:occurrence:aa60bc3875a25369e7066cbb81e7ad0c","Sphoeroides spengleri","urn:lsid:marinespecies.org:taxname:158935","2020-12-01/2020-12-31","Mauritania","Banc d'Arguin: Mamghar (mangrove) sand","1","19.371111","-16.531111",50,"WGS84","present","HumanObservation"
"banc_darguin-compain-2021:occurrence:2602299dceae92cc1d79534a02ecde99","Sphoeroides spengleri","urn:lsid:marinespecies.org:taxname:158935","2020-12-01/2020-12-31","Mauritania","Banc d'Arguin: Mamghar (baie saint jean) vegetation","2","19.419167","-16.373056",50,"WGS84","present","HumanObservation"
"banc_darguin-compain-2021:occurrence:1635152b56a0dfa62f355208b6b11f47","Sphoeroides spengleri","urn:lsid:marinespecies.org:taxname:158935","2020-12-01/2020-12-31","Mauritania","Banc d'Arguin: Iwik (center) vegetation","3","19.883333","-16.292778",50,"WGS84","present","HumanObservation"
"banc_darguin-compain-2021:occurrence:9958ca203e1fdd626b8195bb71162c28","Sphoeroides spengleri","urn:lsid:marinespecies.org:taxname:158935","2020-12-01/2020-12-31","Mauritania","Banc d'Arguin: Kiji Vegetation","7","19.721944","-16.501389",50,"WGS84","present","HumanObservation"
"banc_darguin-compain-2021:occurrence:593b1c9fca0c57796704a4bf731bfe3a","Sphoeroides spengleri","urn:lsid:marinespecies.org:taxname:158935","2020-04-01/2020-04-30","Mauritania","Banc d'Arguin: Mamghar (mangrove) sand","1","19.371111","-16.531111",50,"WGS84","present","HumanObservation"
"banc_darguin-compain-2021:occurrence:282f10796811bc3f0e6cdf4a1aea5d85","Sphoeroides spengleri","urn:lsid:marinespecies.org:taxname:158935","2020-04-01/2020-04-30","Mauritania","Banc d'Arguin: Mamghar (baie saint jean) vegetation","2","19.419167","-16.373056",50,"WGS84","present","HumanObservation"
"banc_darguin-compain-2021:occurrence:3af906cee4a8399b952dd5577aebcbde","Sphoeroides spengleri","urn:lsid:marinespecies.org:taxname:158935","2020-04-01/2020-04-30","Mauritania","Banc d'Arguin: Iwik (center) vegetation","3","19.883333","-16.292778",50,"WGS84","present","HumanObservation"
"banc_darguin-compain-2021:occurrence:4102e6d4b831164ffb1452d66278307b","Sphoeroides spengleri","urn:lsid:marinespecies.org:taxname:158935","2020-04-01/2020-04-30","Mauritania","Banc d'Arguin: Iwik (center) vegetation extra","4","19.890278","-16.288889",50,"WGS84","present","HumanObservation"
"banc_darguin-compain-2021:occurrence:259bd684e3027657201cddd89f242456","Sphoeroides spengleri","urn:lsid:marinespecies.org:taxname:158935","2020-04-01/2020-04-30","Mauritania","Banc d'Arguin: Agnefour Vegetation","9","19.861667","-16.41",50,"WGS84","present","HumanObservation"
"banc_darguin-compain-2021:occurrence:5057d460b4010b61bdb66bbbcb9bc568","Spondyliosoma cantharus","urn:lsid:marinespecies.org:taxname:127066","2020-04-01/2020-04-30","Mauritania","Banc d'Arguin: Mamghar (baie saint jean) vegetation","2","19.419167","-16.373056",50,"WGS84","present","HumanObservation"
"banc_darguin-compain-2021:occurrence:05d47102fd9468a1808e391f7b2f22b3","Spondyliosoma cantharus","urn:lsid:marinespecies.org:taxname:127066","2020-04-01/2020-04-30","Mauritania","Banc d'Arguin: Agnefour Vegetation","9","19.861667","-16.41",50,"WGS84","present","HumanObservation"
"banc_darguin-compain-2021:occurrence:0f7b541614f02cb55d36f8272126c75e","Stephanolepis hispidus","urn:lsid:marinespecies.org:taxname:127409","2020-12-01/2020-12-31","Mauritania","Banc d'Arguin: Mamghar (baie saint jean) vegetation","2","19.419167","-16.373056",50,"WGS84","present","HumanObservation"
"banc_darguin-compain-2021:occurrence:9b64694317230c384dd8d752f08dec6a","Stephanolepis hispidus","urn:lsid:marinespecies.org:taxname:127409","2020-12-01/2020-12-31","Mauritania","Banc d'Arguin: Iwik (center) vegetation","3","19.883333","-16.292778",50,"WGS84","present","HumanObservation"
"banc_darguin-compain-2021:occurrence:9182e42a1bf4421f5b2fc9710da1d18c","Stephanolepis hispidus","urn:lsid:marinespecies.org:taxname:127409","2020-12-01/2020-12-31","Mauritania","Banc d'Arguin: Kiji Vegetation","7","19.721944","-16.501389",50,"WGS84","present","HumanObservation"
"banc_darguin-compain-2021:occurrence:e76c127f9386c15d849863ae851f8e3f","Stephanolepis hispidus","urn:lsid:marinespecies.org:taxname:127409","2020-04-01/2020-04-30","Mauritania","Banc d'Arguin: Mamghar (baie saint jean) vegetation","2","19.419167","-16.373056",50,"WGS84","present","HumanObservation"
"banc_darguin-compain-2021:occurrence:c5d1e8ece8538147be4eb8eff9f91e7a","Stephanolepis hispidus","urn:lsid:marinespecies.org:taxname:127409","2020-04-01/2020-04-30","Mauritania","Banc d'Arguin: Agnefour Vegetation","9","19.861667","-16.41",50,"WGS84","present","HumanObservation"
"banc_darguin-compain-2021:occurrence:0cff4345eaedf3454701680f17af725d","Symphodus bailloni","urn:lsid:marinespecies.org:taxname:273566","2020-04-01/2020-04-30","Mauritania","Banc d'Arguin: Mamghar (baie saint jean) vegetation","2","19.419167","-16.373056",50,"WGS84","present","HumanObservation"
"banc_darguin-compain-2021:occurrence:cb9c343b85f72adbf8ebf3b220e5f031","Symphodus bailloni","urn:lsid:marinespecies.org:taxname:273566","2020-04-01/2020-04-30","Mauritania","Banc d'Arguin: Agnefour Vegetation","9","19.861667","-16.41",50,"WGS84","present","HumanObservation"
"banc_darguin-compain-2021:occurrence:224ff33fb7796928b2a0194f3b154f71","Symphodus cinereus","urn:lsid:marinespecies.org:taxname:273567","2020-12-01/2020-12-31","Mauritania","Banc d'Arguin: Mamghar (baie saint jean) vegetation","2","19.419167","-16.373056",50,"WGS84","present","HumanObservation"
"banc_darguin-compain-2021:occurrence:77464508fbf485721e699bb35886e6ad","Symphodus tinca","urn:lsid:marinespecies.org:taxname:273575","2020-04-01/2020-04-30","Mauritania","Banc d'Arguin: Mamghar (baie saint jean) vegetation","2","19.419167","-16.373056",50,"WGS84","present","HumanObservation"
"banc_darguin-compain-2021:occurrence:1283f0b3189e5e1daa1f4cb8e148d18f","Symphodus tinca","urn:lsid:marinespecies.org:taxname:273575","2020-04-01/2020-04-30","Mauritania","Banc d'Arguin: Iwik (center) vegetation extra","4","19.890278","-16.288889",50,"WGS84","present","HumanObservation"
"banc_darguin-compain-2021:occurrence:f0c9b86d1c5605e7e7fa073b7b2f8567","Synaptura lusitanica","urn:lsid:marinespecies.org:taxname:127162","2020-04-01/2020-04-30","Mauritania","Banc d'Arguin: Mamghar (baie saint jean) vegetation","2","19.419167","-16.373056",50,"WGS84","present","HumanObservation"
"banc_darguin-compain-2021:occurrence:cf00b61e074287cabe931cec55e3fdf7","Synaptura lusitanica","urn:lsid:marinespecies.org:taxname:127162","2020-04-01/2020-04-30","Mauritania","Banc d'Arguin: Iwik (center) vegetation","3","19.883333","-16.292778",50,"WGS84","present","HumanObservation"
"banc_darguin-compain-2021:occurrence:9fda49fe827b7f3b8dc575ac5626caa2","Synaptura lusitanica","urn:lsid:marinespecies.org:taxname:127162","2020-04-01/2020-04-30","Mauritania","Banc d'Arguin: Kiji Vegetation","7","19.721944","-16.501389",50,"WGS84","present","HumanObservation"
"banc_darguin-compain-2021:occurrence:e37978b3a269d7f30fd5eafbc4267d92","Synaptura lusitanica","urn:lsid:marinespecies.org:taxname:127162","2020-04-01/2020-04-30","Mauritania","Banc d'Arguin: Nair Vegetation","8","19.868611","-16.391389",50,"WGS84","present","HumanObservation"
"banc_darguin-compain-2021:occurrence:2793c934c93d16298dd22ea9a6191e54","Syngnathus","urn:lsid:marinespecies.org:taxname:126227","2020-12-01/2020-12-31","Mauritania","Banc d'Arguin: Kiji Vegetation","7","19.721944","-16.501389",50,"WGS84","present","HumanObservation"
"banc_darguin-compain-2021:occurrence:58c6f0978f96d978f9764536bc1f3631","Syngnathus","urn:lsid:marinespecies.org:taxname:126227","2020-04-01/2020-04-30","Mauritania","Banc d'Arguin: Iwik (center) vegetation","3","19.883333","-16.292778",50,"WGS84","present","HumanObservation"
"banc_darguin-compain-2021:occurrence:305c97ad406e34fbd95e2734af397aa8","Syngnathus","urn:lsid:marinespecies.org:taxname:126227","2020-04-01/2020-04-30","Mauritania","Banc d'Arguin: Iwik (center) vegetation extra","4","19.890278","-16.288889",50,"WGS84","present","HumanObservation"
"banc_darguin-compain-2021:occurrence:afd57c1ad58434fcea09af0676f94a47","Syngnathus","urn:lsid:marinespecies.org:taxname:126227","2020-04-01/2020-04-30","Mauritania","Banc d'Arguin: Muzan vegetation","6","19.900278","-16.503056",50,"WGS84","present","HumanObservation"
"banc_darguin-compain-2021:occurrence:3ce766c21ab4fc158c2bc0b76b4bb822","Syngnathus","urn:lsid:marinespecies.org:taxname:126227","2020-04-01/2020-04-30","Mauritania","Banc d'Arguin: Agnefour Vegetation","9","19.861667","-16.41",50,"WGS84","present","HumanObservation"
