<?xml version="1.0" encoding="UTF-8"?>
<archive xmlns="http://rs.tdwg.org/dwc/text/" xmlns:xsi="http://www.w3.org/2001/XMLSchema-instance" xmlns:xs="http://www.w3.org/2001/XMLSchema" xsi:schemaLocation="http://rs.tdwg.org/dwc/text/ http://rs.tdwg.org/dwc/text/tdwg_dwc_text.xsd">
  <core rowType="http://rs.tdwg.org/dwc/terms/Occurrence" ignoreHeaderLines="1">
    <files>
      <location>occurrence.csv</location>
    </files>
    <field index="0" term="http://rs.tdwg.org/dwc/terms/occurrenceID"/>
    <field index="1" term="http://rs.tdwg.org/dwc/terms/scientificName"/>
    <field index="2" term="http://rs.tdwg.org/dwc/terms/scientificNameID"/>
    <field index="3" term="http://rs.tdwg.org/dwc/terms/identificationQualifier"/>
    <field term="http://rs.tdwg.org/dwc/terms/eventDate" default=""/>
    <field term="http://rs.tdwg.org/dwc/terms/country" default="Mauritania"/>
    <field term="http://rs.tdwg.org/dwc/terms/locality" default="Banc d'Arguin"/>
    <field term="http://rs.tdwg.org/dwc/terms/decimalLatitude" default="20.0764719623805"/>
    <field term="http://rs.tdwg.org/dwc/terms/decimalLongitude" default="-16.3901624726151"/>
    <field term="http://rs.tdwg.org/dwc/terms/coordinateUncertaintyInMeters" default="91954.4953209822"/>
    <field term="http://rs.tdwg.org/dwc/terms/footprintWKT" default="POLYGON ((-16.0607 19.5504, -16.0704 19.6739, -15.9634 20.0266, -16.0562 20.032, -16.0986 20.0431, -16.0719 20.1703, -16.0334 20.264, -16.0192 20.4043, -16.1622 20.8319, -16.7504 20.8345, -16.7515 19.342, -16.5079 19.3426, -16.5076 19.3418, -16.0844 19.342, -16.0652 19.3962, -16.0607 19.5504))"/>
    <field term="http://rs.tdwg.org/dwc/terms/geodeticDatum" default="WGS84"/>
    <field term="http://rs.tdwg.org/dwc/terms/occurrenceStatus" default="present"/>
    <field term="http://rs.tdwg.org/dwc/terms/basisOfRecord" default="HumanObservation"/>
  </core>
</archive>
