"occurrenceID","scientificName","scientificNameID","eventDate","country","locality","decimalLatitude","decimalLongitude","occurrenceStatus","basisOfRecord","organismQuantity","organismQuantityType","Habitat","recordedBy","sampleSizeValue","sampleSizeUnit"
"banc-darguin-de-la-hoz-schilling-2021:occurrence:3ea5ab7f09dcda65c5c34601a64b5a3f","Aetomylaeus bovinus","urn:lsid:marinespecies.org:taxname:871951","2020-02-15","Mauritania","Ile d'Arguin",20.60795,-16.44831,"present","MaterialSample",1,"DNA sequence reads","no information","Carolina de la Hoz Schilling","2233019","DNA sequence reads"
"banc-darguin-de-la-hoz-schilling-2021:occurrence:8bafbc303402fd7a636f158c231121a9","Alopias vulpinus","urn:lsid:marinespecies.org:taxname:105836","2020-02-15","Mauritania","Ile d'Arguin",20.60795,-16.44831,"present","MaterialSample",1,"DNA sequence reads","no information","Carolina de la Hoz Schilling","2233019","DNA sequence reads"
"banc-darguin-de-la-hoz-schilling-2021:occurrence:33cbfd10fcc73b0fd98fa05fe25b19db","Carcharhinus obscurus","urn:lsid:marinespecies.org:taxname:105796","2020-02-15","Mauritania","Ile d'Arguin",20.60795,-16.44831,"present","MaterialSample",1,"DNA sequence reads","no information","Carolina de la Hoz Schilling","2233019","DNA sequence reads"
"banc-darguin-de-la-hoz-schilling-2021:occurrence:4fac233d949083d863d17075dc35400d","Dasyatis marmorata","urn:lsid:marinespecies.org:taxname:271445","2020-02-15","Mauritania","Ile d'Arguin",20.60795,-16.44831,"present","MaterialSample",3,"DNA sequence reads","no information","Carolina de la Hoz Schilling","2233019","DNA sequence reads"
"banc-darguin-de-la-hoz-schilling-2021:occurrence:1e990686ddc6cd6c7612fc2d9744d7c7","Fontitrygon","urn:lsid:marinespecies.org:taxname:1042820","2020-02-15","Mauritania","Ile d'Arguin",20.60795,-16.44831,"present","MaterialSample",22,"DNA sequence reads","no information","Carolina de la Hoz Schilling","2233019","DNA sequence reads"
"banc-darguin-de-la-hoz-schilling-2021:occurrence:7a51b46936bafeac0b557a8cd04e4895","Gymnura altavela","urn:lsid:marinespecies.org:taxname:105856","2020-02-15","Mauritania","Ile d'Arguin",20.60795,-16.44831,"present","MaterialSample",307,"DNA sequence reads","no information","Carolina de la Hoz Schilling","2233019","DNA sequence reads"
"banc-darguin-de-la-hoz-schilling-2021:occurrence:468db638b9152a37f778aa5e0486108b","Gymnura","urn:lsid:marinespecies.org:taxname:105754","2020-02-15","Mauritania","Ile d'Arguin",20.60795,-16.44831,"present","MaterialSample",1,"DNA sequence reads","no information","Carolina de la Hoz Schilling","2233019","DNA sequence reads"
"banc-darguin-de-la-hoz-schilling-2021:occurrence:3e0738bcaef145722e640ac6fcc24388","Hypanus rudis","urn:lsid:marinespecies.org:taxname:1042863","2020-02-15","Mauritania","Ile d'Arguin",20.60795,-16.44831,"present","MaterialSample",2,"DNA sequence reads","no information","Carolina de la Hoz Schilling","2233019","DNA sequence reads"
"banc-darguin-de-la-hoz-schilling-2021:occurrence:5f72603fc81f4a538f65a8941dc3f6b4","Leptocharias smithii","urn:lsid:marinespecies.org:taxname:105804","2020-02-15","Mauritania","Ile d'Arguin",20.60795,-16.44831,"present","MaterialSample",676,"DNA sequence reads","no information","Carolina de la Hoz Schilling","2233019","DNA sequence reads"
"banc-darguin-de-la-hoz-schilling-2021:occurrence:fd9e5e2c4d82af2199f5755872bdb232","Mustelus punctulatus","urn:lsid:marinespecies.org:taxname:105823","2020-02-15","Mauritania","Ile d'Arguin",20.60795,-16.44831,"present","MaterialSample",2,"DNA sequence reads","no information","Carolina de la Hoz Schilling","2233019","DNA sequence reads"
"banc-darguin-de-la-hoz-schilling-2021:occurrence:4f5744b61e91aa7ad5d861ecabad5c1c","Rhinobatos rhinobatos","urn:lsid:marinespecies.org:taxname:105898","2020-02-15","Mauritania","Ile d'Arguin",20.60795,-16.44831,"present","MaterialSample",26,"DNA sequence reads","no information","Carolina de la Hoz Schilling","2233019","DNA sequence reads"
"banc-darguin-de-la-hoz-schilling-2021:occurrence:62057590b4cdf5f21fdb10325506c8a1","Rhinoptera marginata","urn:lsid:marinespecies.org:taxname:105862","2020-02-15","Mauritania","Ile d'Arguin",20.60795,-16.44831,"present","MaterialSample",982,"DNA sequence reads","no information","Carolina de la Hoz Schilling","2233019","DNA sequence reads"
"banc-darguin-de-la-hoz-schilling-2021:occurrence:5ea9ce87613d713144dc70ac7dd781e6","Rhizoprionodon acutus","urn:lsid:marinespecies.org:taxname:105802","2020-02-15","Mauritania","Ile d'Arguin",20.60795,-16.44831,"present","MaterialSample",847,"DNA sequence reads","no information","Carolina de la Hoz Schilling","2233019","DNA sequence reads"
"banc-darguin-de-la-hoz-schilling-2021:occurrence:52fe5aed8e747e8a84b392df3ab01659","Squalus acanthias","urn:lsid:marinespecies.org:taxname:105923","2020-02-15","Mauritania","Ile d'Arguin",20.60795,-16.44831,"present","MaterialSample",5365,"DNA sequence reads","no information","Carolina de la Hoz Schilling","2233019","DNA sequence reads"
"banc-darguin-de-la-hoz-schilling-2021:occurrence:a731d88123bde4f6ff49b984104c9cec","Taeniura grabata","urn:lsid:marinespecies.org:taxname:105855","2020-02-15","Mauritania","Ile d'Arguin",20.60795,-16.44831,"present","MaterialSample",1,"DNA sequence reads","no information","Carolina de la Hoz Schilling","2233019","DNA sequence reads"
"banc-darguin-de-la-hoz-schilling-2021:occurrence:b2fdd91c3974b428a4a739b61d73370a","Torpedo","urn:lsid:marinespecies.org:taxname:826639","2020-02-15","Mauritania","Ile d'Arguin",20.60795,-16.44831,"present","MaterialSample",1,"DNA sequence reads","no information","Carolina de la Hoz Schilling","2233019","DNA sequence reads"
"banc-darguin-de-la-hoz-schilling-2021:occurrence:a8e26bca9986613bca322780455e1349","Zanobatus schoenleinii","urn:lsid:marinespecies.org:taxname:283210","2020-02-15","Mauritania","Ile d'Arguin",20.60795,-16.44831,"present","MaterialSample",2015,"DNA sequence reads","no information","Carolina de la Hoz Schilling","2233019","DNA sequence reads"
"banc-darguin-de-la-hoz-schilling-2021:occurrence:00597ac3eada36f48d4e8a3f2fc3c011","Aetomylaeus bovinus","urn:lsid:marinespecies.org:taxname:871951","2020-12-12","Mauritania","Baye St Jean",19.37591,-16.46436,"present","MaterialSample",18,"DNA sequence reads","Seagrass","Carolina de la Hoz Schilling","2233019","DNA sequence reads"
"banc-darguin-de-la-hoz-schilling-2021:occurrence:4e332b6df36e78949dbcaf442b419887","Dasyatis pastinaca","urn:lsid:marinespecies.org:taxname:105851","2020-12-12","Mauritania","Baye St Jean",19.37591,-16.46436,"present","MaterialSample",1,"DNA sequence reads","Seagrass","Carolina de la Hoz Schilling","2233019","DNA sequence reads"
"banc-darguin-de-la-hoz-schilling-2021:occurrence:b5d2516166c6dd48b7a9ed5fbb148297","Fontitrygon","urn:lsid:marinespecies.org:taxname:1042820","2020-12-12","Mauritania","Baye St Jean",19.37591,-16.46436,"present","MaterialSample",35,"DNA sequence reads","Seagrass","Carolina de la Hoz Schilling","2233019","DNA sequence reads"
"banc-darguin-de-la-hoz-schilling-2021:occurrence:4e01183950644ffb67cb5ba578183dc8","Ginglymostoma cirratum","urn:lsid:marinespecies.org:taxname:105846","2020-12-12","Mauritania","Baye St Jean",19.37591,-16.46436,"present","MaterialSample",3,"DNA sequence reads","Seagrass","Carolina de la Hoz Schilling","2233019","DNA sequence reads"
"banc-darguin-de-la-hoz-schilling-2021:occurrence:bfa3590ee261753acfbce5133c32c0a6","Glaucostegus cemiculus","urn:lsid:marinespecies.org:taxname:1016062","2020-12-12","Mauritania","Baye St Jean",19.37591,-16.46436,"present","MaterialSample",98,"DNA sequence reads","Seagrass","Carolina de la Hoz Schilling","2233019","DNA sequence reads"
"banc-darguin-de-la-hoz-schilling-2021:occurrence:a874e1539002892d64991244db72ece8","Gymnura altavela","urn:lsid:marinespecies.org:taxname:105856","2020-12-12","Mauritania","Baye St Jean",19.37591,-16.46436,"present","MaterialSample",7,"DNA sequence reads","Seagrass","Carolina de la Hoz Schilling","2233019","DNA sequence reads"
"banc-darguin-de-la-hoz-schilling-2021:occurrence:2feaf48c2cd951b0d8cbc3c873c42f63","Leptocharias smithii","urn:lsid:marinespecies.org:taxname:105804","2020-12-12","Mauritania","Baye St Jean",19.37591,-16.46436,"present","MaterialSample",1,"DNA sequence reads","Seagrass","Carolina de la Hoz Schilling","2233019","DNA sequence reads"
"banc-darguin-de-la-hoz-schilling-2021:occurrence:a1ac564c74b29906920ed4de8a16c6b1","Mustelus punctulatus","urn:lsid:marinespecies.org:taxname:105823","2020-12-12","Mauritania","Baye St Jean",19.37591,-16.46436,"present","MaterialSample",1,"DNA sequence reads","Seagrass","Carolina de la Hoz Schilling","2233019","DNA sequence reads"
"banc-darguin-de-la-hoz-schilling-2021:occurrence:6c322d3b5e40b54d163518412cc12a58","Myliobatis","urn:lsid:marinespecies.org:taxname:105757","2020-12-12","Mauritania","Baye St Jean",19.37591,-16.46436,"present","MaterialSample",3,"DNA sequence reads","Seagrass","Carolina de la Hoz Schilling","2233019","DNA sequence reads"
"banc-darguin-de-la-hoz-schilling-2021:occurrence:2943ab85e8ecd60a0e2802d091dd2469","Paragaleus pectoralis","urn:lsid:marinespecies.org:taxname:105803","2020-12-12","Mauritania","Baye St Jean",19.37591,-16.46436,"present","MaterialSample",1,"DNA sequence reads","Seagrass","Carolina de la Hoz Schilling","2233019","DNA sequence reads"
"banc-darguin-de-la-hoz-schilling-2021:occurrence:042151c616068fca695e64199c390e5a","Pteroplatytrygon violacea","urn:lsid:marinespecies.org:taxname:158540","2020-12-12","Mauritania","Baye St Jean",19.37591,-16.46436,"present","MaterialSample",1,"DNA sequence reads","Seagrass","Carolina de la Hoz Schilling","2233019","DNA sequence reads"
"banc-darguin-de-la-hoz-schilling-2021:occurrence:c7540489f3567b696ddc0aca40152426","Raja undulata","urn:lsid:marinespecies.org:taxname:105891","2020-12-12","Mauritania","Baye St Jean",19.37591,-16.46436,"present","MaterialSample",4,"DNA sequence reads","Seagrass","Carolina de la Hoz Schilling","2233019","DNA sequence reads"
"banc-darguin-de-la-hoz-schilling-2021:occurrence:faa692290df75c4fb13dfde9180c71e9","Rhinobatos rhinobatos","urn:lsid:marinespecies.org:taxname:105898","2020-12-12","Mauritania","Baye St Jean",19.37591,-16.46436,"present","MaterialSample",20,"DNA sequence reads","Seagrass","Carolina de la Hoz Schilling","2233019","DNA sequence reads"
"banc-darguin-de-la-hoz-schilling-2021:occurrence:1328fd35f9b39bc8c8df0c096866289e","Rhinoptera marginata","urn:lsid:marinespecies.org:taxname:105862","2020-12-12","Mauritania","Baye St Jean",19.37591,-16.46436,"present","MaterialSample",11,"DNA sequence reads","Seagrass","Carolina de la Hoz Schilling","2233019","DNA sequence reads"
"banc-darguin-de-la-hoz-schilling-2021:occurrence:ad77f7737d61927005e33219cc0f52fc","Rhizoprionodon acutus","urn:lsid:marinespecies.org:taxname:105802","2020-12-12","Mauritania","Baye St Jean",19.37591,-16.46436,"present","MaterialSample",5,"DNA sequence reads","Seagrass","Carolina de la Hoz Schilling","2233019","DNA sequence reads"
"banc-darguin-de-la-hoz-schilling-2021:occurrence:ef6a5d71cfca5160932645eb72e2cf5b","Squalus acanthias","urn:lsid:marinespecies.org:taxname:105923","2020-12-12","Mauritania","Baye St Jean",19.37591,-16.46436,"present","MaterialSample",14,"DNA sequence reads","Seagrass","Carolina de la Hoz Schilling","2233019","DNA sequence reads"
"banc-darguin-de-la-hoz-schilling-2021:occurrence:43f96950b83fa3a803736d0667fbf34b","Zanobatus schoenleinii","urn:lsid:marinespecies.org:taxname:283210","2020-12-12","Mauritania","Baye St Jean",19.37591,-16.46436,"present","MaterialSample",7,"DNA sequence reads","Seagrass","Carolina de la Hoz Schilling","2233019","DNA sequence reads"
"banc-darguin-de-la-hoz-schilling-2021:occurrence:99abcdb849098f906e5a0519122bfe6a","Carcharhinus obscurus","urn:lsid:marinespecies.org:taxname:105796","2020-12-14","Mauritania","Belkeiznaya",19.902757,-16.308,"present","MaterialSample",1,"DNA sequence reads","Seagrass matte?","Carolina de la Hoz Schilling","2233019","DNA sequence reads"
"banc-darguin-de-la-hoz-schilling-2021:occurrence:795204a59bd038bd09f730127d09983f","Dasyatis pastinaca","urn:lsid:marinespecies.org:taxname:105851","2020-12-14","Mauritania","Belkeiznaya",19.902757,-16.308,"present","MaterialSample",1,"DNA sequence reads","Seagrass matte?","Carolina de la Hoz Schilling","2233019","DNA sequence reads"
"banc-darguin-de-la-hoz-schilling-2021:occurrence:6edeef843ef70a137faabf6205c4bc9a","Fontitrygon","urn:lsid:marinespecies.org:taxname:1042820","2020-12-14","Mauritania","Belkeiznaya",19.902757,-16.308,"present","MaterialSample",3,"DNA sequence reads","Seagrass matte?","Carolina de la Hoz Schilling","2233019","DNA sequence reads"
"banc-darguin-de-la-hoz-schilling-2021:occurrence:9a6820268e53eaf0ec94d25bff77a049","Glaucostegus cemiculus","urn:lsid:marinespecies.org:taxname:1016062","2020-12-14","Mauritania","Belkeiznaya",19.902757,-16.308,"present","MaterialSample",9372,"DNA sequence reads","Seagrass matte?","Carolina de la Hoz Schilling","2233019","DNA sequence reads"
"banc-darguin-de-la-hoz-schilling-2021:occurrence:ea02cbf73c1686375b950bdcff50b596","Gymnura altavela","urn:lsid:marinespecies.org:taxname:105856","2020-12-14","Mauritania","Belkeiznaya",19.902757,-16.308,"present","MaterialSample",1,"DNA sequence reads","Seagrass matte?","Carolina de la Hoz Schilling","2233019","DNA sequence reads"
"banc-darguin-de-la-hoz-schilling-2021:occurrence:094d7e650f9b2d01a09dfb7789a8a7dd","Heptranchias perlo","urn:lsid:marinespecies.org:taxname:105832","2020-12-14","Mauritania","Belkeiznaya",19.902757,-16.308,"present","MaterialSample",1,"DNA sequence reads","Seagrass matte?","Carolina de la Hoz Schilling","2233019","DNA sequence reads"
"banc-darguin-de-la-hoz-schilling-2021:occurrence:e4755e6203f87d85d1c98ec10c4097be","Isurus oxyrinchus","urn:lsid:marinespecies.org:taxname:105839","2020-12-14","Mauritania","Belkeiznaya",19.902757,-16.308,"present","MaterialSample",2,"DNA sequence reads","Seagrass matte?","Carolina de la Hoz Schilling","2233019","DNA sequence reads"
"banc-darguin-de-la-hoz-schilling-2021:occurrence:d42e0f06824850e415a69d5d0f612b2f","Prionace glauca","urn:lsid:marinespecies.org:taxname:105801","2020-12-14","Mauritania","Belkeiznaya",19.902757,-16.308,"present","MaterialSample",2,"DNA sequence reads","Seagrass matte?","Carolina de la Hoz Schilling","2233019","DNA sequence reads"
"banc-darguin-de-la-hoz-schilling-2021:occurrence:b5938777ce7a4e29972e99fec5fd58e4","Rhinobatos rhinobatos","urn:lsid:marinespecies.org:taxname:105898","2020-12-14","Mauritania","Belkeiznaya",19.902757,-16.308,"present","MaterialSample",15,"DNA sequence reads","Seagrass matte?","Carolina de la Hoz Schilling","2233019","DNA sequence reads"
"banc-darguin-de-la-hoz-schilling-2021:occurrence:5a7b76bc9df13755ccc8c159a501bf41","Rhinoptera marginata","urn:lsid:marinespecies.org:taxname:105862","2020-12-14","Mauritania","Belkeiznaya",19.902757,-16.308,"present","MaterialSample",1,"DNA sequence reads","Seagrass matte?","Carolina de la Hoz Schilling","2233019","DNA sequence reads"
"banc-darguin-de-la-hoz-schilling-2021:occurrence:d3d38171a0bbf463ae46b2ab940c45e3","Rhizoprionodon acutus","urn:lsid:marinespecies.org:taxname:105802","2020-12-14","Mauritania","Belkeiznaya",19.902757,-16.308,"present","MaterialSample",5,"DNA sequence reads","Seagrass matte?","Carolina de la Hoz Schilling","2233019","DNA sequence reads"
"banc-darguin-de-la-hoz-schilling-2021:occurrence:ef2480022ba9dd0e74425e80f307ba48","Scyliorhinus canicula","urn:lsid:marinespecies.org:taxname:105814","2020-12-14","Mauritania","Belkeiznaya",19.902757,-16.308,"present","MaterialSample",4,"DNA sequence reads","Seagrass matte?","Carolina de la Hoz Schilling","2233019","DNA sequence reads"
"banc-darguin-de-la-hoz-schilling-2021:occurrence:c02e28190e96f5e10549a77a027a4aee","Squalus acanthias","urn:lsid:marinespecies.org:taxname:105923","2020-12-14","Mauritania","Belkeiznaya",19.902757,-16.308,"present","MaterialSample",11,"DNA sequence reads","Seagrass matte?","Carolina de la Hoz Schilling","2233019","DNA sequence reads"
"banc-darguin-de-la-hoz-schilling-2021:occurrence:54d7c981d83b9a8706a43cfb8274b9e4","Zanobatus schoenleinii","urn:lsid:marinespecies.org:taxname:283210","2020-12-14","Mauritania","Belkeiznaya",19.902757,-16.308,"present","MaterialSample",1,"DNA sequence reads","Seagrass matte?","Carolina de la Hoz Schilling","2233019","DNA sequence reads"
"banc-darguin-de-la-hoz-schilling-2021:occurrence:d1efa99839b7a48656468162ac17a1fc","Dasyatis pastinaca","urn:lsid:marinespecies.org:taxname:105851","2020-11-07","Mauritania","Idis",19.525811,-16.495327,"present","MaterialSample",3,"DNA sequence reads","no information","Carolina de la Hoz Schilling","2233019","DNA sequence reads"
"banc-darguin-de-la-hoz-schilling-2021:occurrence:c84d8d105d0966372eefad2b07e48da8","Fontitrygon","urn:lsid:marinespecies.org:taxname:1042820","2020-11-07","Mauritania","Idis",19.525811,-16.495327,"present","MaterialSample",1,"DNA sequence reads","no information","Carolina de la Hoz Schilling","2233019","DNA sequence reads"
"banc-darguin-de-la-hoz-schilling-2021:occurrence:27985c51c97f06152b1bbb25e0196db2","Glaucostegus cemiculus","urn:lsid:marinespecies.org:taxname:1016062","2020-11-07","Mauritania","Idis",19.525811,-16.495327,"present","MaterialSample",65,"DNA sequence reads","no information","Carolina de la Hoz Schilling","2233019","DNA sequence reads"
"banc-darguin-de-la-hoz-schilling-2021:occurrence:7bffd77ad1c62bfd5dcbc0797d4391d8","Gymnura altavela","urn:lsid:marinespecies.org:taxname:105856","2020-11-07","Mauritania","Idis",19.525811,-16.495327,"present","MaterialSample",510,"DNA sequence reads","no information","Carolina de la Hoz Schilling","2233019","DNA sequence reads"
"banc-darguin-de-la-hoz-schilling-2021:occurrence:12a06eb193d9115b1fcb9742470b9c49","Gymnura","urn:lsid:marinespecies.org:taxname:105754","2020-11-07","Mauritania","Idis",19.525811,-16.495327,"present","MaterialSample",156,"DNA sequence reads","no information","Carolina de la Hoz Schilling","2233019","DNA sequence reads"
"banc-darguin-de-la-hoz-schilling-2021:occurrence:f6a51489e9e93fc61bf81bcee64b7f3d","Hypanus rudis","urn:lsid:marinespecies.org:taxname:1042863","2020-11-07","Mauritania","Idis",19.525811,-16.495327,"present","MaterialSample",68,"DNA sequence reads","no information","Carolina de la Hoz Schilling","2233019","DNA sequence reads"
"banc-darguin-de-la-hoz-schilling-2021:occurrence:c31fb473dc5c7b82b3eef006f600dc4b","Rhinobatos rhinobatos","urn:lsid:marinespecies.org:taxname:105898","2020-11-07","Mauritania","Idis",19.525811,-16.495327,"present","MaterialSample",783,"DNA sequence reads","no information","Carolina de la Hoz Schilling","2233019","DNA sequence reads"
"banc-darguin-de-la-hoz-schilling-2021:occurrence:5141a393d5c5c2888ba526b6b5090604","Rhizoprionodon acutus","urn:lsid:marinespecies.org:taxname:105802","2020-11-07","Mauritania","Idis",19.525811,-16.495327,"present","MaterialSample",691,"DNA sequence reads","no information","Carolina de la Hoz Schilling","2233019","DNA sequence reads"
"banc-darguin-de-la-hoz-schilling-2021:occurrence:18f08c6433bc0463d3b0a63cdc465418","Scyliorhinus canicula","urn:lsid:marinespecies.org:taxname:105814","2020-11-07","Mauritania","Idis",19.525811,-16.495327,"present","MaterialSample",1,"DNA sequence reads","no information","Carolina de la Hoz Schilling","2233019","DNA sequence reads"
"banc-darguin-de-la-hoz-schilling-2021:occurrence:7bd7e2d35c8689729157f04c8a33b74f","Squalus acanthias","urn:lsid:marinespecies.org:taxname:105923","2020-11-07","Mauritania","Idis",19.525811,-16.495327,"present","MaterialSample",1,"DNA sequence reads","no information","Carolina de la Hoz Schilling","2233019","DNA sequence reads"
"banc-darguin-de-la-hoz-schilling-2021:occurrence:3abe1bd841aa0283f04a9da6fe89a1c2","Torpedo","urn:lsid:marinespecies.org:taxname:826639","2020-11-07","Mauritania","Idis",19.525811,-16.495327,"present","MaterialSample",1,"DNA sequence reads","no information","Carolina de la Hoz Schilling","2233019","DNA sequence reads"
"banc-darguin-de-la-hoz-schilling-2021:occurrence:de825e433deb6fd83c5ba362766995e3","Zanobatus schoenleinii","urn:lsid:marinespecies.org:taxname:283210","2020-11-07","Mauritania","Idis",19.525811,-16.495327,"present","MaterialSample",3,"DNA sequence reads","no information","Carolina de la Hoz Schilling","2233019","DNA sequence reads"
"banc-darguin-de-la-hoz-schilling-2021:occurrence:8bc1e490c4373e76696a7c78afde1c32","Carcharhinus obscurus","urn:lsid:marinespecies.org:taxname:105796","2020-02-14","Mauritania","Mid Banc d'Arguin",20.58314,-16.64489,"present","MaterialSample",59,"DNA sequence reads","no information","Carolina de la Hoz Schilling","2233019","DNA sequence reads"
"banc-darguin-de-la-hoz-schilling-2021:occurrence:85fbfe5272d67935b5fea4a6c0f05603","Dasyatis marmorata","urn:lsid:marinespecies.org:taxname:271445","2020-02-14","Mauritania","Mid Banc d'Arguin",20.58314,-16.64489,"present","MaterialSample",1,"DNA sequence reads","no information","Carolina de la Hoz Schilling","2233019","DNA sequence reads"
"banc-darguin-de-la-hoz-schilling-2021:occurrence:4d9fb8a5e1416457dc273f90d8c63ecc","Fontitrygon","urn:lsid:marinespecies.org:taxname:1042820","2020-02-14","Mauritania","Mid Banc d'Arguin",20.58314,-16.64489,"present","MaterialSample",15,"DNA sequence reads","no information","Carolina de la Hoz Schilling","2233019","DNA sequence reads"
"banc-darguin-de-la-hoz-schilling-2021:occurrence:e610420c8ee5410ec50dca037a784eea","Glaucostegus cemiculus","urn:lsid:marinespecies.org:taxname:1016062","2020-02-14","Mauritania","Mid Banc d'Arguin",20.58314,-16.64489,"present","MaterialSample",8,"DNA sequence reads","no information","Carolina de la Hoz Schilling","2233019","DNA sequence reads"
"banc-darguin-de-la-hoz-schilling-2021:occurrence:18c416ae8bc69294caa37c8052139d8f","Gymnura altavela","urn:lsid:marinespecies.org:taxname:105856","2020-02-14","Mauritania","Mid Banc d'Arguin",20.58314,-16.64489,"present","MaterialSample",19,"DNA sequence reads","no information","Carolina de la Hoz Schilling","2233019","DNA sequence reads"
"banc-darguin-de-la-hoz-schilling-2021:occurrence:f34ce93bcc90a3c1da0142de2d904a93","Gymnura","urn:lsid:marinespecies.org:taxname:105754","2020-02-14","Mauritania","Mid Banc d'Arguin",20.58314,-16.64489,"present","MaterialSample",10,"DNA sequence reads","no information","Carolina de la Hoz Schilling","2233019","DNA sequence reads"
"banc-darguin-de-la-hoz-schilling-2021:occurrence:d293a86ae71bfce55bbb207856362dfd","Hypanus rudis","urn:lsid:marinespecies.org:taxname:1042863","2020-02-14","Mauritania","Mid Banc d'Arguin",20.58314,-16.64489,"present","MaterialSample",1,"DNA sequence reads","no information","Carolina de la Hoz Schilling","2233019","DNA sequence reads"
"banc-darguin-de-la-hoz-schilling-2021:occurrence:76efff22ed622e517b43b0d634de154a","Leptocharias smithii","urn:lsid:marinespecies.org:taxname:105804","2020-02-14","Mauritania","Mid Banc d'Arguin",20.58314,-16.64489,"present","MaterialSample",1,"DNA sequence reads","no information","Carolina de la Hoz Schilling","2233019","DNA sequence reads"
"banc-darguin-de-la-hoz-schilling-2021:occurrence:fb7a85e67888662ba1cf835d21492d6e","Mustelus punctulatus","urn:lsid:marinespecies.org:taxname:105823","2020-02-14","Mauritania","Mid Banc d'Arguin",20.58314,-16.64489,"present","MaterialSample",27,"DNA sequence reads","no information","Carolina de la Hoz Schilling","2233019","DNA sequence reads"
"banc-darguin-de-la-hoz-schilling-2021:occurrence:c4df5b452b7b454fb1e5cb467f286e80","Myliobatis","urn:lsid:marinespecies.org:taxname:105757","2020-02-14","Mauritania","Mid Banc d'Arguin",20.58314,-16.64489,"present","MaterialSample",1,"DNA sequence reads","no information","Carolina de la Hoz Schilling","2233019","DNA sequence reads"
"banc-darguin-de-la-hoz-schilling-2021:occurrence:3c662d6d9d657b867527a7125ec3e860","Paragaleus pectoralis","urn:lsid:marinespecies.org:taxname:105803","2020-02-14","Mauritania","Mid Banc d'Arguin",20.58314,-16.64489,"present","MaterialSample",2,"DNA sequence reads","no information","Carolina de la Hoz Schilling","2233019","DNA sequence reads"
"banc-darguin-de-la-hoz-schilling-2021:occurrence:7c685a57d43ba294b4e2222831b43aed","Rhinobatos rhinobatos","urn:lsid:marinespecies.org:taxname:105898","2020-02-14","Mauritania","Mid Banc d'Arguin",20.58314,-16.64489,"present","MaterialSample",16,"DNA sequence reads","no information","Carolina de la Hoz Schilling","2233019","DNA sequence reads"
"banc-darguin-de-la-hoz-schilling-2021:occurrence:a1de683073e3387baf7e1bf58a8c4369","Rhinoptera marginata","urn:lsid:marinespecies.org:taxname:105862","2020-02-14","Mauritania","Mid Banc d'Arguin",20.58314,-16.64489,"present","MaterialSample",3,"DNA sequence reads","no information","Carolina de la Hoz Schilling","2233019","DNA sequence reads"
"banc-darguin-de-la-hoz-schilling-2021:occurrence:342e8c3a7f909fc22a0ab9750c63da7f","Rhizoprionodon acutus","urn:lsid:marinespecies.org:taxname:105802","2020-02-14","Mauritania","Mid Banc d'Arguin",20.58314,-16.64489,"present","MaterialSample",21,"DNA sequence reads","no information","Carolina de la Hoz Schilling","2233019","DNA sequence reads"
"banc-darguin-de-la-hoz-schilling-2021:occurrence:969eb7bb0be11deb8c454c837bace339","Scyliorhinus canicula","urn:lsid:marinespecies.org:taxname:105814","2020-02-14","Mauritania","Mid Banc d'Arguin",20.58314,-16.64489,"present","MaterialSample",2,"DNA sequence reads","no information","Carolina de la Hoz Schilling","2233019","DNA sequence reads"
"banc-darguin-de-la-hoz-schilling-2021:occurrence:2c01d5d41e17c5bfd8373c861d8abf42","Squalus acanthias","urn:lsid:marinespecies.org:taxname:105923","2020-02-14","Mauritania","Mid Banc d'Arguin",20.58314,-16.64489,"present","MaterialSample",18,"DNA sequence reads","no information","Carolina de la Hoz Schilling","2233019","DNA sequence reads"
"banc-darguin-de-la-hoz-schilling-2021:occurrence:b932eb58404ff997d9ae176e63b8cb9b","Taeniura grabata","urn:lsid:marinespecies.org:taxname:105855","2020-02-14","Mauritania","Mid Banc d'Arguin",20.58314,-16.64489,"present","MaterialSample",2,"DNA sequence reads","no information","Carolina de la Hoz Schilling","2233019","DNA sequence reads"
"banc-darguin-de-la-hoz-schilling-2021:occurrence:df21d0de53de2d21cb18cd19fe4ac1a3","Zanobatus schoenleinii","urn:lsid:marinespecies.org:taxname:283210","2020-02-14","Mauritania","Mid Banc d'Arguin",20.58314,-16.64489,"present","MaterialSample",1,"DNA sequence reads","no information","Carolina de la Hoz Schilling","2233019","DNA sequence reads"
"banc-darguin-de-la-hoz-schilling-2021:occurrence:7cddd25346505ad27c49622daa3af1ae","Aetomylaeus bovinus","urn:lsid:marinespecies.org:taxname:871951","2020-11-04","Mauritania","Iwik",19.877914,-16.304943,"present","MaterialSample",3,"DNA sequence reads","","Carolina de la Hoz Schilling","2233019","DNA sequence reads"
"banc-darguin-de-la-hoz-schilling-2021:occurrence:c2afb3b409f5b9a51bc4ec69d06a709b","Carcharhinus obscurus","urn:lsid:marinespecies.org:taxname:105796","2020-11-04","Mauritania","Iwik",19.877914,-16.304943,"present","MaterialSample",1,"DNA sequence reads","","Carolina de la Hoz Schilling","2233019","DNA sequence reads"
"banc-darguin-de-la-hoz-schilling-2021:occurrence:869c155387a3e21d67fd3800f98421f9","Dasyatis marmorata","urn:lsid:marinespecies.org:taxname:271445","2020-11-04","Mauritania","Iwik",19.877914,-16.304943,"present","MaterialSample",1115,"DNA sequence reads","","Carolina de la Hoz Schilling","2233019","DNA sequence reads"
"banc-darguin-de-la-hoz-schilling-2021:occurrence:0c334adb4368b83c40a93a74ed28758f","Fontitrygon","urn:lsid:marinespecies.org:taxname:1042820","2020-11-04","Mauritania","Iwik",19.877914,-16.304943,"present","MaterialSample",26,"DNA sequence reads","","Carolina de la Hoz Schilling","2233019","DNA sequence reads"
"banc-darguin-de-la-hoz-schilling-2021:occurrence:68dc654f7b924e8bf14db12adbbc2135","Ginglymostoma cirratum","urn:lsid:marinespecies.org:taxname:105846","2020-11-04","Mauritania","Iwik",19.877914,-16.304943,"present","MaterialSample",1,"DNA sequence reads","","Carolina de la Hoz Schilling","2233019","DNA sequence reads"
"banc-darguin-de-la-hoz-schilling-2021:occurrence:9dfe3f057e6ff6868f1fd77f67e29558","Gymnura altavela","urn:lsid:marinespecies.org:taxname:105856","2020-11-04","Mauritania","Iwik",19.877914,-16.304943,"present","MaterialSample",295,"DNA sequence reads","","Carolina de la Hoz Schilling","2233019","DNA sequence reads"
"banc-darguin-de-la-hoz-schilling-2021:occurrence:296f4315682c686e8c591d6ba861cf7d","Gymnura","urn:lsid:marinespecies.org:taxname:105754","2020-11-04","Mauritania","Iwik",19.877914,-16.304943,"present","MaterialSample",5,"DNA sequence reads","","Carolina de la Hoz Schilling","2233019","DNA sequence reads"
"banc-darguin-de-la-hoz-schilling-2021:occurrence:eca19157e6f30fe1b16c66f8df19301b","Heptranchias perlo","urn:lsid:marinespecies.org:taxname:105832","2020-11-04","Mauritania","Iwik",19.877914,-16.304943,"present","MaterialSample",246,"DNA sequence reads","","Carolina de la Hoz Schilling","2233019","DNA sequence reads"
"banc-darguin-de-la-hoz-schilling-2021:occurrence:f7576a35843822c57d030908efe2cd30","Hypanus rudis","urn:lsid:marinespecies.org:taxname:1042863","2020-11-04","Mauritania","Iwik",19.877914,-16.304943,"present","MaterialSample",417,"DNA sequence reads","","Carolina de la Hoz Schilling","2233019","DNA sequence reads"
"banc-darguin-de-la-hoz-schilling-2021:occurrence:3cd1df9a4a0c4d774b7fa16908291df8","Leptocharias smithii","urn:lsid:marinespecies.org:taxname:105804","2020-11-04","Mauritania","Iwik",19.877914,-16.304943,"present","MaterialSample",5,"DNA sequence reads","","Carolina de la Hoz Schilling","2233019","DNA sequence reads"
"banc-darguin-de-la-hoz-schilling-2021:occurrence:21557af3c2bf72b01262982264d9c412","Prionace glauca","urn:lsid:marinespecies.org:taxname:105801","2020-11-04","Mauritania","Iwik",19.877914,-16.304943,"present","MaterialSample",2,"DNA sequence reads","","Carolina de la Hoz Schilling","2233019","DNA sequence reads"
"banc-darguin-de-la-hoz-schilling-2021:occurrence:8124b19ad231d4ddcd6a2e0c32d42583","Rhinobatos rhinobatos","urn:lsid:marinespecies.org:taxname:105898","2020-11-04","Mauritania","Iwik",19.877914,-16.304943,"present","MaterialSample",6,"DNA sequence reads","","Carolina de la Hoz Schilling","2233019","DNA sequence reads"
"banc-darguin-de-la-hoz-schilling-2021:occurrence:e1880645d1e84069c2d6e6c13c33ce5f","Rhinoptera marginata","urn:lsid:marinespecies.org:taxname:105862","2020-11-04","Mauritania","Iwik",19.877914,-16.304943,"present","MaterialSample",14,"DNA sequence reads","","Carolina de la Hoz Schilling","2233019","DNA sequence reads"
"banc-darguin-de-la-hoz-schilling-2021:occurrence:86eba34a5f45ddd8cd3b1613dda9bc2b","Rhizoprionodon acutus","urn:lsid:marinespecies.org:taxname:105802","2020-11-04","Mauritania","Iwik",19.877914,-16.304943,"present","MaterialSample",29,"DNA sequence reads","","Carolina de la Hoz Schilling","2233019","DNA sequence reads"
"banc-darguin-de-la-hoz-schilling-2021:occurrence:ce635b0785ac1b341428055a3882f0dd","Squalus acanthias","urn:lsid:marinespecies.org:taxname:105923","2020-11-04","Mauritania","Iwik",19.877914,-16.304943,"present","MaterialSample",7,"DNA sequence reads","","Carolina de la Hoz Schilling","2233019","DNA sequence reads"
"banc-darguin-de-la-hoz-schilling-2021:occurrence:b264ff2867176c7e7bc46620ad7c8c61","Torpedo","urn:lsid:marinespecies.org:taxname:826639","2020-11-04","Mauritania","Iwik",19.877914,-16.304943,"present","MaterialSample",758,"DNA sequence reads","","Carolina de la Hoz Schilling","2233019","DNA sequence reads"
"banc-darguin-de-la-hoz-schilling-2021:occurrence:8449a95fa2652761e15fce01625280d0","Zanobatus schoenleinii","urn:lsid:marinespecies.org:taxname:283210","2020-11-04","Mauritania","Iwik",19.877914,-16.304943,"present","MaterialSample",426,"DNA sequence reads","","Carolina de la Hoz Schilling","2233019","DNA sequence reads"
"banc-darguin-de-la-hoz-schilling-2021:occurrence:53dc54bb5e15205d5d9b734adeca14bd","Aetomylaeus bovinus","urn:lsid:marinespecies.org:taxname:871951","2020-12-16","Mauritania","Kiji",19.73805,-16.49369,"present","MaterialSample",55,"DNA sequence reads","no information","Carolina de la Hoz Schilling","2233019","DNA sequence reads"
"banc-darguin-de-la-hoz-schilling-2021:occurrence:4d3337e779ebc7e4c7fd5f717afd5e1a","Carcharhinus obscurus","urn:lsid:marinespecies.org:taxname:105796","2020-12-16","Mauritania","Kiji",19.73805,-16.49369,"present","MaterialSample",1,"DNA sequence reads","no information","Carolina de la Hoz Schilling","2233019","DNA sequence reads"
"banc-darguin-de-la-hoz-schilling-2021:occurrence:f8268a90230579ab0c31b7727f177c88","Fontitrygon","urn:lsid:marinespecies.org:taxname:1042820","2020-12-16","Mauritania","Kiji",19.73805,-16.49369,"present","MaterialSample",7,"DNA sequence reads","no information","Carolina de la Hoz Schilling","2233019","DNA sequence reads"
"banc-darguin-de-la-hoz-schilling-2021:occurrence:059d9df50f7b24d886c86b4639251dfb","Ginglymostoma cirratum","urn:lsid:marinespecies.org:taxname:105846","2020-12-16","Mauritania","Kiji",19.73805,-16.49369,"present","MaterialSample",1,"DNA sequence reads","no information","Carolina de la Hoz Schilling","2233019","DNA sequence reads"
"banc-darguin-de-la-hoz-schilling-2021:occurrence:0a21c3f41f02dd997fd0624534e3ba52","Glaucostegus cemiculus","urn:lsid:marinespecies.org:taxname:1016062","2020-12-16","Mauritania","Kiji",19.73805,-16.49369,"present","MaterialSample",4,"DNA sequence reads","no information","Carolina de la Hoz Schilling","2233019","DNA sequence reads"
"banc-darguin-de-la-hoz-schilling-2021:occurrence:5026d99f72d955559298e51c8b022461","Gymnura altavela","urn:lsid:marinespecies.org:taxname:105856","2020-12-16","Mauritania","Kiji",19.73805,-16.49369,"present","MaterialSample",17,"DNA sequence reads","no information","Carolina de la Hoz Schilling","2233019","DNA sequence reads"
"banc-darguin-de-la-hoz-schilling-2021:occurrence:ea7b06a49a671180f28cd8a2a79d4a16","Gymnura","urn:lsid:marinespecies.org:taxname:105754","2020-12-16","Mauritania","Kiji",19.73805,-16.49369,"present","MaterialSample",4,"DNA sequence reads","no information","Carolina de la Hoz Schilling","2233019","DNA sequence reads"
"banc-darguin-de-la-hoz-schilling-2021:occurrence:b6123fe0543b08dfa36e5d1666b3f704","Hypanus rudis","urn:lsid:marinespecies.org:taxname:1042863","2020-12-16","Mauritania","Kiji",19.73805,-16.49369,"present","MaterialSample",56,"DNA sequence reads","no information","Carolina de la Hoz Schilling","2233019","DNA sequence reads"
"banc-darguin-de-la-hoz-schilling-2021:occurrence:5e8701d549aed77a43bdf348cbdd95b6","Mustelus punctulatus","urn:lsid:marinespecies.org:taxname:105823","2020-12-16","Mauritania","Kiji",19.73805,-16.49369,"present","MaterialSample",1,"DNA sequence reads","no information","Carolina de la Hoz Schilling","2233019","DNA sequence reads"
"banc-darguin-de-la-hoz-schilling-2021:occurrence:3be4c5f548bd24736845c2b26b901b30","Rhinoptera marginata","urn:lsid:marinespecies.org:taxname:105862","2020-12-16","Mauritania","Kiji",19.73805,-16.49369,"present","MaterialSample",4,"DNA sequence reads","no information","Carolina de la Hoz Schilling","2233019","DNA sequence reads"
"banc-darguin-de-la-hoz-schilling-2021:occurrence:dcd4acb7534037232d3ad53ead71eb6b","Rhizoprionodon acutus","urn:lsid:marinespecies.org:taxname:105802","2020-12-16","Mauritania","Kiji",19.73805,-16.49369,"present","MaterialSample",27,"DNA sequence reads","no information","Carolina de la Hoz Schilling","2233019","DNA sequence reads"
"banc-darguin-de-la-hoz-schilling-2021:occurrence:e2b2e75e97d65340a74932fcafbf07ce","Taeniura grabata","urn:lsid:marinespecies.org:taxname:105855","2020-12-16","Mauritania","Kiji",19.73805,-16.49369,"present","MaterialSample",429,"DNA sequence reads","no information","Carolina de la Hoz Schilling","2233019","DNA sequence reads"
"banc-darguin-de-la-hoz-schilling-2021:occurrence:33259c83cf797941c0e974d572d5a213","Torpedo","urn:lsid:marinespecies.org:taxname:826639","2020-12-16","Mauritania","Kiji",19.73805,-16.49369,"present","MaterialSample",62,"DNA sequence reads","no information","Carolina de la Hoz Schilling","2233019","DNA sequence reads"
"banc-darguin-de-la-hoz-schilling-2021:occurrence:e00f14b2ba69287d9fbe9d60c87d7277","Zanobatus schoenleinii","urn:lsid:marinespecies.org:taxname:283210","2020-12-16","Mauritania","Kiji",19.73805,-16.49369,"present","MaterialSample",26,"DNA sequence reads","no information","Carolina de la Hoz Schilling","2233019","DNA sequence reads"
"banc-darguin-de-la-hoz-schilling-2021:occurrence:92e9e392fda083e1960a4805e6e3f068","Aetomylaeus bovinus","urn:lsid:marinespecies.org:taxname:871951","2020-12-13","Mauritania","L'oeil",19.37359,-16.53738,"present","MaterialSample",7,"DNA sequence reads","No vegetation","Carolina de la Hoz Schilling","2233019","DNA sequence reads"
"banc-darguin-de-la-hoz-schilling-2021:occurrence:f1b2cabdf7c5bfbec643b34f6aff2744","Carcharhinus obscurus","urn:lsid:marinespecies.org:taxname:105796","2020-12-13","Mauritania","L'oeil",19.37359,-16.53738,"present","MaterialSample",1,"DNA sequence reads","No vegetation","Carolina de la Hoz Schilling","2233019","DNA sequence reads"
"banc-darguin-de-la-hoz-schilling-2021:occurrence:770414414e34446e297bdc46ce268569","Dasyatis marmorata","urn:lsid:marinespecies.org:taxname:271445","2020-12-13","Mauritania","L'oeil",19.37359,-16.53738,"present","MaterialSample",2,"DNA sequence reads","No vegetation","Carolina de la Hoz Schilling","2233019","DNA sequence reads"
"banc-darguin-de-la-hoz-schilling-2021:occurrence:a2a05fa74ce7de544c267552620a4fc1","Fontitrygon","urn:lsid:marinespecies.org:taxname:1042820","2020-12-13","Mauritania","L'oeil",19.37359,-16.53738,"present","MaterialSample",9,"DNA sequence reads","No vegetation","Carolina de la Hoz Schilling","2233019","DNA sequence reads"
"banc-darguin-de-la-hoz-schilling-2021:occurrence:7cfa8f3ed93ffd12d7c5098cf0101717","Glaucostegus cemiculus","urn:lsid:marinespecies.org:taxname:1016062","2020-12-13","Mauritania","L'oeil",19.37359,-16.53738,"present","MaterialSample",95,"DNA sequence reads","No vegetation","Carolina de la Hoz Schilling","2233019","DNA sequence reads"
"banc-darguin-de-la-hoz-schilling-2021:occurrence:02d897483d8b48682ef27a4897a758e1","Gymnura altavela","urn:lsid:marinespecies.org:taxname:105856","2020-12-13","Mauritania","L'oeil",19.37359,-16.53738,"present","MaterialSample",90,"DNA sequence reads","No vegetation","Carolina de la Hoz Schilling","2233019","DNA sequence reads"
"banc-darguin-de-la-hoz-schilling-2021:occurrence:d512e5533370f6fb8b26dde4e5fd8014","Gymnura","urn:lsid:marinespecies.org:taxname:105754","2020-12-13","Mauritania","L'oeil",19.37359,-16.53738,"present","MaterialSample",108,"DNA sequence reads","No vegetation","Carolina de la Hoz Schilling","2233019","DNA sequence reads"
"banc-darguin-de-la-hoz-schilling-2021:occurrence:ae60ef5f46a112306976c4b933a6d51f","Hypanus rudis","urn:lsid:marinespecies.org:taxname:1042863","2020-12-13","Mauritania","L'oeil",19.37359,-16.53738,"present","MaterialSample",1,"DNA sequence reads","No vegetation","Carolina de la Hoz Schilling","2233019","DNA sequence reads"
"banc-darguin-de-la-hoz-schilling-2021:occurrence:7eeca93ee7a6ddbc1651bc6588878035","Isurus oxyrinchus","urn:lsid:marinespecies.org:taxname:105839","2020-12-13","Mauritania","L'oeil",19.37359,-16.53738,"present","MaterialSample",2,"DNA sequence reads","No vegetation","Carolina de la Hoz Schilling","2233019","DNA sequence reads"
"banc-darguin-de-la-hoz-schilling-2021:occurrence:b1ad611f7f21fedb7ae8ed3a90ddd04e","Leptocharias smithii","urn:lsid:marinespecies.org:taxname:105804","2020-12-13","Mauritania","L'oeil",19.37359,-16.53738,"present","MaterialSample",4,"DNA sequence reads","No vegetation","Carolina de la Hoz Schilling","2233019","DNA sequence reads"
"banc-darguin-de-la-hoz-schilling-2021:occurrence:73d22dd5e5b47fcfbeeaad61b117c5fd","Mustelus punctulatus","urn:lsid:marinespecies.org:taxname:105823","2020-12-13","Mauritania","L'oeil",19.37359,-16.53738,"present","MaterialSample",4,"DNA sequence reads","No vegetation","Carolina de la Hoz Schilling","2233019","DNA sequence reads"
"banc-darguin-de-la-hoz-schilling-2021:occurrence:25187a04ec0e86c68060a09c5e40968b","Myliobatis","urn:lsid:marinespecies.org:taxname:105757","2020-12-13","Mauritania","L'oeil",19.37359,-16.53738,"present","MaterialSample",1,"DNA sequence reads","No vegetation","Carolina de la Hoz Schilling","2233019","DNA sequence reads"
"banc-darguin-de-la-hoz-schilling-2021:occurrence:a6d73529fe0b34ea22d14999fcb8871a","Paragaleus pectoralis","urn:lsid:marinespecies.org:taxname:105803","2020-12-13","Mauritania","L'oeil",19.37359,-16.53738,"present","MaterialSample",2,"DNA sequence reads","No vegetation","Carolina de la Hoz Schilling","2233019","DNA sequence reads"
"banc-darguin-de-la-hoz-schilling-2021:occurrence:c9b755f5b60f35115eb6d9fb46ef5ed1","Prionace glauca","urn:lsid:marinespecies.org:taxname:105801","2020-12-13","Mauritania","L'oeil",19.37359,-16.53738,"present","MaterialSample",1,"DNA sequence reads","No vegetation","Carolina de la Hoz Schilling","2233019","DNA sequence reads"
"banc-darguin-de-la-hoz-schilling-2021:occurrence:fc9c30d00c2f78cbf2cb93bd7b507774","Pteroplatytrygon violacea","urn:lsid:marinespecies.org:taxname:158540","2020-12-13","Mauritania","L'oeil",19.37359,-16.53738,"present","MaterialSample",121,"DNA sequence reads","No vegetation","Carolina de la Hoz Schilling","2233019","DNA sequence reads"
"banc-darguin-de-la-hoz-schilling-2021:occurrence:c32b85c8a1d42ce3cfebe27355354553","Rhinobatos rhinobatos","urn:lsid:marinespecies.org:taxname:105898","2020-12-13","Mauritania","L'oeil",19.37359,-16.53738,"present","MaterialSample",17138,"DNA sequence reads","No vegetation","Carolina de la Hoz Schilling","2233019","DNA sequence reads"
"banc-darguin-de-la-hoz-schilling-2021:occurrence:7543c7769a2ad519c69fc1cbb259e099","Rhinoptera marginata","urn:lsid:marinespecies.org:taxname:105862","2020-12-13","Mauritania","L'oeil",19.37359,-16.53738,"present","MaterialSample",5,"DNA sequence reads","No vegetation","Carolina de la Hoz Schilling","2233019","DNA sequence reads"
"banc-darguin-de-la-hoz-schilling-2021:occurrence:ad36fb924b09d35ae3ce051dd400ffb2","Rhizoprionodon acutus","urn:lsid:marinespecies.org:taxname:105802","2020-12-13","Mauritania","L'oeil",19.37359,-16.53738,"present","MaterialSample",5673,"DNA sequence reads","No vegetation","Carolina de la Hoz Schilling","2233019","DNA sequence reads"
"banc-darguin-de-la-hoz-schilling-2021:occurrence:b865919298a6b1b436e50082908a12fa","Squalus acanthias","urn:lsid:marinespecies.org:taxname:105923","2020-12-13","Mauritania","L'oeil",19.37359,-16.53738,"present","MaterialSample",36,"DNA sequence reads","No vegetation","Carolina de la Hoz Schilling","2233019","DNA sequence reads"
"banc-darguin-de-la-hoz-schilling-2021:occurrence:55f09c42498708e559cecab1ae9654a2","Torpedo","urn:lsid:marinespecies.org:taxname:826639","2020-12-13","Mauritania","L'oeil",19.37359,-16.53738,"present","MaterialSample",2,"DNA sequence reads","No vegetation","Carolina de la Hoz Schilling","2233019","DNA sequence reads"
"banc-darguin-de-la-hoz-schilling-2021:occurrence:0527cbeed5ecf0a449502f1ac236b609","Zanobatus schoenleinii","urn:lsid:marinespecies.org:taxname:283210","2020-12-13","Mauritania","L'oeil",19.37359,-16.53738,"present","MaterialSample",501,"DNA sequence reads","No vegetation","Carolina de la Hoz Schilling","2233019","DNA sequence reads"
"banc-darguin-de-la-hoz-schilling-2021:occurrence:aecb6adbf35b8b8b5451407bdce20adb","Alopias vulpinus","urn:lsid:marinespecies.org:taxname:105836","2020-11-07","Mauritania","Mamghar",19.355537,-16.516715,"present","MaterialSample",1,"DNA sequence reads","","Carolina de la Hoz Schilling","2233019","DNA sequence reads"
"banc-darguin-de-la-hoz-schilling-2021:occurrence:99d0e9ceeb1efdf047f1b74878374345","Carcharhinus obscurus","urn:lsid:marinespecies.org:taxname:105796","2020-11-07","Mauritania","Mamghar",19.355537,-16.516715,"present","MaterialSample",1,"DNA sequence reads","","Carolina de la Hoz Schilling","2233019","DNA sequence reads"
"banc-darguin-de-la-hoz-schilling-2021:occurrence:23ce70b6fbe0e171d3959f8d2e5701da","Fontitrygon margarita margaritella",,"2020-11-07","Mauritania","Mamghar",19.355537,-16.516715,"present","MaterialSample",3,"DNA sequence reads","","Carolina de la Hoz Schilling","2233019","DNA sequence reads"
"banc-darguin-de-la-hoz-schilling-2021:occurrence:e7406919b349dd9ff4f9d2717551a11b","Ginglymostoma cirratum","urn:lsid:marinespecies.org:taxname:105846","2020-11-07","Mauritania","Mamghar",19.355537,-16.516715,"present","MaterialSample",1,"DNA sequence reads","","Carolina de la Hoz Schilling","2233019","DNA sequence reads"
"banc-darguin-de-la-hoz-schilling-2021:occurrence:30dae1f865923f55af0e08ffd03072a3","Glaucostegus cemiculus","urn:lsid:marinespecies.org:taxname:1016062","2020-11-07","Mauritania","Mamghar",19.355537,-16.516715,"present","MaterialSample",36,"DNA sequence reads","","Carolina de la Hoz Schilling","2233019","DNA sequence reads"
"banc-darguin-de-la-hoz-schilling-2021:occurrence:756a00bc96b918f7a42a80018d898fd8","Gymnura altavela","urn:lsid:marinespecies.org:taxname:105856","2020-11-07","Mauritania","Mamghar",19.355537,-16.516715,"present","MaterialSample",1,"DNA sequence reads","","Carolina de la Hoz Schilling","2233019","DNA sequence reads"
"banc-darguin-de-la-hoz-schilling-2021:occurrence:c52ee4f799a875840ab9b138ffcd77cc","Gymnura","urn:lsid:marinespecies.org:taxname:105754","2020-11-07","Mauritania","Mamghar",19.355537,-16.516715,"present","MaterialSample",1,"DNA sequence reads","","Carolina de la Hoz Schilling","2233019","DNA sequence reads"
"banc-darguin-de-la-hoz-schilling-2021:occurrence:8e87f3785634b39f8bd86944d6398b9c","Heptranchias perlo","urn:lsid:marinespecies.org:taxname:105832","2020-11-07","Mauritania","Mamghar",19.355537,-16.516715,"present","MaterialSample",1,"DNA sequence reads","","Carolina de la Hoz Schilling","2233019","DNA sequence reads"
"banc-darguin-de-la-hoz-schilling-2021:occurrence:de1e9e8d84bf67f20c3ade024c2ff8cc","Hypanus rudis","urn:lsid:marinespecies.org:taxname:1042863","2020-11-07","Mauritania","Mamghar",19.355537,-16.516715,"present","MaterialSample",2,"DNA sequence reads","","Carolina de la Hoz Schilling","2233019","DNA sequence reads"
"banc-darguin-de-la-hoz-schilling-2021:occurrence:ab8f60f88152e3e80bf9ccf6267a100f","Isurus oxyrinchus","urn:lsid:marinespecies.org:taxname:105839","2020-11-07","Mauritania","Mamghar",19.355537,-16.516715,"present","MaterialSample",3,"DNA sequence reads","","Carolina de la Hoz Schilling","2233019","DNA sequence reads"
"banc-darguin-de-la-hoz-schilling-2021:occurrence:8a22b0ca4fef9c036f2a55aa022ff62f","Mustelus punctulatus","urn:lsid:marinespecies.org:taxname:105823","2020-11-07","Mauritania","Mamghar",19.355537,-16.516715,"present","MaterialSample",744,"DNA sequence reads","","Carolina de la Hoz Schilling","2233019","DNA sequence reads"
"banc-darguin-de-la-hoz-schilling-2021:occurrence:7c1b20890fa69e73fd5a233b0ddb4855","Rhinobatos rhinobatos","urn:lsid:marinespecies.org:taxname:105898","2020-11-07","Mauritania","Mamghar",19.355537,-16.516715,"present","MaterialSample",12,"DNA sequence reads","","Carolina de la Hoz Schilling","2233019","DNA sequence reads"
"banc-darguin-de-la-hoz-schilling-2021:occurrence:178b2af1112f2c0cc015c2534487c838","Rhinoptera marginata","urn:lsid:marinespecies.org:taxname:105862","2020-11-07","Mauritania","Mamghar",19.355537,-16.516715,"present","MaterialSample",9,"DNA sequence reads","","Carolina de la Hoz Schilling","2233019","DNA sequence reads"
"banc-darguin-de-la-hoz-schilling-2021:occurrence:a42c20ecf760c3d5269b9f64b08bfc04","Rhizoprionodon acutus","urn:lsid:marinespecies.org:taxname:105802","2020-11-07","Mauritania","Mamghar",19.355537,-16.516715,"present","MaterialSample",50,"DNA sequence reads","","Carolina de la Hoz Schilling","2233019","DNA sequence reads"
"banc-darguin-de-la-hoz-schilling-2021:occurrence:771f2f5b56a4b6e9081ac4085d78207e","Squalus acanthias","urn:lsid:marinespecies.org:taxname:105923","2020-11-07","Mauritania","Mamghar",19.355537,-16.516715,"present","MaterialSample",10,"DNA sequence reads","","Carolina de la Hoz Schilling","2233019","DNA sequence reads"
"banc-darguin-de-la-hoz-schilling-2021:occurrence:f25a80fd0425148e950e1300b5a8103f","Torpedo","urn:lsid:marinespecies.org:taxname:826639","2020-11-07","Mauritania","Mamghar",19.355537,-16.516715,"present","MaterialSample",1,"DNA sequence reads","","Carolina de la Hoz Schilling","2233019","DNA sequence reads"
"banc-darguin-de-la-hoz-schilling-2021:occurrence:83845f6333b8c208ddaeda503a239285","Zanobatus schoenleinii","urn:lsid:marinespecies.org:taxname:283210","2020-11-07","Mauritania","Mamghar",19.355537,-16.516715,"present","MaterialSample",264,"DNA sequence reads","","Carolina de la Hoz Schilling","2233019","DNA sequence reads"
"banc-darguin-de-la-hoz-schilling-2021:occurrence:b3f6b02f0e884807209c795bd61eb553","Aetomylaeus bovinus","urn:lsid:marinespecies.org:taxname:871951","2021-03-31","Mauritania","Mouzan",19.893577,-16.518452,"present","MaterialSample",2673,"DNA sequence reads","Seagrass","Carolina de la Hoz Schilling","2233019","DNA sequence reads"
"banc-darguin-de-la-hoz-schilling-2021:occurrence:362392dd51b55a9aa876f59b59402835","Dasyatis marmorata","urn:lsid:marinespecies.org:taxname:271445","2021-03-31","Mauritania","Mouzan",19.893577,-16.518452,"present","MaterialSample",3,"DNA sequence reads","Seagrass","Carolina de la Hoz Schilling","2233019","DNA sequence reads"
"banc-darguin-de-la-hoz-schilling-2021:occurrence:85c1e813fd6ba50018767c610ffdcbaa","Fontitrygon","urn:lsid:marinespecies.org:taxname:1042820","2021-03-31","Mauritania","Mouzan",19.893577,-16.518452,"present","MaterialSample",252,"DNA sequence reads","Seagrass","Carolina de la Hoz Schilling","2233019","DNA sequence reads"
"banc-darguin-de-la-hoz-schilling-2021:occurrence:b98f62c3272dc5efb2364fb0121cd4d0","Glaucostegus cemiculus","urn:lsid:marinespecies.org:taxname:1016062","2021-03-31","Mauritania","Mouzan",19.893577,-16.518452,"present","MaterialSample",51,"DNA sequence reads","Seagrass","Carolina de la Hoz Schilling","2233019","DNA sequence reads"
"banc-darguin-de-la-hoz-schilling-2021:occurrence:f5f703a2608df66daf00edb15843e8db","Gymnura altavela","urn:lsid:marinespecies.org:taxname:105856","2021-03-31","Mauritania","Mouzan",19.893577,-16.518452,"present","MaterialSample",55,"DNA sequence reads","Seagrass","Carolina de la Hoz Schilling","2233019","DNA sequence reads"
"banc-darguin-de-la-hoz-schilling-2021:occurrence:fa666a7b5d7cb58c198eaeead0e20860","Gymnura","urn:lsid:marinespecies.org:taxname:105754","2021-03-31","Mauritania","Mouzan",19.893577,-16.518452,"present","MaterialSample",3,"DNA sequence reads","Seagrass","Carolina de la Hoz Schilling","2233019","DNA sequence reads"
"banc-darguin-de-la-hoz-schilling-2021:occurrence:7279bedc558c706dca8ec4159f8c39ac","Hypanus rudis","urn:lsid:marinespecies.org:taxname:1042863","2021-03-31","Mauritania","Mouzan",19.893577,-16.518452,"present","MaterialSample",412,"DNA sequence reads","Seagrass","Carolina de la Hoz Schilling","2233019","DNA sequence reads"
"banc-darguin-de-la-hoz-schilling-2021:occurrence:566772a3b927f74ed6aa54f7dfe2ec2d","Isurus oxyrinchus","urn:lsid:marinespecies.org:taxname:105839","2021-03-31","Mauritania","Mouzan",19.893577,-16.518452,"present","MaterialSample",0,"DNA sequence reads","Seagrass","Carolina de la Hoz Schilling","2233019","DNA sequence reads"
"banc-darguin-de-la-hoz-schilling-2021:occurrence:ba82769fa186157eb4fccd39ca4e485f","Leptocharias smithii","urn:lsid:marinespecies.org:taxname:105804","2021-03-31","Mauritania","Mouzan",19.893577,-16.518452,"present","MaterialSample",59,"DNA sequence reads","Seagrass","Carolina de la Hoz Schilling","2233019","DNA sequence reads"
"banc-darguin-de-la-hoz-schilling-2021:occurrence:b1a23032e4daa4178b0e8d1adf38f474","Mustelus punctulatus","urn:lsid:marinespecies.org:taxname:105823","2021-03-31","Mauritania","Mouzan",19.893577,-16.518452,"present","MaterialSample",18,"DNA sequence reads","Seagrass","Carolina de la Hoz Schilling","2233019","DNA sequence reads"
"banc-darguin-de-la-hoz-schilling-2021:occurrence:b02b65d775c1ce0e062cb2105df475e0","Prionace glauca","urn:lsid:marinespecies.org:taxname:105801","2021-03-31","Mauritania","Mouzan",19.893577,-16.518452,"present","MaterialSample",2,"DNA sequence reads","Seagrass","Carolina de la Hoz Schilling","2233019","DNA sequence reads"
"banc-darguin-de-la-hoz-schilling-2021:occurrence:85a9ab64b4a1ad7ed60949372f8519dc","Rhinobatos rhinobatos","urn:lsid:marinespecies.org:taxname:105898","2021-03-31","Mauritania","Mouzan",19.893577,-16.518452,"present","MaterialSample",3212,"DNA sequence reads","Seagrass","Carolina de la Hoz Schilling","2233019","DNA sequence reads"
"banc-darguin-de-la-hoz-schilling-2021:occurrence:716677dfb62e0df09b784196c5fb2ad5","Rhinoptera marginata","urn:lsid:marinespecies.org:taxname:105862","2021-03-31","Mauritania","Mouzan",19.893577,-16.518452,"present","MaterialSample",1,"DNA sequence reads","Seagrass","Carolina de la Hoz Schilling","2233019","DNA sequence reads"
"banc-darguin-de-la-hoz-schilling-2021:occurrence:20f97957c35ae9145f4b5cf20d1d57c1","Rhizoprionodon acutus","urn:lsid:marinespecies.org:taxname:105802","2021-03-31","Mauritania","Mouzan",19.893577,-16.518452,"present","MaterialSample",116,"DNA sequence reads","Seagrass","Carolina de la Hoz Schilling","2233019","DNA sequence reads"
"banc-darguin-de-la-hoz-schilling-2021:occurrence:8ee6fda53782276dcd629f8567222930","Scyliorhinus canicula","urn:lsid:marinespecies.org:taxname:105814","2021-03-31","Mauritania","Mouzan",19.893577,-16.518452,"present","MaterialSample",2,"DNA sequence reads","Seagrass","Carolina de la Hoz Schilling","2233019","DNA sequence reads"
"banc-darguin-de-la-hoz-schilling-2021:occurrence:3c8cb2602acfc888bc7ddd4a8da46d36","Squalus acanthias","urn:lsid:marinespecies.org:taxname:105923","2021-03-31","Mauritania","Mouzan",19.893577,-16.518452,"present","MaterialSample",90,"DNA sequence reads","Seagrass","Carolina de la Hoz Schilling","2233019","DNA sequence reads"
"banc-darguin-de-la-hoz-schilling-2021:occurrence:b32b7e1824dfe6784558ff25039ac35b","Taeniura grabata","urn:lsid:marinespecies.org:taxname:105855","2021-03-31","Mauritania","Mouzan",19.893577,-16.518452,"present","MaterialSample",2,"DNA sequence reads","Seagrass","Carolina de la Hoz Schilling","2233019","DNA sequence reads"
"banc-darguin-de-la-hoz-schilling-2021:occurrence:0ec22a1e3a1c872bc403c1e9b7d0f95e","Torpedo","urn:lsid:marinespecies.org:taxname:826639","2021-03-31","Mauritania","Mouzan",19.893577,-16.518452,"present","MaterialSample",1,"DNA sequence reads","Seagrass","Carolina de la Hoz Schilling","2233019","DNA sequence reads"
"banc-darguin-de-la-hoz-schilling-2021:occurrence:2e1cb48133198ccf98837612574131aa","Zanobatus schoenleinii","urn:lsid:marinespecies.org:taxname:283210","2021-03-31","Mauritania","Mouzan",19.893577,-16.518452,"present","MaterialSample",5,"DNA sequence reads","Seagrass","Carolina de la Hoz Schilling","2233019","DNA sequence reads"
"banc-darguin-de-la-hoz-schilling-2021:occurrence:3d53e3d1bc5f6a652668837c67749b04","Aetomylaeus bovinus","urn:lsid:marinespecies.org:taxname:871951","2021-04-01","Mauritania","Nair",19.859644,-16.407293,"present","MaterialSample",1,"DNA sequence reads","Sand","Carolina de la Hoz Schilling","2233019","DNA sequence reads"
"banc-darguin-de-la-hoz-schilling-2021:occurrence:b5aa5fb8ec462d22ae4f6123a50b08e6","Carcharhinus obscurus","urn:lsid:marinespecies.org:taxname:105796","2021-04-01","Mauritania","Nair",19.859644,-16.407293,"present","MaterialSample",565,"DNA sequence reads","Sand","Carolina de la Hoz Schilling","2233019","DNA sequence reads"
"banc-darguin-de-la-hoz-schilling-2021:occurrence:14648e376ef39f9d1db84b863225034e","Dasyatis marmorata","urn:lsid:marinespecies.org:taxname:271445","2021-04-01","Mauritania","Nair",19.859644,-16.407293,"present","MaterialSample",1,"DNA sequence reads","Sand","Carolina de la Hoz Schilling","2233019","DNA sequence reads"
"banc-darguin-de-la-hoz-schilling-2021:occurrence:970c9155b8d84c0fd9540fde41f51cca","Fontitrygon","urn:lsid:marinespecies.org:taxname:1042820","2021-04-01","Mauritania","Nair",19.859644,-16.407293,"present","MaterialSample",352,"DNA sequence reads","Sand","Carolina de la Hoz Schilling","2233019","DNA sequence reads"
"banc-darguin-de-la-hoz-schilling-2021:occurrence:f557e9bad7f9590b9de7d17222a60789","Gymnura altavela","urn:lsid:marinespecies.org:taxname:105856","2021-04-01","Mauritania","Nair",19.859644,-16.407293,"present","MaterialSample",3,"DNA sequence reads","Sand","Carolina de la Hoz Schilling","2233019","DNA sequence reads"
"banc-darguin-de-la-hoz-schilling-2021:occurrence:63e74647582fac65434d32a18e4bf7e9","Mustelus punctulatus","urn:lsid:marinespecies.org:taxname:105823","2021-04-01","Mauritania","Nair",19.859644,-16.407293,"present","MaterialSample",1,"DNA sequence reads","Sand","Carolina de la Hoz Schilling","2233019","DNA sequence reads"
"banc-darguin-de-la-hoz-schilling-2021:occurrence:5e7221efd1c84a3676e5745091fcb586","Rhinobatos rhinobatos","urn:lsid:marinespecies.org:taxname:105898","2021-04-01","Mauritania","Nair",19.859644,-16.407293,"present","MaterialSample",4,"DNA sequence reads","Sand","Carolina de la Hoz Schilling","2233019","DNA sequence reads"
"banc-darguin-de-la-hoz-schilling-2021:occurrence:0e73edd4910f19f737968168926c1654","Rhinoptera marginata","urn:lsid:marinespecies.org:taxname:105862","2021-04-01","Mauritania","Nair",19.859644,-16.407293,"present","MaterialSample",2,"DNA sequence reads","Sand","Carolina de la Hoz Schilling","2233019","DNA sequence reads"
"banc-darguin-de-la-hoz-schilling-2021:occurrence:993024030e5863dea127709c7b387af0","Rhizoprionodon acutus","urn:lsid:marinespecies.org:taxname:105802","2021-04-01","Mauritania","Nair",19.859644,-16.407293,"present","MaterialSample",76,"DNA sequence reads","Sand","Carolina de la Hoz Schilling","2233019","DNA sequence reads"
"banc-darguin-de-la-hoz-schilling-2021:occurrence:f3d3f0e7daba64ee248879120d18a9be","Squalus acanthias","urn:lsid:marinespecies.org:taxname:105923","2021-04-01","Mauritania","Nair",19.859644,-16.407293,"present","MaterialSample",3,"DNA sequence reads","Sand","Carolina de la Hoz Schilling","2233019","DNA sequence reads"
"banc-darguin-de-la-hoz-schilling-2021:occurrence:719a4d858a8938f6ea2b9e31e68d3add","Zanobatus schoenleinii","urn:lsid:marinespecies.org:taxname:283210","2021-04-01","Mauritania","Nair",19.859644,-16.407293,"present","MaterialSample",1,"DNA sequence reads","Sand","Carolina de la Hoz Schilling","2233019","DNA sequence reads"
"banc-darguin-de-la-hoz-schilling-2021:occurrence:2ca701a20d96472676651d4302260989","Aetomylaeus bovinus","urn:lsid:marinespecies.org:taxname:871951","2020-11-01","Mauritania","Nouadhibou Processing Site",21.071735,-16.993395,"present","MaterialSample",602,"DNA sequence reads","","Carolina de la Hoz Schilling","2233019","DNA sequence reads"
"banc-darguin-de-la-hoz-schilling-2021:occurrence:5699090714d73d19b7854e0e5a82556c","Dasyatis pastinaca","urn:lsid:marinespecies.org:taxname:105851","2020-11-01","Mauritania","Nouadhibou Processing Site",21.071735,-16.993395,"present","MaterialSample",2,"DNA sequence reads","","Carolina de la Hoz Schilling","2233019","DNA sequence reads"
"banc-darguin-de-la-hoz-schilling-2021:occurrence:d538bcd217dc2838ffb795ba7a17480c","Dasyatis marmorata","urn:lsid:marinespecies.org:taxname:271445","2020-11-01","Mauritania","Nouadhibou Processing Site",21.071735,-16.993395,"present","MaterialSample",158,"DNA sequence reads","","Carolina de la Hoz Schilling","2233019","DNA sequence reads"
"banc-darguin-de-la-hoz-schilling-2021:occurrence:c19e5b57d46abec2e7c96cd9b8b2d30e","Fontitrygon","urn:lsid:marinespecies.org:taxname:1042820","2020-11-01","Mauritania","Nouadhibou Processing Site",21.071735,-16.993395,"present","MaterialSample",3,"DNA sequence reads","","Carolina de la Hoz Schilling","2233019","DNA sequence reads"
"banc-darguin-de-la-hoz-schilling-2021:occurrence:649e1614d77d57d59aa8b643c53bd0ee","Glaucostegus cemiculus","urn:lsid:marinespecies.org:taxname:1016062","2020-11-01","Mauritania","Nouadhibou Processing Site",21.071735,-16.993395,"present","MaterialSample",940,"DNA sequence reads","","Carolina de la Hoz Schilling","2233019","DNA sequence reads"
"banc-darguin-de-la-hoz-schilling-2021:occurrence:6a9b123dcbf7d2638b73ea870d9047a1","Gymnura altavela","urn:lsid:marinespecies.org:taxname:105856","2020-11-01","Mauritania","Nouadhibou Processing Site",21.071735,-16.993395,"present","MaterialSample",22790,"DNA sequence reads","","Carolina de la Hoz Schilling","2233019","DNA sequence reads"
"banc-darguin-de-la-hoz-schilling-2021:occurrence:fd3aca94ce70cb6349e7adec635f9b0c","Gymnura","urn:lsid:marinespecies.org:taxname:105754","2020-11-01","Mauritania","Nouadhibou Processing Site",21.071735,-16.993395,"present","MaterialSample",7163,"DNA sequence reads","","Carolina de la Hoz Schilling","2233019","DNA sequence reads"
"banc-darguin-de-la-hoz-schilling-2021:occurrence:06218df477071b50f9fe91cdf2ac4459","Hypanus rudis","urn:lsid:marinespecies.org:taxname:1042863","2020-11-01","Mauritania","Nouadhibou Processing Site",21.071735,-16.993395,"present","MaterialSample",9,"DNA sequence reads","","Carolina de la Hoz Schilling","2233019","DNA sequence reads"
"banc-darguin-de-la-hoz-schilling-2021:occurrence:5747a46f1a484c92934312906a7e2576","Leptocharias smithii","urn:lsid:marinespecies.org:taxname:105804","2020-11-01","Mauritania","Nouadhibou Processing Site",21.071735,-16.993395,"present","MaterialSample",177,"DNA sequence reads","","Carolina de la Hoz Schilling","2233019","DNA sequence reads"
"banc-darguin-de-la-hoz-schilling-2021:occurrence:86ab9eefd10a34fd4351723d87a027d8","Paragaleus pectoralis","urn:lsid:marinespecies.org:taxname:105803","2020-11-01","Mauritania","Nouadhibou Processing Site",21.071735,-16.993395,"present","MaterialSample",525,"DNA sequence reads","","Carolina de la Hoz Schilling","2233019","DNA sequence reads"
"banc-darguin-de-la-hoz-schilling-2021:occurrence:6fbbbf40cf92e5395a54cac071257d12","Prionace glauca","urn:lsid:marinespecies.org:taxname:105801","2020-11-01","Mauritania","Nouadhibou Processing Site",21.071735,-16.993395,"present","MaterialSample",2,"DNA sequence reads","","Carolina de la Hoz Schilling","2233019","DNA sequence reads"
"banc-darguin-de-la-hoz-schilling-2021:occurrence:d9adb073eecddbe6ceb0efb83eeaf33a","Raja undulata","urn:lsid:marinespecies.org:taxname:105891","2020-11-01","Mauritania","Nouadhibou Processing Site",21.071735,-16.993395,"present","MaterialSample",96,"DNA sequence reads","","Carolina de la Hoz Schilling","2233019","DNA sequence reads"
"banc-darguin-de-la-hoz-schilling-2021:occurrence:192e80bc07f3ce4df21829c942ef24a1","Rhinobatos rhinobatos","urn:lsid:marinespecies.org:taxname:105898","2020-11-01","Mauritania","Nouadhibou Processing Site",21.071735,-16.993395,"present","MaterialSample",39,"DNA sequence reads","","Carolina de la Hoz Schilling","2233019","DNA sequence reads"
"banc-darguin-de-la-hoz-schilling-2021:occurrence:6842ac37b12534cf5d8ecbbce0eed539","Rhinoptera marginata","urn:lsid:marinespecies.org:taxname:105862","2020-11-01","Mauritania","Nouadhibou Processing Site",21.071735,-16.993395,"present","MaterialSample",291,"DNA sequence reads","","Carolina de la Hoz Schilling","2233019","DNA sequence reads"
"banc-darguin-de-la-hoz-schilling-2021:occurrence:5e78f83154e4a4fcf6954466634439bc","Rhizoprionodon acutus","urn:lsid:marinespecies.org:taxname:105802","2020-11-01","Mauritania","Nouadhibou Processing Site",21.071735,-16.993395,"present","MaterialSample",30211,"DNA sequence reads","","Carolina de la Hoz Schilling","2233019","DNA sequence reads"
"banc-darguin-de-la-hoz-schilling-2021:occurrence:593902714278edd91ef175e23ec60669","Squalus acanthias","urn:lsid:marinespecies.org:taxname:105923","2020-11-01","Mauritania","Nouadhibou Processing Site",21.071735,-16.993395,"present","MaterialSample",7,"DNA sequence reads","","Carolina de la Hoz Schilling","2233019","DNA sequence reads"
"banc-darguin-de-la-hoz-schilling-2021:occurrence:7170c8fdfd9a39ca1ebf0055bdd785ad","Taeniura grabata","urn:lsid:marinespecies.org:taxname:105855","2020-11-01","Mauritania","Nouadhibou Processing Site",21.071735,-16.993395,"present","MaterialSample",520,"DNA sequence reads","","Carolina de la Hoz Schilling","2233019","DNA sequence reads"
"banc-darguin-de-la-hoz-schilling-2021:occurrence:bd59612f36c5e8f2d917d60a7682377d","Zanobatus schoenleinii","urn:lsid:marinespecies.org:taxname:283210","2020-11-01","Mauritania","Nouadhibou Processing Site",21.071735,-16.993395,"present","MaterialSample",1,"DNA sequence reads","","Carolina de la Hoz Schilling","2233019","DNA sequence reads"
"banc-darguin-de-la-hoz-schilling-2021:occurrence:7e335aa29381eb28a45af626f77f19e4","Galeocerdo cuvier","urn:lsid:marinespecies.org:taxname:105799","2020-11-01","Mauritania","Nouadhibou Processing Site",21.071735,-16.993395,"present","MaterialSample",38,"DNA sequence reads","","Carolina de la Hoz Schilling","2233019","DNA sequence reads"
"banc-darguin-de-la-hoz-schilling-2021:occurrence:69dee65a65ca22359d026bb890d1af56","Pseudotriakis microdon","urn:lsid:marinespecies.org:taxname:105805","2020-11-01","Mauritania","Nouadhibou Processing Site",21.071735,-16.993395,"present","MaterialSample",1,"DNA sequence reads","","Carolina de la Hoz Schilling","2233019","DNA sequence reads"
"banc-darguin-de-la-hoz-schilling-2021:occurrence:2bb256026c14cebc4e44d7434d211b8a","Sphyrna lewini","urn:lsid:marinespecies.org:taxname:105816","2020-11-01","Mauritania","Nouadhibou Processing Site",21.071735,-16.993395,"present","MaterialSample",6,"DNA sequence reads","","Carolina de la Hoz Schilling","2233019","DNA sequence reads"
"banc-darguin-de-la-hoz-schilling-2021:occurrence:b9a10668714ebb25696f37db76c6303a","Sphyrna mokarran","urn:lsid:marinespecies.org:taxname:105817","2020-11-01","Mauritania","Nouadhibou Processing Site",21.071735,-16.993395,"present","MaterialSample",1,"DNA sequence reads","","Carolina de la Hoz Schilling","2233019","DNA sequence reads"
"banc-darguin-de-la-hoz-schilling-2021:occurrence:d7554d1f192d9312fa09f29079773bfe","Sphyrna zygaena","urn:lsid:marinespecies.org:taxname:105819","2020-11-01","Mauritania","Nouadhibou Processing Site",21.071735,-16.993395,"present","MaterialSample",440,"DNA sequence reads","","Carolina de la Hoz Schilling","2233019","DNA sequence reads"
"banc-darguin-de-la-hoz-schilling-2021:occurrence:fab7dc859fe356031ebfc2f51fdb0fa8","Aetomylaeus bovinus","urn:lsid:marinespecies.org:taxname:871951","2020-11-01","Mauritania","Nouadhibou Processing Site",21.071735,-16.993395,"present","MaterialSample",1,"DNA sequence reads","","Carolina de la Hoz Schilling","2233019","DNA sequence reads"
"banc-darguin-de-la-hoz-schilling-2021:occurrence:d429de2e03380f4fd15baf500c12bd9c","Dasyatis pastinaca","urn:lsid:marinespecies.org:taxname:105851","2020-11-01","Mauritania","Nouadhibou Processing Site",21.071735,-16.993395,"present","MaterialSample",1,"DNA sequence reads","","Carolina de la Hoz Schilling","2233019","DNA sequence reads"
"banc-darguin-de-la-hoz-schilling-2021:occurrence:d0b583721e11a48fed93c746bfc624a3","Dasyatis marmorata","urn:lsid:marinespecies.org:taxname:271445","2020-11-01","Mauritania","Nouadhibou Processing Site",21.071735,-16.993395,"present","MaterialSample",55,"DNA sequence reads","","Carolina de la Hoz Schilling","2233019","DNA sequence reads"
"banc-darguin-de-la-hoz-schilling-2021:occurrence:c717a479d989ede8eea88f595b742337","Fontitrygon","urn:lsid:marinespecies.org:taxname:1042820","2020-11-01","Mauritania","Nouadhibou Processing Site",21.071735,-16.993395,"present","MaterialSample",2,"DNA sequence reads","","Carolina de la Hoz Schilling","2233019","DNA sequence reads"
"banc-darguin-de-la-hoz-schilling-2021:occurrence:fc13218241b80a9159424800b97c74ee","Ginglymostoma cirratum","urn:lsid:marinespecies.org:taxname:105846","2020-11-01","Mauritania","Nouadhibou Processing Site",21.071735,-16.993395,"present","MaterialSample",123,"DNA sequence reads","","Carolina de la Hoz Schilling","2233019","DNA sequence reads"
"banc-darguin-de-la-hoz-schilling-2021:occurrence:e709ec31a34ed06a02d6170253dd8717","Glaucostegus cemiculus","urn:lsid:marinespecies.org:taxname:1016062","2020-11-01","Mauritania","Nouadhibou Processing Site",21.071735,-16.993395,"present","MaterialSample",87,"DNA sequence reads","","Carolina de la Hoz Schilling","2233019","DNA sequence reads"
"banc-darguin-de-la-hoz-schilling-2021:occurrence:8de6155b8f8c8113d21dbff4113b5db2","Gymnura altavela","urn:lsid:marinespecies.org:taxname:105856","2020-11-01","Mauritania","Nouadhibou Processing Site",21.071735,-16.993395,"present","MaterialSample",24356,"DNA sequence reads","","Carolina de la Hoz Schilling","2233019","DNA sequence reads"
"banc-darguin-de-la-hoz-schilling-2021:occurrence:4e598240d4d64dd83d238de482d92f5a","Gymnura","urn:lsid:marinespecies.org:taxname:105754","2020-11-01","Mauritania","Nouadhibou Processing Site",21.071735,-16.993395,"present","MaterialSample",28,"DNA sequence reads","","Carolina de la Hoz Schilling","2233019","DNA sequence reads"
"banc-darguin-de-la-hoz-schilling-2021:occurrence:fc277c9e46952c783b3ce42691164448","Hypanus rudis","urn:lsid:marinespecies.org:taxname:1042863","2020-11-01","Mauritania","Nouadhibou Processing Site",21.071735,-16.993395,"present","MaterialSample",181,"DNA sequence reads","","Carolina de la Hoz Schilling","2233019","DNA sequence reads"
"banc-darguin-de-la-hoz-schilling-2021:occurrence:b19b2c0d616edbc855ed1bff86320edf","Leptocharias smithii","urn:lsid:marinespecies.org:taxname:105804","2020-11-01","Mauritania","Nouadhibou Processing Site",21.071735,-16.993395,"present","MaterialSample",17,"DNA sequence reads","","Carolina de la Hoz Schilling","2233019","DNA sequence reads"
"banc-darguin-de-la-hoz-schilling-2021:occurrence:f54e8633e31eeef7bf952173501bce00","Paragaleus pectoralis","urn:lsid:marinespecies.org:taxname:105803","2020-11-01","Mauritania","Nouadhibou Processing Site",21.071735,-16.993395,"present","MaterialSample",247,"DNA sequence reads","","Carolina de la Hoz Schilling","2233019","DNA sequence reads"
"banc-darguin-de-la-hoz-schilling-2021:occurrence:834218581d9087a63b3bdeda2277589e","Raja undulata","urn:lsid:marinespecies.org:taxname:105891","2020-11-01","Mauritania","Nouadhibou Processing Site",21.071735,-16.993395,"present","MaterialSample",101,"DNA sequence reads","","Carolina de la Hoz Schilling","2233019","DNA sequence reads"
"banc-darguin-de-la-hoz-schilling-2021:occurrence:96f234565b912ec54e1fc11b16b15908","Rhinobatos rhinobatos","urn:lsid:marinespecies.org:taxname:105898","2020-11-01","Mauritania","Nouadhibou Processing Site",21.071735,-16.993395,"present","MaterialSample",929,"DNA sequence reads","","Carolina de la Hoz Schilling","2233019","DNA sequence reads"
"banc-darguin-de-la-hoz-schilling-2021:occurrence:87a71413d153fedc7dcd37480a918d15","Rhizoprionodon acutus","urn:lsid:marinespecies.org:taxname:105802","2020-11-01","Mauritania","Nouadhibou Processing Site",21.071735,-16.993395,"present","MaterialSample",25901,"DNA sequence reads","","Carolina de la Hoz Schilling","2233019","DNA sequence reads"
"banc-darguin-de-la-hoz-schilling-2021:occurrence:850745a9aba6d51e4b7d8a9c67b9dc39","Squalus acanthias","urn:lsid:marinespecies.org:taxname:105923","2020-11-01","Mauritania","Nouadhibou Processing Site",21.071735,-16.993395,"present","MaterialSample",11,"DNA sequence reads","","Carolina de la Hoz Schilling","2233019","DNA sequence reads"
"banc-darguin-de-la-hoz-schilling-2021:occurrence:412bdf988fb26a8ec2b0ecf3ed9d0067","Taeniura grabata","urn:lsid:marinespecies.org:taxname:105855","2020-11-01","Mauritania","Nouadhibou Processing Site",21.071735,-16.993395,"present","MaterialSample",82,"DNA sequence reads","","Carolina de la Hoz Schilling","2233019","DNA sequence reads"
"banc-darguin-de-la-hoz-schilling-2021:occurrence:744d78210869f27581e43a332ca89e2d","Zanobatus schoenleinii","urn:lsid:marinespecies.org:taxname:283210","2020-11-01","Mauritania","Nouadhibou Processing Site",21.071735,-16.993395,"present","MaterialSample",6,"DNA sequence reads","","Carolina de la Hoz Schilling","2233019","DNA sequence reads"
"banc-darguin-de-la-hoz-schilling-2021:occurrence:0b8f3d8da1f36c0ebd0804b08537db4b","Galeocerdo cuvier","urn:lsid:marinespecies.org:taxname:105799","2020-11-01","Mauritania","Nouadhibou Processing Site",21.071735,-16.993395,"present","MaterialSample",1,"DNA sequence reads","","Carolina de la Hoz Schilling","2233019","DNA sequence reads"
"banc-darguin-de-la-hoz-schilling-2021:occurrence:9db282aa95e5d8ae7a22eaedebf0db7a","Pseudotriakis microdon","urn:lsid:marinespecies.org:taxname:105805","2020-11-01","Mauritania","Nouadhibou Processing Site",21.071735,-16.993395,"present","MaterialSample",1,"DNA sequence reads","","Carolina de la Hoz Schilling","2233019","DNA sequence reads"
"banc-darguin-de-la-hoz-schilling-2021:occurrence:cbaf7971ffb7ac14279001ada31946ab","Sphyrna mokarran","urn:lsid:marinespecies.org:taxname:105817","2020-11-01","Mauritania","Nouadhibou Processing Site",21.071735,-16.993395,"present","MaterialSample",1,"DNA sequence reads","","Carolina de la Hoz Schilling","2233019","DNA sequence reads"
"banc-darguin-de-la-hoz-schilling-2021:occurrence:98faa0ca49b86fb0de19c923ded4335c","Sphyrna zygaena","urn:lsid:marinespecies.org:taxname:105819","2020-11-01","Mauritania","Nouadhibou Processing Site",21.071735,-16.993395,"present","MaterialSample",75,"DNA sequence reads","","Carolina de la Hoz Schilling","2233019","DNA sequence reads"
"banc-darguin-de-la-hoz-schilling-2021:occurrence:8b2b8ce26c8cb89cb791fb7edb7dc459","Torpedo marmorata","urn:lsid:marinespecies.org:taxname:271684","2020-11-01","Mauritania","Nouadhibou Processing Site",21.071735,-16.993395,"present","MaterialSample",2,"DNA sequence reads","","Carolina de la Hoz Schilling","2233019","DNA sequence reads"
"banc-darguin-de-la-hoz-schilling-2021:occurrence:1aabc0b33b2ede35bbe936bf7369ecf9","Aetomylaeus bovinus","urn:lsid:marinespecies.org:taxname:871951","2020-12-15","Mauritania","West off Tidra/Kiji",19.84629,-16.618,"present","MaterialSample",31,"DNA sequence reads","Seagrass","Carolina de la Hoz Schilling","2233019","DNA sequence reads"
"banc-darguin-de-la-hoz-schilling-2021:occurrence:056aade173ae58c745f22fe12c40cffb","Carcharhinus obscurus","urn:lsid:marinespecies.org:taxname:105796","2020-12-15","Mauritania","West off Tidra/Kiji",19.84629,-16.618,"present","MaterialSample",240,"DNA sequence reads","Seagrass","Carolina de la Hoz Schilling","2233019","DNA sequence reads"
"banc-darguin-de-la-hoz-schilling-2021:occurrence:847f32f8717e8fb597f036088690a4cf","Dasyatis pastinaca","urn:lsid:marinespecies.org:taxname:105851","2020-12-15","Mauritania","West off Tidra/Kiji",19.84629,-16.618,"present","MaterialSample",23,"DNA sequence reads","Seagrass","Carolina de la Hoz Schilling","2233019","DNA sequence reads"
"banc-darguin-de-la-hoz-schilling-2021:occurrence:c0a83791537a90671c20a8622e4cc7d5","Dasyatis marmorata","urn:lsid:marinespecies.org:taxname:271445","2020-12-15","Mauritania","West off Tidra/Kiji",19.84629,-16.618,"present","MaterialSample",100,"DNA sequence reads","Seagrass","Carolina de la Hoz Schilling","2233019","DNA sequence reads"
"banc-darguin-de-la-hoz-schilling-2021:occurrence:b7cd404b47b12d622e5b6ea9ed87d0e7","Fontitrygon","urn:lsid:marinespecies.org:taxname:1042820","2020-12-15","Mauritania","West off Tidra/Kiji",19.84629,-16.618,"present","MaterialSample",668,"DNA sequence reads","Seagrass","Carolina de la Hoz Schilling","2233019","DNA sequence reads"
"banc-darguin-de-la-hoz-schilling-2021:occurrence:a0df6d4a8f207ff8ec879a5bcd1cb532","Glaucostegus cemiculus","urn:lsid:marinespecies.org:taxname:1016062","2020-12-15","Mauritania","West off Tidra/Kiji",19.84629,-16.618,"present","MaterialSample",732,"DNA sequence reads","Seagrass","Carolina de la Hoz Schilling","2233019","DNA sequence reads"
"banc-darguin-de-la-hoz-schilling-2021:occurrence:c2b2a4403b3c0efed4b264e52aaa5531","Gymnura altavela","urn:lsid:marinespecies.org:taxname:105856","2020-12-15","Mauritania","West off Tidra/Kiji",19.84629,-16.618,"present","MaterialSample",95,"DNA sequence reads","Seagrass","Carolina de la Hoz Schilling","2233019","DNA sequence reads"
"banc-darguin-de-la-hoz-schilling-2021:occurrence:f4324dbfd480c6ed8d7b07cfd56c1284","Gymnura","urn:lsid:marinespecies.org:taxname:105754","2020-12-15","Mauritania","West off Tidra/Kiji",19.84629,-16.618,"present","MaterialSample",33,"DNA sequence reads","Seagrass","Carolina de la Hoz Schilling","2233019","DNA sequence reads"
"banc-darguin-de-la-hoz-schilling-2021:occurrence:38ae58c596651db1678dd8f3f4a10cd9","Hypanus rudis","urn:lsid:marinespecies.org:taxname:1042863","2020-12-15","Mauritania","West off Tidra/Kiji",19.84629,-16.618,"present","MaterialSample",14,"DNA sequence reads","Seagrass","Carolina de la Hoz Schilling","2233019","DNA sequence reads"
"banc-darguin-de-la-hoz-schilling-2021:occurrence:753461156da733a3a5885e26465db7d3","Leptocharias smithii","urn:lsid:marinespecies.org:taxname:105804","2020-12-15","Mauritania","West off Tidra/Kiji",19.84629,-16.618,"present","MaterialSample",673,"DNA sequence reads","Seagrass","Carolina de la Hoz Schilling","2233019","DNA sequence reads"
"banc-darguin-de-la-hoz-schilling-2021:occurrence:8c67a67c1cdaa29fff5ea5998b07a264","Mustelus punctulatus","urn:lsid:marinespecies.org:taxname:105823","2020-12-15","Mauritania","West off Tidra/Kiji",19.84629,-16.618,"present","MaterialSample",77,"DNA sequence reads","Seagrass","Carolina de la Hoz Schilling","2233019","DNA sequence reads"
"banc-darguin-de-la-hoz-schilling-2021:occurrence:cd47e9e58ff0d18fdac1947fa7ab3035","Paragaleus pectoralis","urn:lsid:marinespecies.org:taxname:105803","2020-12-15","Mauritania","West off Tidra/Kiji",19.84629,-16.618,"present","MaterialSample",2,"DNA sequence reads","Seagrass","Carolina de la Hoz Schilling","2233019","DNA sequence reads"
"banc-darguin-de-la-hoz-schilling-2021:occurrence:7f729a2cf8db1ab69f8da79a669e893c","Prionace glauca","urn:lsid:marinespecies.org:taxname:105801","2020-12-15","Mauritania","West off Tidra/Kiji",19.84629,-16.618,"present","MaterialSample",4,"DNA sequence reads","Seagrass","Carolina de la Hoz Schilling","2233019","DNA sequence reads"
"banc-darguin-de-la-hoz-schilling-2021:occurrence:8d03f03cb0563d7ee3c3628415209725","Pteroplatytrygon violacea","urn:lsid:marinespecies.org:taxname:158540","2020-12-15","Mauritania","West off Tidra/Kiji",19.84629,-16.618,"present","MaterialSample",36,"DNA sequence reads","Seagrass","Carolina de la Hoz Schilling","2233019","DNA sequence reads"
"banc-darguin-de-la-hoz-schilling-2021:occurrence:b3467c535d4179732460cb9425945717","Raja parva","urn:lsid:marinespecies.org:taxname:1006797","2020-12-15","Mauritania","West off Tidra/Kiji",19.84629,-16.618,"present","MaterialSample",61,"DNA sequence reads","Seagrass","Carolina de la Hoz Schilling","2233019","DNA sequence reads"
"banc-darguin-de-la-hoz-schilling-2021:occurrence:c263debe53e9478a7c44c27dacd59279","Raja undulata","urn:lsid:marinespecies.org:taxname:105891","2020-12-15","Mauritania","West off Tidra/Kiji",19.84629,-16.618,"present","MaterialSample",1,"DNA sequence reads","Seagrass","Carolina de la Hoz Schilling","2233019","DNA sequence reads"
"banc-darguin-de-la-hoz-schilling-2021:occurrence:b86f16c7475ca30bf0a0f61205bd0b28","Rhinobatos rhinobatos","urn:lsid:marinespecies.org:taxname:105898","2020-12-15","Mauritania","West off Tidra/Kiji",19.84629,-16.618,"present","MaterialSample",4990,"DNA sequence reads","Seagrass","Carolina de la Hoz Schilling","2233019","DNA sequence reads"
"banc-darguin-de-la-hoz-schilling-2021:occurrence:99f26bd30a3a71ce3c48edd700b9f2e9","Rhinoptera marginata","urn:lsid:marinespecies.org:taxname:105862","2020-12-15","Mauritania","West off Tidra/Kiji",19.84629,-16.618,"present","MaterialSample",3701,"DNA sequence reads","Seagrass","Carolina de la Hoz Schilling","2233019","DNA sequence reads"
"banc-darguin-de-la-hoz-schilling-2021:occurrence:b1e2682daa69c6df85ce5b9650885e27","Rhizoprionodon acutus","urn:lsid:marinespecies.org:taxname:105802","2020-12-15","Mauritania","West off Tidra/Kiji",19.84629,-16.618,"present","MaterialSample",1364,"DNA sequence reads","Seagrass","Carolina de la Hoz Schilling","2233019","DNA sequence reads"
"banc-darguin-de-la-hoz-schilling-2021:occurrence:1b47efac9841bb70a3b681d4fc1630b7","Squalus acanthias","urn:lsid:marinespecies.org:taxname:105923","2020-12-15","Mauritania","West off Tidra/Kiji",19.84629,-16.618,"present","MaterialSample",3,"DNA sequence reads","Seagrass","Carolina de la Hoz Schilling","2233019","DNA sequence reads"
"banc-darguin-de-la-hoz-schilling-2021:occurrence:4eac468349cbaeaa1b2a71f79e296183","Taeniura grabata","urn:lsid:marinespecies.org:taxname:105855","2020-12-15","Mauritania","West off Tidra/Kiji",19.84629,-16.618,"present","MaterialSample",72,"DNA sequence reads","Seagrass","Carolina de la Hoz Schilling","2233019","DNA sequence reads"
"banc-darguin-de-la-hoz-schilling-2021:occurrence:b3a0f57e474857f12b568b76e839e74d","Zanobatus schoenleinii","urn:lsid:marinespecies.org:taxname:283210","2020-12-15","Mauritania","West off Tidra/Kiji",19.84629,-16.618,"present","MaterialSample",823,"DNA sequence reads","Seagrass","Carolina de la Hoz Schilling","2233019","DNA sequence reads"
"banc-darguin-de-la-hoz-schilling-2021:occurrence:bbe62bed4438f51a6f787b1834637a9e","Aetomylaeus bovinus","urn:lsid:marinespecies.org:taxname:871951","2020-12-15","Mauritania","West off Tidra/Kiji",19.78945,-16.59858,"present","MaterialSample",388,"DNA sequence reads","Seagrass","Carolina de la Hoz Schilling","2233019","DNA sequence reads"
"banc-darguin-de-la-hoz-schilling-2021:occurrence:8a53ecc7a8df6e45f0b002bab0009308","Carcharhinus obscurus","urn:lsid:marinespecies.org:taxname:105796","2020-12-15","Mauritania","West off Tidra/Kiji",19.78945,-16.59858,"present","MaterialSample",3,"DNA sequence reads","Seagrass","Carolina de la Hoz Schilling","2233019","DNA sequence reads"
"banc-darguin-de-la-hoz-schilling-2021:occurrence:2692a5533303d01664d8ba24aeef06b4","Dasyatis pastinaca","urn:lsid:marinespecies.org:taxname:105851","2020-12-15","Mauritania","West off Tidra/Kiji",19.78945,-16.59858,"present","MaterialSample",1,"DNA sequence reads","Seagrass","Carolina de la Hoz Schilling","2233019","DNA sequence reads"
"banc-darguin-de-la-hoz-schilling-2021:occurrence:7275e59f592324a036e8cd10245ae012","Dasyatis marmorata","urn:lsid:marinespecies.org:taxname:271445","2020-12-15","Mauritania","West off Tidra/Kiji",19.78945,-16.59858,"present","MaterialSample",75,"DNA sequence reads","Seagrass","Carolina de la Hoz Schilling","2233019","DNA sequence reads"
"banc-darguin-de-la-hoz-schilling-2021:occurrence:10b46e12301d03b1bda3524f48f00545","Fontitrygon","urn:lsid:marinespecies.org:taxname:1042820","2020-12-15","Mauritania","West off Tidra/Kiji",19.78945,-16.59858,"present","MaterialSample",4,"DNA sequence reads","Seagrass","Carolina de la Hoz Schilling","2233019","DNA sequence reads"
"banc-darguin-de-la-hoz-schilling-2021:occurrence:1c013943df091a2aa24ff5ab5c51f38b","Ginglymostoma cirratum","urn:lsid:marinespecies.org:taxname:105846","2020-12-15","Mauritania","West off Tidra/Kiji",19.78945,-16.59858,"present","MaterialSample",176,"DNA sequence reads","Seagrass","Carolina de la Hoz Schilling","2233019","DNA sequence reads"
"banc-darguin-de-la-hoz-schilling-2021:occurrence:52bc7ae06aa4bbf11fa0b540d6175310","Glaucostegus cemiculus","urn:lsid:marinespecies.org:taxname:1016062","2020-12-15","Mauritania","West off Tidra/Kiji",19.78945,-16.59858,"present","MaterialSample",312,"DNA sequence reads","Seagrass","Carolina de la Hoz Schilling","2233019","DNA sequence reads"
"banc-darguin-de-la-hoz-schilling-2021:occurrence:123d70d362f3d523f555141ee4f0256f","Gymnura altavela","urn:lsid:marinespecies.org:taxname:105856","2020-12-15","Mauritania","West off Tidra/Kiji",19.78945,-16.59858,"present","MaterialSample",44,"DNA sequence reads","Seagrass","Carolina de la Hoz Schilling","2233019","DNA sequence reads"
"banc-darguin-de-la-hoz-schilling-2021:occurrence:6280e54885248af94b92286ebed485cb","Gymnura","urn:lsid:marinespecies.org:taxname:105754","2020-12-15","Mauritania","West off Tidra/Kiji",19.78945,-16.59858,"present","MaterialSample",10,"DNA sequence reads","Seagrass","Carolina de la Hoz Schilling","2233019","DNA sequence reads"
"banc-darguin-de-la-hoz-schilling-2021:occurrence:e9d017744b9065ef6cddca65e53bf226","Hypanus rudis","urn:lsid:marinespecies.org:taxname:1042863","2020-12-15","Mauritania","West off Tidra/Kiji",19.78945,-16.59858,"present","MaterialSample",71,"DNA sequence reads","Seagrass","Carolina de la Hoz Schilling","2233019","DNA sequence reads"
"banc-darguin-de-la-hoz-schilling-2021:occurrence:cb86a0a743419a5694ac02a845543ec2","Isurus oxyrinchus","urn:lsid:marinespecies.org:taxname:105839","2020-12-15","Mauritania","West off Tidra/Kiji",19.78945,-16.59858,"present","MaterialSample",1,"DNA sequence reads","Seagrass","Carolina de la Hoz Schilling","2233019","DNA sequence reads"
"banc-darguin-de-la-hoz-schilling-2021:occurrence:9786254aa9af90ad16c08664e728e84f","Leptocharias smithii","urn:lsid:marinespecies.org:taxname:105804","2020-12-15","Mauritania","West off Tidra/Kiji",19.78945,-16.59858,"present","MaterialSample",1,"DNA sequence reads","Seagrass","Carolina de la Hoz Schilling","2233019","DNA sequence reads"
"banc-darguin-de-la-hoz-schilling-2021:occurrence:c6e15d0dc8f05249c0ba310a108a376d","Mustelus punctulatus","urn:lsid:marinespecies.org:taxname:105823","2020-12-15","Mauritania","West off Tidra/Kiji",19.78945,-16.59858,"present","MaterialSample",2,"DNA sequence reads","Seagrass","Carolina de la Hoz Schilling","2233019","DNA sequence reads"
"banc-darguin-de-la-hoz-schilling-2021:occurrence:06eaf3691a059fda612aaf52f6702391","Prionace glauca","urn:lsid:marinespecies.org:taxname:105801","2020-12-15","Mauritania","West off Tidra/Kiji",19.78945,-16.59858,"present","MaterialSample",5,"DNA sequence reads","Seagrass","Carolina de la Hoz Schilling","2233019","DNA sequence reads"
"banc-darguin-de-la-hoz-schilling-2021:occurrence:066002e10567cabfc7aca4a92d4bf816","Rhinobatos rhinobatos","urn:lsid:marinespecies.org:taxname:105898","2020-12-15","Mauritania","West off Tidra/Kiji",19.78945,-16.59858,"present","MaterialSample",31,"DNA sequence reads","Seagrass","Carolina de la Hoz Schilling","2233019","DNA sequence reads"
"banc-darguin-de-la-hoz-schilling-2021:occurrence:b9eef1e6a5de22b029ea5d72cf356e9c","Rhinoptera marginata","urn:lsid:marinespecies.org:taxname:105862","2020-12-15","Mauritania","West off Tidra/Kiji",19.78945,-16.59858,"present","MaterialSample",6805,"DNA sequence reads","Seagrass","Carolina de la Hoz Schilling","2233019","DNA sequence reads"
"banc-darguin-de-la-hoz-schilling-2021:occurrence:0ed2edf91de4f03062d2deb24ccb67c7","Rhizoprionodon acutus","urn:lsid:marinespecies.org:taxname:105802","2020-12-15","Mauritania","West off Tidra/Kiji",19.78945,-16.59858,"present","MaterialSample",147,"DNA sequence reads","Seagrass","Carolina de la Hoz Schilling","2233019","DNA sequence reads"
"banc-darguin-de-la-hoz-schilling-2021:occurrence:5d8c3f3503bc2cb7d3e546fb9df27520","Scyliorhinus canicula","urn:lsid:marinespecies.org:taxname:105814","2020-12-15","Mauritania","West off Tidra/Kiji",19.78945,-16.59858,"present","MaterialSample",38,"DNA sequence reads","Seagrass","Carolina de la Hoz Schilling","2233019","DNA sequence reads"
"banc-darguin-de-la-hoz-schilling-2021:occurrence:aa0b90861c7d824b5611b94e3210692e","Squalus acanthias","urn:lsid:marinespecies.org:taxname:105923","2020-12-15","Mauritania","West off Tidra/Kiji",19.78945,-16.59858,"present","MaterialSample",50,"DNA sequence reads","Seagrass","Carolina de la Hoz Schilling","2233019","DNA sequence reads"
"banc-darguin-de-la-hoz-schilling-2021:occurrence:9d2b3ee111302d08bf0a2eabe25b7baf","Taeniura grabata","urn:lsid:marinespecies.org:taxname:105855","2020-12-15","Mauritania","West off Tidra/Kiji",19.78945,-16.59858,"present","MaterialSample",218,"DNA sequence reads","Seagrass","Carolina de la Hoz Schilling","2233019","DNA sequence reads"
"banc-darguin-de-la-hoz-schilling-2021:occurrence:8f955fc0ffcb0a635be4c61b8b09be36","Zanobatus schoenleinii","urn:lsid:marinespecies.org:taxname:283210","2020-12-15","Mauritania","West off Tidra/Kiji",19.78945,-16.59858,"present","MaterialSample",4,"DNA sequence reads","Seagrass","Carolina de la Hoz Schilling","2233019","DNA sequence reads"
