"occurrenceID","scientificName","scientificNameID","eventDate","country","locality","fieldNumber","decimalLatitude","decimalLongitude","coordinateUncertaintyInMeters","geodeticDatum","occurrenceStatus","basisOfRecord"
"brazilian-islands-batista-2012:occurrence:0edd192870ac7a77b7426a1cc7a946d7","Menephorus dubius",,"2008-12-01/2010-12-31","Brazil","Ancoras","A",-3.8746674,-33.8037568,50,"WGS84","present","HumanObservation"
"brazilian-islands-batista-2012:occurrence:e5447d0e3b56113f7e8d55caf133f7b7","Menephorus dubius",,"2008-12-01/2010-12-31","Brazil","Cemiterio","C",-3.8668368,-33.817233,100,"WGS84","present","HumanObservation"
"brazilian-islands-batista-2012:occurrence:13e86c8909ea6f9a66e441cb2fbf4fca","Menephorus dubius",,"2008-12-01/2010-12-31","Brazil","Barreta Falsa","BF",-3.8604327,-33.8190278,50,"WGS84","present","HumanObservation"
"brazilian-islands-batista-2012:occurrence:3ef7f7b2fd50a998017d51555e008cbf","Menephorus dubius",,"2008-12-01/2010-12-31","Brazil","Rocas","R",-3.8685365,-33.7919841,100,"WGS84","present","HumanObservation"
"brazilian-islands-batista-2012:occurrence:dc3d724c6f3ea85b9caa44294f613fc6","Chaetodon striatus","urn:lsid:marinespecies.org:taxname:159663","2008-12-01/2010-12-31","Brazil","Ancoras","A",-3.8746674,-33.8037568,50,"WGS84","present","HumanObservation"
"brazilian-islands-batista-2012:occurrence:6556423ba0f08c7eb48a841bba368062","Centropyge aurantonotus","urn:lsid:marinespecies.org:taxname:278829","2008-12-01/2010-12-31","Brazil","Barretinha","B",-3.859765,-33.818176,50,"WGS84","present","HumanObservation"
"brazilian-islands-batista-2012:occurrence:7dbfd9d92cb367a754c8b48a60b1f87e","Xyrichthys novacula","urn:lsid:marinespecies.org:taxname:402427","2008-12-01/2010-12-31","Brazil","Tartarugas","T",-3.8727553,-33.8093237,50,"WGS84","present","HumanObservation"
"brazilian-islands-batista-2012:occurrence:fe4a75b72a53ea362c21fa258972898b","Labrisomus conditus","urn:lsid:marinespecies.org:taxname:398619","2008-12-01/2010-12-31","Brazil","Barreta Falsa","BF",-3.8604327,-33.8190278,50,"WGS84","present","HumanObservation"
"brazilian-islands-batista-2012:occurrence:29e96e178178c4c2b4a6e401235f7d69","Labrisomus conditus","urn:lsid:marinespecies.org:taxname:398619","2008-12-01/2010-12-31","Brazil","Mapas","M",-3.869447,-33.8181456,50,"WGS84","present","HumanObservation"
"brazilian-islands-batista-2012:occurrence:93ee5e6c94eb568366ebf6c19f07b13f","Ctenogobius saepepallens","urn:lsid:marinespecies.org:taxname:276488","2008-12-01/2010-12-31","Brazil","Cemiterio","C",-3.8668368,-33.817233,100,"WGS84","present","HumanObservation"
"brazilian-islands-batista-2012:occurrence:4a18865c70ee36ce441fa5f7c25a9b6a","Ctenogobius saepepallens","urn:lsid:marinespecies.org:taxname:276488","2008-12-01/2010-12-31","Brazil","Donzelinha","D",-3.8628305,-33.8179327,50,"WGS84","present","HumanObservation"
"brazilian-islands-batista-2012:occurrence:0082c9ae08318ceec666bf5a0ac8affd","Elacatinus phthirophagus","urn:lsid:marinespecies.org:taxname:398635","2008-12-01/2010-12-31","Brazil","Ancoras","A",-3.8746674,-33.8037568,50,"WGS84","present","HumanObservation"
"brazilian-islands-batista-2012:occurrence:494961efaec019befd74ad85c207d17c","Elacatinus phthirophagus","urn:lsid:marinespecies.org:taxname:398635","2008-12-01/2010-12-31","Brazil","Abrolhos","AB",-3.8736051,-33.8049736,50,"WGS84","present","HumanObservation"
"brazilian-islands-batista-2012:occurrence:ac5bd88f2eea4d16d8d0950436269db3","Elacatinus phthirophagus","urn:lsid:marinespecies.org:taxname:398635","2008-12-01/2010-12-31","Brazil","Mapas","M",-3.869447,-33.8181456,50,"WGS84","present","HumanObservation"
"brazilian-islands-batista-2012:occurrence:b69997c0bb972d27ce0efd4e83b941fa","Elacatinus phthirophagus","urn:lsid:marinespecies.org:taxname:398635","2008-12-01/2010-12-31","Brazil","Cemiterio","C",-3.8668368,-33.817233,100,"WGS84","present","HumanObservation"
"brazilian-islands-batista-2012:occurrence:c7d3b1be92defce270a0b276804e4210","Elacatinus phthirophagus","urn:lsid:marinespecies.org:taxname:398635","2008-12-01/2010-12-31","Brazil","Donzelinha","D",-3.8628305,-33.8179327,50,"WGS84","present","HumanObservation"
"brazilian-islands-batista-2012:occurrence:5edf8171fd1f2a47749e0c48224b26d0","Elacatinus phthirophagus","urn:lsid:marinespecies.org:taxname:398635","2008-12-01/2010-12-31","Brazil","Garoupinha","G",-3.862011,-33.8188453,50,"WGS84","present","HumanObservation"
"brazilian-islands-batista-2012:occurrence:8e3d65e192cb0092048d91448b748ec6","Elacatinus phthirophagus","urn:lsid:marinespecies.org:taxname:398635","2008-12-01/2010-12-31","Brazil","Rocas","R",-3.8685365,-33.7919841,100,"WGS84","present","HumanObservation"
