"occurrenceID","scientificName","scientificNameID","eventDate","country","locality","decimalLatitude","decimalLongitude","coordinateUncertaintyInMeters","footprintWKT","geodeticDatum","occurrenceStatus","basisOfRecord"
"tubbataha-murray-2019:occurrence:028a8f5eba1fd5dad95bdd84361c64a0","Carcharhinus amblyrhynchos","urn:lsid:marinespecies.org:taxname:217337","","Philippines","Tubbataha Reefs Natural Park",8.90034993218769,119.880261437599,23832.0478234823,"POLYGON ((119.763 8.71917, 119.845 8.6925, 120.056 8.89139, 120.053 8.96917, 119.806 9.10139, 119.769 9.08111, 119.763 8.71917))","WGS84","present","HumanObservation"
"tubbataha-murray-2019:occurrence:eb7a4d8523127a635a17455954f4fd74","Triaenodon obesus","urn:lsid:marinespecies.org:taxname:214557","","Philippines","Tubbataha Reefs Natural Park",8.90034993218769,119.880261437599,23832.0478234823,"POLYGON ((119.763 8.71917, 119.845 8.6925, 120.056 8.89139, 120.053 8.96917, 119.806 9.10139, 119.769 9.08111, 119.763 8.71917))","WGS84","present","HumanObservation"
"tubbataha-murray-2019:occurrence:642ec8ff6b19ac471fcc1aea813ded49","Galeocerdo cuvier","urn:lsid:marinespecies.org:taxname:105799","","Philippines","Tubbataha Reefs Natural Park",8.90034993218769,119.880261437599,23832.0478234823,"POLYGON ((119.763 8.71917, 119.845 8.6925, 120.056 8.89139, 120.053 8.96917, 119.806 9.10139, 119.769 9.08111, 119.763 8.71917))","WGS84","present","HumanObservation"
"tubbataha-murray-2019:occurrence:7a3f66bd2781bf6c67d5b0ac9b2bb03f","Carcharhinus melanopterus","urn:lsid:marinespecies.org:taxname:105795","","Philippines","Tubbataha Reefs Natural Park",8.90034993218769,119.880261437599,23832.0478234823,"POLYGON ((119.763 8.71917, 119.845 8.6925, 120.056 8.89139, 120.053 8.96917, 119.806 9.10139, 119.769 9.08111, 119.763 8.71917))","WGS84","present","HumanObservation"
"tubbataha-murray-2019:occurrence:e06b390a002c8e75f366de3246ec7f5d","Sphyrna lewini","urn:lsid:marinespecies.org:taxname:105816","","Philippines","Tubbataha Reefs Natural Park",8.90034993218769,119.880261437599,23832.0478234823,"POLYGON ((119.763 8.71917, 119.845 8.6925, 120.056 8.89139, 120.053 8.96917, 119.806 9.10139, 119.769 9.08111, 119.763 8.71917))","WGS84","present","HumanObservation"
"tubbataha-murray-2019:occurrence:35cb03d77573b196cdf19253a18bd824","Nebrius ferrugineus","urn:lsid:marinespecies.org:taxname:220030","","Philippines","Tubbataha Reefs Natural Park",8.90034993218769,119.880261437599,23832.0478234823,"POLYGON ((119.763 8.71917, 119.845 8.6925, 120.056 8.89139, 120.053 8.96917, 119.806 9.10139, 119.769 9.08111, 119.763 8.71917))","WGS84","present","HumanObservation"
"tubbataha-murray-2019:occurrence:1c331fe10b26636c087894bdd58c0d66","Alopias","urn:lsid:marinespecies.org:taxname:105740","","Philippines","Tubbataha Reefs Natural Park",8.90034993218769,119.880261437599,23832.0478234823,"POLYGON ((119.763 8.71917, 119.845 8.6925, 120.056 8.89139, 120.053 8.96917, 119.806 9.10139, 119.769 9.08111, 119.763 8.71917))","WGS84","present","HumanObservation"
"tubbataha-murray-2019:occurrence:b3f1b2e94e9316b1c9ea364380cb8b61","Carcharhinus falciformis","urn:lsid:marinespecies.org:taxname:105789","","Philippines","Tubbataha Reefs Natural Park",8.90034993218769,119.880261437599,23832.0478234823,"POLYGON ((119.763 8.71917, 119.845 8.6925, 120.056 8.89139, 120.053 8.96917, 119.806 9.10139, 119.769 9.08111, 119.763 8.71917))","WGS84","present","HumanObservation"
"tubbataha-murray-2019:occurrence:a0adfce67eade60e45efc6265a862677","Rhincodon typus","urn:lsid:marinespecies.org:taxname:105847","","Philippines","Tubbataha Reefs Natural Park",8.90034993218769,119.880261437599,23832.0478234823,"POLYGON ((119.763 8.71917, 119.845 8.6925, 120.056 8.89139, 120.053 8.96917, 119.806 9.10139, 119.769 9.08111, 119.763 8.71917))","WGS84","present","HumanObservation"
"tubbataha-murray-2019:occurrence:59fd4400bdd447023e61c1900ec50534","Carcharhinus albimarginatus","urn:lsid:marinespecies.org:taxname:217352","","Philippines","Tubbataha Reefs Natural Park",8.90034993218769,119.880261437599,23832.0478234823,"POLYGON ((119.763 8.71917, 119.845 8.6925, 120.056 8.89139, 120.053 8.96917, 119.806 9.10139, 119.769 9.08111, 119.763 8.71917))","WGS84","present","HumanObservation"
"tubbataha-murray-2019:occurrence:50ef4cfddd93d42d861e3d4e0d7e4dcc","Aetobatus","urn:lsid:marinespecies.org:taxname:205558","","Philippines","Tubbataha Reefs Natural Park",8.90034993218769,119.880261437599,23832.0478234823,"POLYGON ((119.763 8.71917, 119.845 8.6925, 120.056 8.89139, 120.053 8.96917, 119.806 9.10139, 119.769 9.08111, 119.763 8.71917))","WGS84","present","HumanObservation"
"tubbataha-murray-2019:occurrence:ff4b453ce4cf1ccc1ff62b60add060ed","Taeniurops meyeni","urn:lsid:marinespecies.org:taxname:712972","","Philippines","Tubbataha Reefs Natural Park",8.90034993218769,119.880261437599,23832.0478234823,"POLYGON ((119.763 8.71917, 119.845 8.6925, 120.056 8.89139, 120.053 8.96917, 119.806 9.10139, 119.769 9.08111, 119.763 8.71917))","WGS84","present","HumanObservation"
"tubbataha-murray-2019:occurrence:38defd230c6164becfb96b782cc53a75","Mobula","urn:lsid:marinespecies.org:taxname:105756","","Philippines","Tubbataha Reefs Natural Park",8.90034993218769,119.880261437599,23832.0478234823,"POLYGON ((119.763 8.71917, 119.845 8.6925, 120.056 8.89139, 120.053 8.96917, 119.806 9.10139, 119.769 9.08111, 119.763 8.71917))","WGS84","present","HumanObservation"
"tubbataha-murray-2019:occurrence:615328d3755d21beb08dcbf2f7176bc0","Taeniura lymma","urn:lsid:marinespecies.org:taxname:217422","","Philippines","Tubbataha Reefs Natural Park",8.90034993218769,119.880261437599,23832.0478234823,"POLYGON ((119.763 8.71917, 119.845 8.6925, 120.056 8.89139, 120.053 8.96917, 119.806 9.10139, 119.769 9.08111, 119.763 8.71917))","WGS84","present","HumanObservation"
